Name,ImageName,PageURL,Characters,Control,Cost,Flavor Text,Game Text,INFO,Numbers,Printing,Rarity,Subtype,Traits,Type
1 Energy,1Energy-DCOP_cb20200409122111.jpg,https://cardguide.fandom.com/wiki/1_Energy_(DCOP),Bane,,,,,,,Normal,Common,,,Power
2 Fighting,2Fighting-DCOP_cb20200405140125.jpg,https://cardguide.fandom.com/wiki/2_Fighting_(DCOP),Eradicator,,,,,,,Normal,Common,,,Power
2 MultiPower,2MultiPower-DCOP_cb20200405141342.jpg,https://cardguide.fandom.com/wiki/2_MultiPower_(DCOP),Lex Luthor,,,,,,,Normal,Rare,,,Power
2 Energy,2Energy-DCOP_cb20200405135440.jpg,https://cardguide.fandom.com/wiki/2_Energy_(DCOP),Nightwing,,,,,,,Normal,Common,,,Power
1 Intellect,1Intellect-DCOP_cb20200409121224.jpg,https://cardguide.fandom.com/wiki/1_Intellect_(DCOP),Killer Croc,,,,,,,Normal,Common,,,Power
1 Strength,1Strength-DCOP_cb20200405134959.jpg,https://cardguide.fandom.com/wiki/1_Strength_(DCOP),The Penguin,,,,,,,Normal,Common,,,Power
1 MultiPower,1MultiPower-DCOP_cb20200409120135.jpg,https://cardguide.fandom.com/wiki/1_MultiPower_(DCOP),The Joker,,,,,,,Normal,Common,,,Power
1 Fighting,1Fighting-DCOP_cb20200409121730.jpg,https://cardguide.fandom.com/wiki/1_Fighting_(DCOP),Parasite,,,,,,,Normal,Common,,,Power
2 Strength,2Strength-DCOP_cb20200405141848.jpg,https://cardguide.fandom.com/wiki/2_Strength_(DCOP),"unknown, Robin",,,,,,,Normal,Common,,,Power
2 Intellect,2Intellect-DCOP_cb20200405140734.jpg,https://cardguide.fandom.com/wiki/2_Intellect_(DCOP),Knockout,,,,,,,Normal,Common,,,Power
3 MultiPower,3MultiPower-DCOP_cb20200405151843.jpg,https://cardguide.fandom.com/wiki/3_MultiPower_(DCOP),"Batman, 3 unknowns",,,,,,,Normal,Very Rare,,,Power
3 Intellect,3Intellect-DCOP_cb20200405151540.jpg,https://cardguide.fandom.com/wiki/3_Intellect_(DCOP),Hazard,,,,,,,Normal,Common,,,Power
3 Fighting,3Fighting-DCOP_cb20200405151231.jpg,https://cardguide.fandom.com/wiki/3_Fighting_(DCOP),"unknown, Steel",,,,,,,Normal,Common,,,Power
4 Intellect,4Intellect-DCOP_cb20200407084425.jpg,https://cardguide.fandom.com/wiki/4_Intellect_(DCOP),Ra's al Ghul,,,,,,,Normal,Common,,,Power
4 Energy,4Energy-DCOP_cb20200406184105.jpg,https://cardguide.fandom.com/wiki/4_Energy_(DCOP),Poison Ivy,,,,,,,Normal,Common,,,Power
3 Energy,3Energy-DCOP_cb20200405150920.jpg,https://cardguide.fandom.com/wiki/3_Energy_(DCOP),Catwoman,,,,,,,Normal,Common,,,Power
4 Strength,4Strength-DCOP_cb20200407085350.jpg,https://cardguide.fandom.com/wiki/4_Strength_(DCOP),Supergirl,,,,,,,Normal,Common,,,Power
5 Energy Fighting +3,FandomFireLogo_cb20210713142711.png,https://cardguide.fandom.com/wiki/5_Energy_Intellect_%2B3_(DCOP),Doomsday,,,,-,,Cost/Effect: 5 Energy or less to use +3 Energyor 5 Intellect or less to use +3 Intellect,Normal,Common,Training,,Universe
5 Energy,5Energy-DCOP_cb20200407091140.jpg,https://cardguide.fandom.com/wiki/5_Energy_(DCOP),Metallo,,,,,,,Normal,Uncommon,,,Power
4 MultiPower,4MultiPower-DCOP_cb20200407084807.jpg,https://cardguide.fandom.com/wiki/4_MultiPower_(DCOP),Superman,,,,,,,Normal,Very Rare,,,Power
5 Energy Intellect +4,FandomFireLogo_cb20210713142711.png,https://cardguide.fandom.com/wiki/5_Energy_Intellect_%2B4_(DCOP),Killer Croc,,,,-,,Cost/Effect: 5 Energy or less to use +4 Energyor 5 Intellect or less to use +4 Intellect,Normal,Uncommon,Training,,Universe
5 Fighting Energy +3,FandomFireLogo_cb20210713142711.png,https://cardguide.fandom.com/wiki/5_Fighting_Energy_%2B3_(DCOP),Steel,,,,-,,Cost/Effect: 5 Figthing or less to use +3 Fightingor 5 Energy or less to use +3 Energy,Normal,Common,Training,,Universe
5 Fighting Energy +4,FandomFireLogo_cb20210713142711.png,https://cardguide.fandom.com/wiki/5_Fighting_Energy_%2B4_(DCOP),The Joker,,,,-,,Cost/Effect: 5 Fighting or less to use +4 Fightingor 5 Energy or less to use +4 Energy,Normal,Uncommon,Training,,Universe
4 Fighting,4Fighting-DCOP_cb20200406184514.jpg,https://cardguide.fandom.com/wiki/4_Fighting_(DCOP),"The Riddler, unknown",,,,,,,Normal,Common,,,Power
3 Strength,3Strength-DCOP_cb20200405182807.jpg,https://cardguide.fandom.com/wiki/3_Strength_(DCOP),"Huntress, 1 unknown",,,,,,,Normal,Common,,,Power
5 Fighting Intellect +4,FandomFireLogo_cb20210713142711.png,https://cardguide.fandom.com/wiki/5_Fighting_Intellect_%2B4_(DCOP),Superman,,,,-,,Cost/Effect: 5 Fighting or less to use +4 Fightingor 5 Intellect or less to use +4 Intellect,Normal,Uncommon,Training,,Universe
5 Fighting,5Fighting-DCOP_cb20200407091617.jpg,https://cardguide.fandom.com/wiki/5_Fighting_(DCOP),unknowns,,,,,,,Normal,Uncommon,,,Power
5 Fighting Intellect +3,FandomFireLogo_cb20210713142711.png,https://cardguide.fandom.com/wiki/5_Fighting_Intellect_%2B3_(DCOP),Superman,,,,-,,Cost/Effect: 5 Fighting or less to use +3 Fightingor 5 Intellect or less to use +3 Intellect,Normal,Common,Training,,Universe
5 Strength Energy +3,FandomFireLogo_cb20210713142711.png,https://cardguide.fandom.com/wiki/5_Strength_Energy_%2B3_(DCOP),Batman,,,,-,,Cost/Effect: 5 Strength or less to use +3 Strengthor 5 Energy or less to use +3 Energy,Normal,Common,Training,,Universe
5 Strength Fighting +4,FandomFireLogo_cb20210713142711.png,https://cardguide.fandom.com/wiki/5_Strength_Fighting_%2B4_(DCOP),Brainiac,,,,-,,Cost/Effect: 5 Strength or less to use +4 Strengthor 5 Fighting or less to use +4 Fighting,Normal,Uncommon,Training,,Universe
5 Strength Fighting +3,FandomFireLogo_cb20210713142711.png,https://cardguide.fandom.com/wiki/5_Strength_Fighting_%2B3_(DCOP),The Riddler,,,,-,,Cost/Effect: 5 Strength or less to use +3 Strengthor 5 Fighting or less to use +3 Fighting,Normal,Common,Training,,Universe
5 Strength Intellect +3,FandomFireLogo_cb20210713142711.png,https://cardguide.fandom.com/wiki/5_Strength_Intellect_%2B3_(DCOP),Azrael,,,,-,,Cost/Effect: 5 Strength or less to use +3 Strengthor 5 Intellect or less to use +3 Intellect,Normal,Common,Training,,Universe
5 Strength Energy +4,FandomFireLogo_cb20210713142711.png,https://cardguide.fandom.com/wiki/5_Strength_Energy_%2B4_(DCOP),Batman,,,,-,,Cost/Effect: 5 Strength or less to use +4 Strengthor 5 Energy or less to use +4 Energy,Normal,Uncommon,Training,,Universe
5 Intellect,5Intellect-DCOP_cb20200409113028.jpg,https://cardguide.fandom.com/wiki/5_Intellect_(DCOP),Two-Face,,,,,,,Normal,Uncommon,,,Power
6 Energy Intellect/Fighting +1 +2,FandomFireLogo_cb20210713142711.png,https://cardguide.fandom.com/wiki/6_Energy_Intellect/Fighting_%2B1_%2B2_(DCOP),"Steel, Superboy, Eradicator",,,,-,,Cost/Effect: 6 Energy to use acts as 6 Energy attackor +1 Intellect to 1st teammate acts as +2 Fighting to 2nd teammateor +1 Fighting to 1st teammate acts as +2 Intellect to 2nd teammate,Normal,Common,Teamwork,,Universe
5 Strength Intellect +4,FandomFireLogo_cb20210713142711.png,https://cardguide.fandom.com/wiki/5_Strength_Intellect_%2B4_(DCOP),Poison Ivy,,,,-,,Cost/Effect: 5 Strength or less to use +4 Strengthor 5 Intellect or less to use +4 Intellect,Normal,Uncommon,Training,,Universe
6 Fighting Intellect/Energy +1 +2,FandomFireLogo_cb20210713142711.png,https://cardguide.fandom.com/wiki/6_Fighting_Intellect/Energy_%2B1_%2B2_(DCOP),"Catwoman, The Joker, Poison Ivy",,,,-,,Cost/Effect: 6 Fighting to use acts as 6 Fighting attackor +1 Intellect to 1st teammate acts as +2 Energy to 2nd teammateor +1 Energy to 1st teammate acts as +2 Intellect to 2nd teammate,Normal,Uncommon,Teamwork,,Universe
6 Intellect Fighting/Strength +1 +2,FandomFireLogo_cb20210713142711.png,https://cardguide.fandom.com/wiki/6_Intellect_Fighting/Strength_%2B1_%2B2_(DCOP),"The Riddler, Two-Face, The Penguin",,,,-,,Cost/Effect: 6 Intellect to use acts as 6 Intellect attackor +1 Fighting to 1st teammate acts as +2 Strength to 2nd teammateor +1 Strength to 1st teammate acts as +2 Fighting to 2nd teammate,Normal,Uncommon,Teamwork,,Universe
6 Strength Intellect/Fighting +1 +2,FandomFireLogo_cb20210713142711.png,https://cardguide.fandom.com/wiki/6_Strength_Intellect/Fighting_%2B1_%2B2_(DCOP),"Nightwing, Robin, Supergirl",,,,-,,Cost/Effect: 6 Strength to use acts as 6 Strength attackor +1 Intellect to 1st teammate acts as +2 Fighting to 2nd teammateor +1 Fighting to 1st teammate acts as +2 Intellect to 2nd teammate,Normal,Uncommon,Teamwork,,Universe
7 Energy Intellect/Strength +2 +2,FandomFireLogo_cb20210713142711.png,https://cardguide.fandom.com/wiki/7_Energy_Intellect/Strength_%2B2_%2B2_(DCOP),"Superman, Supergirl, 2 unknowns",,,,-,,Cost/Effect: 7 Energy to use acts as 7 Energy attackor +2 Intellect to 1st teammate acts as +2 Strength to 2nd teammateor +2 Strength to 1st teammate acts as +2 Intellect to 2nd teammate,Normal,Rare,Teamwork,,Universe
6 Intellect,6Intellect-DCOP_cb20200409115726.jpg,https://cardguide.fandom.com/wiki/6_Intellect_(DCOP),The Joker,,,,,,,Normal,Uncommon,,,Power
5 Strength,5Strength-DCOP_cb20200409113442.jpg,https://cardguide.fandom.com/wiki/5_Strength_(DCOP),"Jim Gordon, 2 unknowns",,,,,,,Normal,Uncommon,,,Power
6 Strength,6Strength-DCOP_cb20200409130942.jpg,https://cardguide.fandom.com/wiki/6_Strength_(DCOP),Superboy,,,,,,,Normal,Uncommon,,,Power
7 Fighting Intellect/Strength +2 +2,FandomFireLogo_cb20210713142711.png,https://cardguide.fandom.com/wiki/7_Fighting_Intellect/Strength_%2B2_%2B2_(DCOP),"Batman, Robin, James Gordon, Harvey Bullock",,,,-,,Cost/Effect: 7 Fighting to use acts as 6 Fighting attackor +2 Intellect to 1st teammate acts as +2 Strength to 2nd teammateor +2 Strength to 1st teammate acts as +2 Intellect to 2nd teammate,Normal,Rare,Teamwork,,Universe
6 Energy,6Energy-DCOP_cb20200409114151.jpg,https://cardguide.fandom.com/wiki/6_Energy_(DCOP),Cyborg (Hank Henshaw),,,,,,,Normal,Uncommon,,,Power
7 Intellect Fighting/Energy +2 +2,FandomFireLogo_cb20210713142711.png,https://cardguide.fandom.com/wiki/7_Intellect_Fighting/Energy_%2B2_%2B2_(DCOP),"Batman, Huntress, Robin",,,,-,,Cost/Effect: 7 Intellect to use acts as 6 Intellect attackor +2 Fighting to 1st teammate acts as +2 Energy to 2nd teammateor +2 Energy to 1st teammate acts as +2 Fighting to 2nd teammate,Normal,Rare,Teamwork,,Universe
7 Energy,7Energy-DCOP_cb20200409131545.jpg,https://cardguide.fandom.com/wiki/7_Energy_(DCOP),Superman,,,,,,,Normal,Rare,,,Power
6 Fighting,6Fighting-DCOP_cb20200409114847.jpg,https://cardguide.fandom.com/wiki/6_Fighting_(DCOP),"Thorn, 1 unknown",,,,,,,Normal,Uncommon,,,Power
7 Strength Intellect/Energy +2 +2,FandomFireLogo_cb20210713142711.png,https://cardguide.fandom.com/wiki/7_Strength_Intellect/Energy_%2B2_%2B2_(DCOP),"Batman, Superman",,,,-,,Cost/Effect: 7 Strength to use acts as 6 Strength attackor +2 Intellect to 1st teammate acts as +2 Energy to 2nd teammateor +2 Energy to 1st teammate acts as +2 Intellect to 2nd teammate,Normal,Rare,Teamwork,,Universe
7 Fighting,7Fighting-DCOP_cb20200409132621.jpg,https://cardguide.fandom.com/wiki/7_Fighting_(DCOP),"Batman, 3 unknowns",,,,,,,Normal,Rare,,,Power
7 Intellect,7Intellect-DCOP_cb20200409133112.jpg,https://cardguide.fandom.com/wiki/7_Intellect_(DCOP),Batman,,,,,,,Normal,Rare,,,Power
8 Energy Fighting/Strength +2 +3,FandomFireLogo_cb20210713142711.png,https://cardguide.fandom.com/wiki/8_Energy_Fighting/Strength_%2B2_%2B3_(DCOP),"Brainiac, Hazard, Lex Luthor",,,,-,,Cost/Effect: 8 Energy to use acts as 6 Energy attackor +2 Fighting to 1st teammate acts as +3 Strength to 2nd teammateor +2 Strength to 1st teammate acts as +3 Fighting to 2nd teammate,Normal,Uncommon,Teamwork,,Universe
8 Fighting,8Fighting-DCOP_cb20200409134731.jpg,https://cardguide.fandom.com/wiki/8_Fighting_(DCOP),"Azrael, 3 unknowns",,,,,,,Normal,Very Rare,,,Power
8 Intellect Energy/Strength +2 +3,FandomFireLogo_cb20210713142711.png,https://cardguide.fandom.com/wiki/8_Intellect_Energy/Strength_%2B2_%2B3_(DCOP),"Lex Luthor, Bane, Ra's al Ghul",,,,-,,Cost/Effect: 8 Intellect to use acts as 6 Intellect attackor +2 Energy to 1st teammate acts as +3 Strength to 2nd teammateor +2 Strength to 1st teammate acts as +3 Energy to 2nd teammate,Normal,Uncommon,Teamwork,,Universe
8 Fighting Energy/Strength +2 +3,FandomFireLogo_cb20210713142711.png,https://cardguide.fandom.com/wiki/8_Fighting_Energy/Strength_%2B2_%2B3_(DCOP),"Nightwing, Azrael",,,,-,,Cost/Effect: 8 Fighting to use acts as 6 Fighting attackor +2 Energy to 1st teammate acts as +3 Strength to 2nd teammateor +2 Strength to 1st teammate acts as +3 Energy to 2nd teammate,Normal,Uncommon,Teamwork,,Universe
8 Strength Energy/Fighting +2 +3,FandomFireLogo_cb20210713142711.png,https://cardguide.fandom.com/wiki/8_Strength_Energy/Fighting_%2B2_%2B3_(DCOP),"Parasite, Cyborg (Hank Henshaw), Metallo",,,,-,,Cost/Effect: 8 Strength to use acts as 6 Strength attackor +2 Energy to 1st teammate acts as +3 Fighting to 2nd teammateor +2 Fighting to 1st teammate acts as +Energy to 2nd teammate,Normal,Uncommon,Teamwork,,Universe
8 Intellect,8Intellect-DCOP_cb20200409134315.jpg,https://cardguide.fandom.com/wiki/8_Intellect_(DCOP),Lex Luthor,,,,,,,Normal,Very Rare,,,Power
7 Strength,7Strength-DCOP_cb20200409130733.jpg,https://cardguide.fandom.com/wiki/7_Strength_(DCOP),Superman,,,,,,,Normal,Rare,,,Power
8 Strength,8Strength-DCOP_cb20200409133701.jpg,https://cardguide.fandom.com/wiki/8_Strength_(DCOP),Doomsday,,,,,,,Normal,Very Rare,,,Power
Alfred Pennyworth™,AlfredPennyworth-DCOP_cb20200327092547.jpg,https://cardguide.fandom.com/wiki/Alfred_Pennyworth_(DCOP),"Alfred Pennyworth, Robin, Batman",,,,Teammate may play one Special card.,,Cost/Effect: 6 Intellect to useActs as 1 Intellect attack,Normal,Common,"Ally, Hero",,Universe
8 Energy,8Energy-DCOP_cb20200409152253.jpg,https://cardguide.fandom.com/wiki/8_Energy_(DCOP),Brainiac,,,,,,,Normal,Very Rare,,,Power
Advance Warning,AdvanceWarning-DCOP_cb20200510182618.jpg,https://cardguide.fandom.com/wiki/Advance_Warning_(DCOP),The Joker,,,,-,,Cost/Effect: 7 Intellect to use+1 to Intellect,Normal,Common,-,,Universe
Ambush,Ambush-DCOP_cb20200513130706.jpg,https://cardguide.fandom.com/wiki/Ambush_(DCOP),Lex Luthor,,,,-,,Cost/Effect: 8 Intellect to use+2 to Intellect,Normal,Common,-,,Universe
Azrael™,Azrael-DCOP_cb20200327094111.jpg,https://cardguide.fandom.com/wiki/Azrael_(DCOP),Azrael (Jean-Paul Valley),,,,,,Energy 5Fighting 8Strength 3Intellect 3,Normal,Very Rare,Hero,"DC Comics, Male",Character
Azrael™,Azrael-DCOP-var_cb20200327094754.jpg,https://cardguide.fandom.com/wiki/Azrael_(DCOP)_(var),Azrael (Jean-Paul Valley),,,,,Error: No copyright line,Energy 5Fighting 8Strength 3Intellect 3,Normal,Very Rare,Hero,"DC Comics, Male",Character
Azrael™ - Divine Inspiration,AzraelDivineInspiration-DCOP_cb20200417092336.jpg,https://cardguide.fandom.com/wiki/Azrael_-_Divine_Inspiration_(DCOP),"Azrael, unknown",AM,,,Azrael gains +2 to defense for remainder of battle.,,Cost/Effect: -,Normal,Rare,Hero,,Special
Azrael™ - Avenging Angel,AzraelAvengingAngel-DCOP_cb20200417091359.jpg,https://cardguide.fandom.com/wiki/Azrael_-_Avenging_Angel_(DCOP),"Azrael, unknown",CS,,,"Choose 1 Universe card, excluding Teamwork or Traing, from Draw Pile and place in hand. Reshuffle Draw Pile.",,Cost/Effect: -,Normal,Uncommon,Hero,,Special
Azrael™ - Flaming Sword,AzraelFlamingSword-DCOP_cb20200417091946.jpg,https://cardguide.fandom.com/wiki/Azrael_-_Flaming_Sword_(DCOP),Azrael,AE,,,Acts as a level 4 Energy attack. May combine with 1 Strength card for a single attack.,,Cost/Effect: Energy 4,Normal,Rare,Hero,,Special
Bane™ - Enhanced Physique,BaneEnhancedPhysique-DCOP_cb20200417142438.jpg,https://cardguide.fandom.com/wiki/Bane_-_Enhanced_Physique_(DCOP),Bane (Antonio Diego),AY,,,Bane's Fighting skill increases to 8 for remainder of battle.,,Cost/Effect: -,Normal,Rare,Villain,,Special
Azrael™ - Battle Armor,AzraelBattleArmor-DCOP_cb20200417114856.jpg,https://cardguide.fandom.com/wiki/Azrael_-_Battle_Armor_(DCOP),"Azrael, 2 unknowns",AD,,,Avoid 1 Fighting or Strength attack.,,Cost/Effect: -,Normal,Common,Hero,,Special
Back Flip,BackFlip-DCOP_cb20200513125647.jpg,https://cardguide.fandom.com/wiki/Back_Flip_(DCOP),"unknown, Azrael",,,,-,,Cost/Effect: 8 Fighting to use+3 to Fighting,Normal,Uncommon,-,,Universe
Bane™,Bane-DCOP_cb20200329042350.jpg,https://cardguide.fandom.com/wiki/Bane_(DCOP),Bane (Antonio Diego),,,,,,Energy 1Fighting 6Strength 6Intellect 6,Normal,Very Rare,Villain,"DC Comics, Male",Character
Bane™ - Venom Injection,BaneVenomInjection-DCOP_cb20200417140313.jpg,https://cardguide.fandom.com/wiki/Bane_-_Venom_Injection_(DCOP),Bane,DV,,,Bane may make 1 attack at +4. May not be combined with Universe cards. One Per Deck,,Cost/Effect: -,Normal,Very Rare,Villain,,Special
Batman™,Batman-DCOP_cb20200329120436.jpg,https://cardguide.fandom.com/wiki/Batman_(DCOP),Batman (Bruce Wayne),,,,,,Energy 2Fighting 7Strength 4Intellect 7,Normal,Rare,Hero,"DC Comics, Male",Character
Bane™ - Intimidation,BaneIntimidation-DCOP_cb20200417120711.jpg,https://cardguide.fandom.com/wiki/Bane_-_Intimidation_(DCOP),"Bane, 2 unknowns",CI,,,"Play with Intellect Power card attack. If attack succeeds, add +2 to damage.",,Cost/Effect: Intellect +2,Normal,Uncommon,Villain,,Special
Azrael™ - The System,AzraelTheSystem-DCOP_cb20200417113301.jpg,https://cardguide.fandom.com/wiki/Azrael_-_The_System_(DCOP),"Azrael, 2 unknowns",DU,,,"Azrael may make 2 Power card attacks at +2 each, or 1 Power card attack at +3. Bonus not applied to damage, or Venture Total. One Per Deck",,Cost/Effect: -,Normal,Very Rare,Hero,,Special
Batman™ - Batarang,BatmanBatarang-DCOP_cb20200417143105.jpg,https://cardguide.fandom.com/wiki/Batman_-_Batarang_(DCOP),Batman,AB,,,Acts as a level 4 Fighting attack. May make 1 additional Fighting attack against a different opponent.,,Cost/Effect: Fighting 4,Normal,Uncommon,Hero,,Special
Bane™ - Feral Rage,BaneFeralRage-DCOP_cb20200417115535.jpg,https://cardguide.fandom.com/wiki/Bane_-_Feral_Rage_(DCOP),"Bane, unknown",DG,,,Acts as a level 2 Strength attack. May make 2 additional attacks.,,Cost/Effect: Strength 2,Normal,Uncommon,Villain,,Special
Batman™ - Martial Arts Expert,BatmanMartialArtsExpert-DCOP_cb20200417144232.jpg,https://cardguide.fandom.com/wiki/Batman_-_Martial_Arts_Expert_(DCOP),"Batman, 2 unknowns",BA,,,Acts as a level 3 Intellect attack. Can only be defended by a defensive Special card. One Per Deck,,Cost/Effect: Intellect 3,Normal,Very Rare,Hero,,Special
Bane™ - Vengeance of Bane,BaneVengeanceOfBane-DCOP_cb20200417122048.jpg,https://cardguide.fandom.com/wiki/Bane_-_Vengeance_of_Bane_(DCOP),"Bane, Batman",DD,,,Bane is +2 to all attacks against target character and +2 to defense from attacks made by target character for remainder of battle.,,Cost/Effect: -,Normal,Rare,Villain,,Special
Batman™ - Magnesium Flare,BatmanMagnesiumFlare-DCOP_cb20200417143517.jpg,https://cardguide.fandom.com/wiki/Batman_-_Magnesium_Flare_(DCOP),Batman,DM,,,Batman's Energy Power cards are +2 for remainder of battle.,,Cost/Effect: -,Normal,Uncommon,Hero,,Special
Batman™ - Olympic Level Athlete,BatmanOlympicLevelAthlete-DCOP_cb20200421082316.jpg,https://cardguide.fandom.com/wiki/Batman_-_Olympic_Level_Athlete_(DCOP),Batman,AD,,,Avoid any attack made with a Power card.,,Cost/Effect: -,Normal,Rare,Hero,,Special
Batman™ - Master Detective,BatmanMasterDetective-DCOP_cb20200417173436.jpg,https://cardguide.fandom.com/wiki/Batman_-_Master_Detective_(DCOP),Batman,AJ,,,Opponent must reveal any Special cards currently held in hand.,,Cost/Effect: -,Normal,Rare,Hero,,Special
Blackout,Blackout-DCOP_cb20200501120612.jpg,https://cardguide.fandom.com/wiki/Blackout_(DCOP),"2 unknowns, Robin",,,,-,,Cost/Effect: 6 Intellect to use+3 to Intellect,Normal,Uncommon,-,,Universe
Black Mask™,BlackMask-DCOP_cb20200513141533.jpg,https://cardguide.fandom.com/wiki/Black_Mask_(DCOP),"Black Mask, The Joker",,,,Teammate may play one Special card.,,Cost/Effect: 7 Strength to useActs as 2 Strength attack,Normal,Common,"Ally, Villain",,Universe
Blindside,Blindside-DCOP_cb20200501115608.jpg,https://cardguide.fandom.com/wiki/Blindside_(DCOP),"unknown, Robin",,,,-,,Cost/Effect: 6 Intellect to use+1 to Intellect,Normal,Common,-,,Universe
Bluff,Bluff-DCOP_cb20200511182540.jpg,https://cardguide.fandom.com/wiki/Bluff_(DCOP),"The Joker, unknown",,,,-,,Cost/Effect: 7 Intellect to use+3 to Intellect,Normal,Uncommon,-,,Universe
Brainiac™,Brainiac-DCOP_cb20200329121957.jpg,https://cardguide.fandom.com/wiki/Brainiac_(DCOP),Brainiac (Vril Dox),,,,,,Energy 8Fighting 1Strength 4Intellect 7,Normal,Very Rare,Villain,"DC Comics, Male",Character
Body Slam,BodySlam-DCOP_cb20200513131049.jpg,https://cardguide.fandom.com/wiki/Body_Slam_(DCOP),"Doomsday, unknown",,,,-,,Cost/Effect: 8 Strength to use+2 to Strength,Normal,Common,-,,Universe
Brainiac™ - Force Field,BrainiacForceField-DCOP_cb20200416155446.jpg,https://cardguide.fandom.com/wiki/Brainiac_-_Force_Field_(DCOP),"Brainiac, unknown",AG,,,Avoid 1 attack.,,Cost/Effect: -,Normal,Rare,Villain,,Special
Brainiac™ - Mental Control,BrainiacMentalControl-DCOP_cb20200416165650.jpg,https://cardguide.fandom.com/wiki/Brainiac_-_Mental_Control_(DCOP),"Brainiac, Supergirl",AV,,,Target character may not attack for remainder of battle. One Per Deck,,Cost/Effect: -,Normal,Very Rare,Villain,,Special
Brainiac™ - Lord of Warworld,BrainiacLordOfWarworld-DCOP_cb20200416170111.jpg,https://cardguide.fandom.com/wiki/Brainiac_-_Lord_of_Warworld_(DCOP),"Brainiac, unknown",CC,,,Acts as a level 5 Strength Power card. May be used to attack or defend. May not be combined with Universe cards.,,Cost/Effect: Strength 5,Normal,Rare,Villain,,Special
Brainiac™ - Mental Illusions,BrainiacMentalIllusions-DCOP_cb20200416164525.jpg,https://cardguide.fandom.com/wiki/Brainiac_-_Mental_Illusions_(DCOP),"Brainiac, Superman, Lois Lane",DR,,,"Opponent must draw 1 card from Draw Pile. Drawn card and duplicate of it, placed or in hand, must be discarded.",,Cost/Effect: -,Normal,Uncommon,Villain,,Special
Catwoman™ - Cat-Like Reflexes,CatwomanCatLikeReflexes-DCOP_cb20200416155829.jpg,https://cardguide.fandom.com/wiki/Catwoman_-_Cat-Like_Reflexes_(DCOP),Catwoman,CN,,,No Universe cards may be played against Catwoman for remainder of battle.,,Cost/Effect: -,Normal,Uncommon,Villain,,Special
Brainiac™ - Force of Mind,BrainiacForceOfMind-DCOP_cb20200416155138.jpg,https://cardguide.fandom.com/wiki/Brainiac_-_Force_of_Mind_(DCOP),"Brainiac, 4 unknowns",,AI,,Target hero must discard 1 placed Universe card of Brainiac's choice.,,Cost/Effect: -,Normal,Common,Villain,,Special
Catwoman™ - Cunning Thief,CatwomanCunningThief-DCOP_cb20200416163910.jpg,https://cardguide.fandom.com/wiki/Catwoman_-_Cunning_Thief_(DCOP),Catwoman,BW,,,Opponent must discard top 5 cards from Draw Pile into Dead Pile. One Per Deck,,Cost/Effect: -,Normal,Very Rare,Villain,,Special
Catwoman™ - Nine Lives,CatwomanNineLives-DCOP_cb20200416164208.jpg,https://cardguide.fandom.com/wiki/Catwoman_-_Nine_Lives_(DCOP),Catwoman,AD,,,Avoid 1 Fighting attack.,,Cost/Effect: -,Normal,Uncommon,Villain,,Special
Catwoman™ - Razor Sharp Claws,CatwomanRazorSharpClaws-DCOP_cb20200416165344.jpg,https://cardguide.fandom.com/wiki/Catwoman_-_Razor_Sharp_Claws_(DCOP),Catwoman,AP,,,Acts as a level 5 Fighting attack. Cannot be defended by a card with a Fighting icon.,,Cost/Effect: Fighting 5,Normal,Rare,Villain,,Special
Catwoman™ - Whip Strike,CatwomanWhipStrike-DCOP_cb20200416164921.jpg,https://cardguide.fandom.com/wiki/Catwoman_-_Whip_Strike_(DCOP),Catwoman,BU,,,Catwoman may combine Strength Power cards level 1 through 4 for a single attack. May be blocked as a whole or in parts.,,Cost/Effect: -,Normal,Rare,Villain,,Special
Choke Hold,ChokeHold-DCOP_cb20200511190114.jpg,https://cardguide.fandom.com/wiki/Choke_Hold_(DCOP),"Superman, unknown",,,,-,,Cost/Effect: 7 Strength to use+2 to Strength,Normal,Common,-,,Universe
Clever Escape,CleverEscape-DCOP_cb20200513130356.jpg,https://cardguide.fandom.com/wiki/Clever_Escape_(DCOP),"Lex Luthor, unknowns",,,,-,,Cost/Effect: 8 Intellect to use+1 to Intellect,Normal,Common,-,,Universe
Comm. Gordon and the G.C.P.D.™,CommGordonAndTheGCPD-DCOP_cb20200329131356.jpg,https://cardguide.fandom.com/wiki/Comm._Gordon_and_the_G.C.P.D._(DCOP),"Jim Gordon, Harvey Bullock, unknowns",,,,,,Energy 4Fighting 5Strength 5Intellect 6,Normal,Uncommon,Hero,"DC Comics, No gender",Character
Comm. Gordon & G.C.P.D.™ - Riot Gear,CommGordon_GCPDRiotGear-DCOP_cb20200417082914.jpg,https://cardguide.fandom.com/wiki/Comm._Gordon_and_the_G.C.P.D._-_Riot_Gear_(DCOP),"James Gordon, Harvey Bullock, unknowns",AH,,,No cards with an Energy icon may be played against Commissioner Gordon & G.C.P.D. for remainder of battle.,,Cost/Effect: -,Normal,Rare,Hero,,Special
Comm. Gordon & G.C.P.D.™ - SWAT Team,CommGordon_GCPDSwatTeam-DCOP_cb20200416174341.jpg,https://cardguide.fandom.com/wiki/Comm._Gordon_and_the_G.C.P.D._-_SWAT_Team_(DCOP),"James Gordon, unknowns",AQ,,,"Acts as a level 8 Energy, Fighting, Strength or Intellect attack. One Per Deck",,Cost/Effect: Energy/Strength/Fighting/Intellect 8,Normal,Very Rare,Hero,,Special
Combination Maneuver,CombinationManeuver-DCOP_cb20200501133031.jpg,https://cardguide.fandom.com/wiki/Combination_Maneuver_(DCOP),"Bane, 2 unknowns",,,,-,,Cost/Effect: 6 Strength to use+3 to Strength,Normal,Uncommon,-,,Universe
Catwoman™,Catwoman-DCOP_cb20200329122531.jpg,https://cardguide.fandom.com/wiki/Catwoman_(DCOP),Catwoman (Selina Kyle),,,,,,Energy 3Fighting 6Strength 2Intellect 6,Normal,Rare,Villain,"DC Comics, Female",Character
Cyborg™ - Cold-Blooded Killer,Cyborg-ColdBloodedKiller-DCOP_cb20200416181641.jpg,https://cardguide.fandom.com/wiki/Cyborg_-_Cold-Blooded_Killer_(DCOP),Cyborg (Hank Henshaw),AE,,,Acts as a level 4 Fighting attack. May combine with 1 Intellect card for a single attack.,,Cost/Effect: Fighting 4,Normal,Rare,Villain,,Special
Comm. Gordon & G.C.P.D.™ - Reinforcements,CommGordon_GCPDReinforcements-DCOP_cb20200416175552.jpg,https://cardguide.fandom.com/wiki/Comm._Gordon_and_the_G.C.P.D._-_Reinforcements_(DCOP),"James Gordon, 2 unknowns",DE,,,Play where teammate is wounded. Teammate gains +2 to all attacks for remainder of battle.,,Cost/Effect: -,Normal,Uncommon,Hero,,Special
Cyborg™,Cyborg-DCOP_cb20200329133104.jpg,https://cardguide.fandom.com/wiki/Cyborg_(DCOP),Cyborg (Hank Henshaw),,,,,,Energy 6Fighting 3Strength 7Intellect 4,Normal,Rare,Villain,,Character
Cyborg™ - Doom from Above,CyborgDoomFromAbove-DCOP_cb20200417081505.jpg,https://cardguide.fandom.com/wiki/Cyborg_-_Doom_from_Above_(DCOP),Cyborg (Hank Henshaw),AM,,,Cyborg gains a +2 to all actions for remainder of battle. One Per Deck,,Cost/Effect: -,Normal,Very Rare,Villain,,Special
Comm. Gordon & G.C.P.D.™ - Sting Operation,CommGordon_GCPDStingOperation-DCOP_cb20200416173109.jpg,https://cardguide.fandom.com/wiki/Comm._Gordon_and_the_G.C.P.D._-_Sting_Operation_(DCOP),"James Gordon, 3 unknowns",BY,,,Opponent must immediately discard all cards with an Intellect icon currently held in hand. One Per Deck,,Cost/Effect: -,Normal,Very Rare,Hero,,Special
Crippling Blow,CripplingBlow-DCOP_cb20200513131533.jpg,https://cardguide.fandom.com/wiki/Crippling_Blow_(DCOP),"Doomsday, unknown",,,,-,,Cost/Effect: 8 Strength to use+3 to Strength,Normal,Uncommon,-,,Universe
Comm. Gordon & G.C.P.D.™ - Tear Gas Guns,CommGordon_GCPDTearGasGuns-DCOP_cb20200416175157.jpg,https://cardguide.fandom.com/wiki/Comm._Gordon_and_the_G.C.P.D._-_Tear_Gas_Guns_(DCOP),"James Gordon, unknowns",CM,,,Opponent's characters are -1 to all action for remainder of battle.,,Cost/Effect: -,Normal,Rare,Hero,,Special
Cyborg™ - Laser Vision,CyborgLaserVision-DCOP_cb20200417082255.jpg,https://cardguide.fandom.com/wiki/Cyborg_-_Laser_Vision_(DCOP),Cyborg (Hank Henshaw),AR,,,Acts as a level 4 Energy attack.,,Cost/Effect: Energy 4,Normal,Uncommon,Villain,,Special
Cyborg™ - Mechanical Metamorph,CyborgMechanicalMetamorph-DCOP_cb20200417083940.jpg,https://cardguide.fandom.com/wiki/Cyborg_-_Mechanical_Metamorph_(DCOP),Cyborg (Hank Henshaw),DF,,,Reshuffle Power Pack into Draw Pile. One Per Deck,,Cost/Effect: -,Normal,Very Rare,Villain,,Special
Cyborg™ - Regeneration,CyborgRegeneration-DCOP_cb20200417083710.jpg,https://cardguide.fandom.com/wiki/Cyborg_-_Regeneration_(DCOP),Cyborg (Hank Henshaw),AL,,,Remove 1 hit from Cyborg's Permanent Record.,,Cost/Effect: -,Normal,Rare,Villain,,Special
Dodge,Dodge-DCOP_cb20200501113544.jpg,https://cardguide.fandom.com/wiki/Dodge_(DCOP),Catwoman,,,,-,,Cost/Effect: 6 Fighting to use+1 to Fighting,Normal,Common,-,,Universe
Diversion,Diversion-DCOP_cb20200501120053.jpg,https://cardguide.fandom.com/wiki/Diversion_(DCOP),"unknown, Robin",,,,-,,Cost/Effect: 6 Intellect to use+2 to Intellect,Normal,Common,-,,Universe
Doomsday™,Doomsday-DCOP_cb20200329140333.jpg,https://cardguide.fandom.com/wiki/Doomsday_(DCOP),Doomsday,,,,,,Energy 4Fighting 6Strength 8Intellect 1,Normal,Very Rare,Villain,,Character
Doomsday™ - Tough Hide,DoomsdayToughHide-DCOP_cb20200417090954.jpg,https://cardguide.fandom.com/wiki/Doomsday_-_Tough_Hide_(DCOP),Doomsday,AD,,,Avoid 1 Strength or Energy attack.,,Cost/Effect: -,Normal,Common,Villain,,Special
Doomsday™ - Out for Blood,DoomsdayOutForBlood-DCOP_cb20200417085117.jpg,https://cardguide.fandom.com/wiki/Doomsday_-_Out_for_Blood_(DCOP),Doomsday,DK,,,Play when Doomsday is wounded. Doomsday gains a +2 to all attacks for remainder of battle.,,Cost/Effect: -,Normal,Uncommon,Villain,,Special
Doomsday™ - Bony Protrusions,DoomsdayBonyProtrusions-DCOP_cb20200417084430.jpg,https://cardguide.fandom.com/wiki/Doomsday_-_Bony_Protrusions_(DCOP),Doomsday,AP,,,Acts as a level 6 Fighting attack. Cannot be defended by a card with a Strength icon.,,Cost/Effect: Fighting 6,Normal,Rare,Villain,,Special
Dive for Cover,DiveForCover-DCOP_cb20200501115312.jpg,https://cardguide.fandom.com/wiki/Dive_for_Cover_(DCOP),Catwoman,,,,-,,Cost/Effect: 6 Fighting to use+3 to Fighting,Normal,Uncommon,-,,Universe
Doomsday™ - Irresistible Force,DoomsdayIrresistibleForce-DCOP_cb20200417084752.jpg,https://cardguide.fandom.com/wiki/Doomsday_-_Irresistable_Force_(DCOP),"Doomsday, unknowns",DO,,,Negates the effect of any 1 Special card played by opponent against Doomsday only.,,Cost/Effect: -,Normal,Rare,Villain,,Special
Eradicator™,Eradicator-DCOP_cb20200329141912.jpg,https://cardguide.fandom.com/wiki/Eradicator_(DCOP),Eradicator,,,,,,Energy 7Fighting 2Strength 7Intellect 3,Normal,Uncommon,Hero,,Character
Doomsday™ - Unearthly Strength,DoomsdayUnearthlyStrength-DCOP_cb20200417090539.jpg,https://cardguide.fandom.com/wiki/Doomsday_-_Unearthly_Strength_(DCOP),Doomsday,BV,,,Doomsday may make as many Strength Power card attacks as possible. Opponent may defend. One Per Deck,,Cost/Effect: -,Normal,Very Rare,Villain,,Special
Eradicator™ - Airborne Assault,EradicatorAirborneAssault-DCOP_cb20200415193707.jpg,https://cardguide.fandom.com/wiki/Eradicator_-_Airborne_Assault_(DCOP),Eradicator,AA,,,Acts as a level 4 Fighting attack. May make 1 additional attack.,,Cost/Effect: Fighting 4,Normal,Uncommon,Hero,,Special
Eradicator™ - Energy Blast,EradicatorEnergyBlast-DCOP_cb20200415194005.jpg,https://cardguide.fandom.com/wiki/Eradicator_-_Energy_Blast_(DCOP),Eradicator,EM,,,"Acts as a level 4 Energy attack. If successful, opponent must discard 1 card of opponent's choice from hand.",,Cost/Effect: Energy 4,Normal,Rare,Hero,,Special
Eradicator™ - Self Healing,EradicatorSelfHealing-DCOP_cb20200416154703.jpg,https://cardguide.fandom.com/wiki/Eradicator_-_Self_Healing_(DCOP),Eradicator,DQ,,,Eradicator hits to K.O. number is increased by 2 points for remainder of game.,,Cost/Effect: -,Normal,Rare,Hero,,Special
Eradicator™ - Power Punch,EradicatorPowerPumch-DCOP_cb20200416153953.jpg,https://cardguide.fandom.com/wiki/Eradicator_-_Power_Punch_(DCOP),"Eradicator, unknown",AQ,,,"Acts as a level 7 Energy, Fighting, Strength or Intellect attack. One Per Deck",,Cost/Effect: Energy/Strength/Fighting/Intellect 7,Normal,Very Rare,Hero,,Special
Eradicator™ - Vengeful Protector,EradicatorVengefulProtector-DCOP_cb20200415182325.jpg,https://cardguide.fandom.com/wiki/Eradicator_-_Vengeful_Protector_(DCOP),"unknown, Eradicator",AC,,,"Attack made on teammate is now made on Eradicator, who may defend.",,Cost/Effect: -,Normal,Common,Hero,,Special
Eye of the Storm - Justice League Case Files #061906.01,EyeOfTheStorm01-DCOP_cb20200627163133.jpg,https://cardguide.fandom.com/wiki/Eye_of_the_Storm_-_Justice_League_Case_File_061906.01_(DCOP),"Green Lantern, Superman",,,"File Entry: 061906.01 Recorded by: Green Lantern I knew Superman was in a hurry to get back to Metropolis to stop the incoming storm. But, I had the daily ritual of charging my ring to do first.",All Universe card bonuses receive an additional *) this battle.,,,Normal,Common,,,Event
Eye of the Storm - Justice League Case Files #061906.05,EyeOfTheStorm05-DCOP_cb20200627163939.jpg,https://cardguide.fandom.com/wiki/Eye_of_the_Storm_-_Justice_League_Case_File_061906.05_(DCOP),"Parasite, Green Lantern",,,"File Entry: 061906.05 Recorded by: Superman The Parasite surprised us both. Having fought him before, I knew I had to act fast before Green Lantern not only lost his power, but his life!","No cards with the word ""Avoid"" may be played this battle.",,,Normal,Common,,,Event
Eye of the Storm - Justice League Case Files #061906.02,EyeOfTheStorm02-DCOP_cb20200627163534.jpg,https://cardguide.fandom.com/wiki/Eye_of_the_Storm_-_Justice_League_Case_File_061906.02_(DCOP),"Green Lantern, Superman",,,"File Entry: 061906.02 Recorded by: Superman Despite Green Lantern's relative inexperience with his power ring, the two of us were easily able to keep the damage from the storm to a minimum.",Move all mission cards currently in the completed missions pile into the reserve missions pile.,,,Normal,Common,,,Event
Eye of the Storm - Justice League Case Files #061906.08,EyeOfTheStorm08-DCOP_cb20200627163242.jpg,https://cardguide.fandom.com/wiki/Eye_of_the_Storm_-_Justice_League_Case_File_061906.08_(DCOP),"Green Lantern, Superman",,,"File Entry: 061906.08 Recorded by: Green Lantern We both knew that neither of us could touch the Parasite without some kind of protection. Fortunately, my power ring could create what we needed.",Reserve character may use power cards to defend any front line character this battle.,,,Normal,Common,,,Event
"Eye of the Storm 2 - ""Pig Out!""",EyeOfTheStorm2-DCOP_cb20200627160707.jpg,https://cardguide.fandom.com/wiki/Eye_of_the_Storm_2_-_%22Pig_Out!%22_(DCOP),"Superman, Green Lantern, Parasite",,,,,,,Normal,Common,,,Mission
Eye of the Storm - Justice League Case Files #061906.10,EyeOfTheStorm10-DCOP_cb20200627163051.jpg,https://cardguide.fandom.com/wiki/Eye_of_the_Storm_-_Justice_League_Case_File_061906.10_(DCOP),"Parasite, Superman",,,"File Entry: 061906.10 Recorded by: Green Lantern In my short time as a superhero, I've seen and been in some powerful slugfests. None of them compare to seeing Superman take on the Parasite.",Do not discard any duplicates for this battle.,,,Normal,Common,,,Event
"Eye of the Storm 6 - ""Take Out!""",EyeOfTheStorm6-DCOP_cb20200627155008.jpg,https://cardguide.fandom.com/wiki/Eye_of_the_Storm_6_-_%22Take_Out!%22_(DCOP),"Superman, Green Lantern",,,,,,,Normal,Common,,,Mission
"Eye of the Storm 1 - ""Power Breakfast!""",EyeOfTheStorm1-DCOP_cb20200627160342.jpg,https://cardguide.fandom.com/wiki/Eye_of_the_Storm_1_-_%22Power_Breakfast!%22_(DCOP),"Superman, Green Lantern",,,,,,,Normal,Common,,,Mission
"Eye of the Storm 6 - Take Out!""",EyeOfTheStorm4-DCOP_cb20200627161456.jpg,https://cardguide.fandom.com/wiki/Eye_of_the_Storm_4_-_%22Stewing!%22_(DCOP),"Superman, Green Lantern, Parasite",,,,,,,Normal,Common,,,Mission
"Eye of the Storm 3 - ""Self Service!""",EyeOfTheStorm3-DCOP_cb20200627161239.jpg,https://cardguide.fandom.com/wiki/Eye_of_the_Storm_3_-_%22Self_Service!%22_(DCOP),"Superman, Green Lantern, Parasite",,,,,,,Normal,Common,,,Mission
"Eye of the Storm 7 - ""Over Easy!""",EyeOfTheStorm7-DCOP_cb20200627155755.jpg,https://cardguide.fandom.com/wiki/Eye_of_the_Storm_7_-_%22Over_Easy!%22_(DCOP),"Superman, Green Lantern",,,,,,,Normal,Common,,,Mission
Gangbuster™,Gangbuster-DCOP_cb20200513133756.jpg,https://cardguide.fandom.com/wiki/Gangbuster_(DCOP),"Gangbuster, Superman",,,,Teammate may play one Special card.,,Cost/Effect: 5 Strength to useActs as 3 Strength attack,Normal,Uncommon,"Ally, Hero",,Universe
Haymaker,Haymaker-DCOP_cb20200511184202.jpg,https://cardguide.fandom.com/wiki/Haymaker_(DCOP),"Superman, Lex Luthor",,,,-,,Cost/Effect: 7 Strength to use+1 to Strength,Normal,Common,-,,Universe
Hazard™ - Cutting Laser,HazardCuttingLaser-DCOP_cb20200409154306.jpg,https://cardguide.fandom.com/wiki/Hazard_-_Cutting_Laser_(DCOP),Hazard (Manuel Cabral),EN,,,"Acts as a level 4 Energy attack. If attack succeeds, add +2 to damage.",,Cost/Effect: Energy 4; Energy 2,Normal,Rare,Villain,,Special
Flying Kick,FlyingKick-DCOP_cb20200510171329.jpg,https://cardguide.fandom.com/wiki/Flying_Kick_(DCOP),"Batman, unknown",,,,-,,Cost/Effect: 7 Fighting to use+2 to Fighting,Normal,Common,-,,Universe
Hazard™,Hazard-DCOP_cb20200329142412.jpg,https://cardguide.fandom.com/wiki/Hazard_(DCOP),Hazard (Manuel Cabral),,,,,,Energy 7Fighting 2Strength 5Intellect 5,Normal,Uncommon,Villain,,Character
Hazard™ - Cybernetic Strength,HazardCyberneticStrength-DCOP_cb20200410131803.jpg,https://cardguide.fandom.com/wiki/Hazard_-_Cybernetic_Strength_(DCOP),"unknown, Hazard",AY,,,Hazard's Strength skill increases to 8 for remainder of battle.,,Cost/Effect: -,Normal,Rare,Villain,,Special
Huntres™ - Crossbow,HuntressCrossbow-DCOP_cb20200415181030.jpg,https://cardguide.fandom.com/wiki/Huntress_-_Crossbow_(DCOP),Huntress,CI,,,"Play with Energy Power card attack. If attack succeeds, add +2 to damage.",,Cost/Effect: Energy +2,Normal,Uncommon,Hero,,Special
Hazard™ - Flight Pack,HazardFlightPack-DCOP_cb20200409172611.jpg,https://cardguide.fandom.com/wiki/Hazard_-_Flight_Pack_(DCOP),Hazard,AD,,,Avoid 1 attack made with a Universe card.,,Cost/Effect: -,Normal,Common,Villain,,Special
Home Turf,HomeTurf-DCOP_cb20200501110605.jpg,https://cardguide.fandom.com/wiki/Home_Turf_(DCOP),"Lex Luthor, Superman",,,,-,,Cost/Effect: 8 Intellect to use+3 to Intellect,Normal,Uncommon,-,,Universe
"Eye of the Storm 5 - ""Leftovers!""",EyeOfTheStorm5-DCOP_cb20200405133936.jpg,https://cardguide.fandom.com/wiki/Eye_of_the_Storm_5_-_%22Leftovers!%22_(DCOP),"Superman, Green Lantern",,,"Green Lantern's Power Ring is almost out of energy, but he knows how to use what's left! Raising the ring, he projects a high-tech impervious armor around Superman. [ End ]",,,,Normal,Common,,,Mission
Hazard™ - Split™,HazardSplit-DCOP_cb20200409171634.jpg,https://cardguide.fandom.com/wiki/Hazard_-_Split_(DCOP),"Hazard, Split",DI,,,Opponent's team may not use Universe cards to attack or defend against Hazard for remainder of battle.,,Cost/Effect: -,Normal,Uncommon,Villain,,Special
Huntress™ - Throwing Knives,HuntressThrowingKnives-DCOP_cb20200415180744.jpg,https://cardguide.fandom.com/wiki/Huntress_-_Throwing_Knives_(DCOP),Huntress,DG,,,Acts as a level 2 Fighting attack. May make 2 additional attacks.,,Cost/Effect: Fighting 2,Normal,Uncommon,Hero,,Special
Hazard™ - Telekinetic Fist,HazardTelekineticFist-DCOP_cb20200409153427.jpg,https://cardguide.fandom.com/wiki/Hazard_-_Telekinetic_Fist_(DCOP),"Hazard, Steel",EO,,,"Acts as a level 7 Energy attack. If successful, Hazard and target character may not attack for remainder of battle. One Per Deck",,Cost/Effect: Energy 7,Normal,Very Rare,Villain,,Special
Into the Depths - Justice League Case File #271266.02,IntoTheDepths02-DCOP_cb20200404183210.jpg,https://cardguide.fandom.com/wiki/Into_the_Depths_-_Justice_League_Case_File_271266.02_(DCOP),"Batman, Aquaman",,,"File Entry: 271266.02 Recorded by: Aquaman We were about to pick up Killer Croc's trail when, suddenly, Batman froze. He'd smelled the burning fuse from a ""present"" Croc had left behind.",Level 1 Intellect Power cards may be used to avoid any numerical attack this battle.,,,Normal,Common,,,Event
Huntress™,Huntress-DCOP_cb20200329142952.jpg,https://cardguide.fandom.com/wiki/Huntress_(DCOP),Huntress,,,,,,Energy 4Fighting 6Strength 3Intellect 6,Normal,Rare,Hero,,Character
Huntress™ - Expert Tracker,HuntressExpertTracker-DCOP_cb20200415181730.jpg,https://cardguide.fandom.com/wiki/Huntress_-_Expert_Tracker_(DCOP),"Huntress, Two-Face, unknowns",EP,,,Huntress may cut opponent's Draw Pile. Discard to the Dead Pile the card cut to.,,Cost/Effect: -,Normal,Rare,Hero,,Special
Into the Depths - Justice League Case File #271266.04,IntoTheDepths04-DCOP_cb20200627154257.jpg,https://cardguide.fandom.com/wiki/Into_the_Depths_-_Justice_League_Case_File_271266.04_(DCOP),"Batman, Aquaman",,,"File Entry: 271266.04 Recorded by: Batman I'm unsure what provoked the rats, Croc's escape or our pursuit − it didn't matter. Only immediate action would save us from being their next meal.",All level 1 Power card attacks cannot be blocked this battle.,,,Normal,Common,,,Event
Into the Depths - Justice League Case File #271266.07,IntoTheDepths07-DCOP_cb20200403142140.jpg,https://cardguide.fandom.com/wiki/Into_the_Depths_-_Justice_League_Case_File_271266.07_(DCOP),"Batman, Aquaman",,,"File Entry: 271266.07 Recorded by: Batman The flood took both of us by surprise. But, Killer Croc should have known better than to try to drown Aquaman, the ""King of the Seas"".","All Strength Power cards do not count in the venture total, for this battle.",,,Normal,Common,,,Event
"Into the Depths 1 - ""Aquattack!""",IntoTheDepths1-DCOP_cb20200627164603.jpg,https://cardguide.fandom.com/wiki/Into_the_Depths_1_-_%22Aquattack!%22_(DCOP),"Aquaman, Batman, 2 unknowns",,,,,,,Normal,Common,,,Mission
Huntress™ - Sneak Attack,HuntressSneakAttack-DCOP_cb20200415180333.jpg,https://cardguide.fandom.com/wiki/Huntress_-_Sneak_Attack_(DCOP),"Huntress, Two-Face, 1 unknown",BP,,,Acts as a level 6 Strength attack. May be played while Huntress is in Reserve. One Per Deck,,Cost/Effect: Strength 6,Normal,Very Rare,Hero,,Special
Huntress™ - Trained Gymnast,HuntressTrainedGymnast-DCOP_cb20200410132623.jpg,https://cardguide.fandom.com/wiki/Huntress_-_Trained_Gymnast_(DCOP),Huntress,CD,,,Only attacks made with Universe cards may be played against Huntress for remainder of battle.,,Cost/Effect: -,Normal,Rare,Hero,,Special
Into the Depths - Justice League Case File #271266.09,IntoTheDepths09-DCOP_cb20200404184002.jpg,https://cardguide.fandom.com/wiki/Into_the_Depths_-_Justice_League_Case_File_271266.09_(DCOP),"Batman, Aquaman",,,"File Entry: 271266.09 Recorded by: Batman Speed was of the essence. While it was obvious Killer Croc was leading us into another trap, we both knew it was the only way to bring him down.","All cards that can be placed to a character, exluding reserve, must be placed in this battle. Unplaceable cards remain in hand.",,,Normal,Common,,,Event
"Into the Depths 4 - ""Maelstrom!""",IntoTheDepths4-DCOP_cb20200627165611.jpg,https://cardguide.fandom.com/wiki/Into_the_Depths_4_-_%22Maelstrom!%22_(DCOP),"Aquaman, Batman",,,,,,,Normal,Common,,,Mission
Into the Depths - Justice League Case File #271266.10,IntoTheDepths10-DCOP_cb20200405133206.jpg,https://cardguide.fandom.com/wiki/Into_the_Depths_-_Justice_League_Case_File_271266.10_(DCOP),"Batman, Aquaman",,,"File Entry: 271266.10 Recorded by: Aquaman Croc used his ""home court"" advantage swiftly, and left me stunned and sinking into the quagmire. It was now Batman's turn to save my life.","Remove 1 hit from the permanent record of one character, and put it in the permanent record of any teammate.",,,Normal,Common,,,Event
"Into the Depths 5 - ""Whitewater!""",IntoTheDepths5-DCOP_cb20200627165627.jpg,https://cardguide.fandom.com/wiki/Into_the_Depths_5_-_%22Whitewater!%22_(DCOP),"Aquaman, Batman",,,,,,,Normal,Common,,,Mission
"Into the Depths 6 - ""Swamp-Things!""",IntoTheDepths6-DCOP_cb20200627165643.jpg,https://cardguide.fandom.com/wiki/Into_the_Depths_6_-_%22Swamp-Things!%22_(DCOP),"Aquaman, Batman",,,,,,,Normal,Common,,,Mission
"Into the Depths 2 - ""Fireball!""",IntoTheDepths2-DCOP_cb20200627164304.jpg,https://cardguide.fandom.com/wiki/Into_the_Depths_2_-_%22Fireball!%22_(DCOP),"Aquaman, Batman",,,,,,,Normal,Common,,,Mission
Joker™ - Acid Spray Flower,JokerAcidSprayFlower-DCOP_cb20200421122610.jpg,https://cardguide.fandom.com/wiki/Joker_-_Acid_Spray_Flower_(DCOP),The Joker,CU,,,"Acts as a level 3 Energy attack. If successful, target character must discard 1 placed card of opponent's choice.",,Cost/Effect: Energy 3,Normal,Rare,Villain,,Special
Joker™,Joker-DCOP_cb20200329143718.jpg,https://cardguide.fandom.com/wiki/Joker_(DCOP),The Joker,,,,,,Energy 4Fighting 5Strength 2Intellect 7,Normal,Rare,Villain,,Character
"Into the Depths 3 - ""Rat Pack!""",IntoTheDepths3-DCOP_cb20200627164739.jpg,https://cardguide.fandom.com/wiki/Into_the_Depths_3_-_%22Rat_Pack!%22_(DCOP),"Aquaman, Batman",,,,,,,Normal,Common,,,Mission
Joker™ - Double Cross,JokerDoubleCross-DCOP_cb20200421082730.jpg,https://cardguide.fandom.com/wiki/Joker_-_Double_Cross_(DCOP),"The Joker, 3 unknowns",AC,,,"Attack made on Joker is now made on teammate of his choice, who may defend.",,Cost/Effect: -,Normal,Uncommon,Villain,,Special
Joker™ - Joker Venom,JokerJokerVenom-DCOP_cb20200422115252.jpg,https://cardguide.fandom.com/wiki/Joker_-_Joker_Venom_(DCOP),"unknown, The Joker",BM,,,"Acts as a level 7 Energy attack. If successful, target character may not attack for remainder of battle. One Per Deck",,Cost/Effect: Energy 7,Normal,Very Rare,Villain,,Special
"Into the Depths 7 - ""Monster!""",IntoTheDepths7-DCOP_cb20200627165658.jpg,https://cardguide.fandom.com/wiki/Into_the_Depths_7_-_%22Monster!%22_(DCOP),"Aquaman, Batman, Killer Croc",,,,,,,Normal,Common,,,Mission
Joker™ - Maniacal Genius,JokerManiacalGenius-DCOP_cb20200421083210.jpg,https://cardguide.fandom.com/wiki/Joker_-_Maniacal_Genius_(DCOP),The Joker,CS,,,"Choose 1 Universe card, excluding Teamwork and Training, from Draw Pile and place in hand. Reshuffle Draw Pile.",,Cost/Effect: -,Normal,Common,Villain,,Special
Killer Croc™,KillerCroc-DCOP_cb20200329165623.jpg,https://cardguide.fandom.com/wiki/Killer_Croc_(DCOP),Killer Croc,,,,,,Energy 4Fighting 5Strength 6Intellect 1,Normal,Uncommon,Villain,,Character
Killer Croc™ - Rampage,KillerCrocRampage-DCOP_cb20200421122910.jpg,https://cardguide.fandom.com/wiki/Killer_Croc_-_Rampage_(DCOP),Killer Croc,AY,,,Killer Croc's Energy skill increases to 8 for remainder of battle.,,Cost/Effect: -,Normal,Uncommon,Villain,,Special
Killer Croc™ - Brute Force,KillerCrocBruteForce-DCOP_cb20200422110052.jpg,https://cardguide.fandom.com/wiki/Killer_Croc_-_Brute_Force_(DCOP),Killer Croc,AE,,,Acts as a level 4 Strength attack. May combine with 1 Fighting card for a single attack.,,Cost/Effect: Strength 4,Normal,Rare,Villain,,Special
Killer Croc™ - Scaly Skin,KillerCrocScalySkin-DCOP_cb20200422095858.jpg,https://cardguide.fandom.com/wiki/Killer_Croc_-_Scaly_Skin_(DCOP),Killer Croc,AM,,,Killer Croc gains a +2 to defense for remainder of battle.,,Cost/Effect: -,Normal,Uncommon,Villain,,Special
Killer Croc™ - Slippery Escape,KillerCrocSlipperyEscape-DCOP_cb20200422105205.jpg,https://cardguide.fandom.com/wiki/Killer_Croc_-_Slippery_Escape_(DCOP),Killer Croc,AG,,,Avoid 1 attack.,,Cost/Effect: -,Normal,Rare,Villain,,Special
Joker™ - High Voltage Joy Buzzer,JokerHighVoltageJoyBuzzer-DCOP_cb20200422131756.jpg,https://cardguide.fandom.com/wiki/Joker_-_High_Voltage_Joy_Buzzer_(DCOP),"The Joker, unknown",CY,,,Acts as a level 4 Energy attack. Joker may make 1 additional Fighting and/or 1 additional Intellect Power card attack.,,Cost/Effect: Energy 4,Normal,Rare,Villain,,Special
Killer Croc™ - Wrestling Hold,KillerCrocWrestlingHold-DCOP_cb20200422111038.jpg,https://cardguide.fandom.com/wiki/Killer_Croc_-_Wrestling_Hold_(DCOP),"Killer Croc, Batman",BM,,,"Acts as a level 7 Strength attack. If successful, target character may not attack for remainder of battle. One Per Deck",,Cost/Effect: Strength 7,Normal,Very Rare,Villain,,Special
Knockout™ - Female Fury,KnockoutFemaleFury-DCOP_cb20200422113257.jpg,https://cardguide.fandom.com/wiki/Knockout_-_Female_Fury_(DCOP),"Mad Harriet, Speed Queen, Bernadeth, Knockout",AA,,,Acts as a level 4 Energy attack. May make 1 additional attack.,,Cost/Effect: Energy 4,Normal,Uncommon,Villain,,Special
Knockout™,Knockout-DCOP_cb20200331190836.jpg,https://cardguide.fandom.com/wiki/Knockout_(DCOP),Knockout,,,,,,Energy 2Fighting 6Strength 7Intellect 3,Normal,Uncommon,Villain,,Character
Knife Hand,KnifeHand-DCOP_cb20200501132612.jpg,https://cardguide.fandom.com/wiki/Knife_Hand_(DCOP),"unknown, Bane",,,,-,,Cost/Effect: 6 Strength to use+2 to Strength,Normal,Common,-,,Universe
Knockout™ - Picking a Fight,KnockoutPickingAFight-DCOP_cb20200422151654.jpg,https://cardguide.fandom.com/wiki/Knockout_-_Picking_a_Fight_(DCOP),"Knockout, 1 unknown",BL,,,Play when opponent concedes battle. Opponent may not concede battle. One Per Deck,,Cost/Effect: -,Normal,Very Rare,Villain,,Special
Knockout™ - Mighty Blow,KnockoutMightyBlow-DCOP_cb20200422132945.jpg,https://cardguide.fandom.com/wiki/Knockout_-_Mighty_Blow_(DCOP),"Knockout, unknown",AN,,,"Acts as a level 6 Strength attack. May be used against opponent in reserve, who may defend.",,Cost/Effect: Strength 6,Normal,Rare,Villain,,Special
Knockout™ - Killer Physique,KnockoutKillerPhysique-DCOP_cb20200422114817.jpg,https://cardguide.fandom.com/wiki/Knockout_-_Killer_Physique_(DCOP),Knockout,AH,,,No Fighting Power cards may be played against Knockout for remainder of battle.,,Cost/Effect: -,Normal,Uncommon,Villain,,Special
Lady Shiva™,LadyShiva-DCOP_cb20200513140436.jpg,https://cardguide.fandom.com/wiki/Lady_Shiva_(DCOP),"Lady Shiva, The Joker",,,,Teammate may play one Special card.,,Cost/Effect: 7 Fighting to useActs as 2 Fighting attack,Normal,Common,"Ally, Villain",,Universe
Laser,Laser-DCOP_cb20200501110935.jpg,https://cardguide.fandom.com/wiki/Laser_(DCOP),The Penguin,,,,-,,Cost/Effect: 6 Energy to use+1 to Energy,Normal,Common,-,,Universe
Leap Aside,LeapAside-DCOP_cb20200513125256.jpg,https://cardguide.fandom.com/wiki/Leap_Aside_(DCOP),"Azrael, unknown",,,,-,,Cost/Effect: 8 Fighting to use+2 to Fighting,Normal,Common,-,,Universe
Lex Luthor™,LexLuthor-DCOP_cb20200331191235.jpg,https://cardguide.fandom.com/wiki/Lex_Luthor_(DCOP),Lex Luthor,,,,,,Energy 3Fighting 4Strength 3Intellect 8,Normal,Uncommon,Villain,,Character
Kryptonite,Kryptonite-DCOP_cb20200511193223.jpg,https://cardguide.fandom.com/wiki/Kryptonite_(DCOP),"Brainiac, Superman",,,,-,,Cost/Effect: 8 Energy to use+2 to Energy,Normal,Common,-,,Universe
Lex Luthor™ - Ruthless Adversary,LexLuthorRuthlessAdversary-DCOP_cb20200422141136.jpg,https://cardguide.fandom.com/wiki/Lex_Luthor_-_Ruthless_Adversary_(DCOP),"Lex Luthor, Superman",AW,,,Opponent -6 to Venture total for this battle. One Per Deck,,Cost/Effect: -,Normal,Very Rare,Villain,,Special
Lex Luthor™ - Prototype Blaster,LexLuthorPrototypeBlaster-DCOP_cb20200422152600.jpg,https://cardguide.fandom.com/wiki/Lex_Luthor_-_Prototype_Blaster_(DCOP),"Lex Luthor, unknown",AP,,,Acts as a level 6 Energy attack.Cannot be defended by a card with a Strength icon.,,Cost/Effect: Energy 6,Normal,Rare,Villain,,Special
Lex Luthor™ - Skilled Martial Artist,LexLuthorSkilledMartialArtist-DCOP_cb20200422141843.jpg,https://cardguide.fandom.com/wiki/Lex_Luthor_-_Skilled_Martial_Artist_(DCOP),"Lex Luthor, 4 unknowns",DG,,,Acts as a level 2 Strength attack. May make 2 additional attacks.,,Cost/Effect: Strength 2,Normal,Uncommon,Villain,,Special
Knockout™ - Hot Tempered,KnockoutHotTempered-DCOP_cb20200422114437.jpg,https://cardguide.fandom.com/wiki/Knockout_-_Hot_Tempered_(DCOP),Knockout,EQ,,,"For remainder of battle, Knockout's Strength and Energy actions are +2. Fighting and Intellect actions are -2.",,Cost/Effect: -,Normal,Rare,Villain,,Special
Lois Lane™,LoisLane-DCOP_cb20200513133355.jpg,https://cardguide.fandom.com/wiki/Lois_Lane_(DCOP),"Superman, Lois Lane",,,,Teammate may play one Special card.,,Cost/Effect: 5 Intellect to useActs as 3 Intellect attack,Normal,Uncommon,"Ally, Hero",,Universe
Lex Luthor™ - Global Resources,LexLuthorGlobalResources-DCOP_cb20200422133545.jpg,https://cardguide.fandom.com/wiki/Lex_Luthor_-_Global_Resources_(DCOP),"Lex Luthor, 4 unknowns",BR,,,Lex Luthor may have 1 additional Power Universe or Special card placed on him until Lex Luthor is KO'd.,,Cost/Effect: -,Normal,Rare,Villain,,Special
Lex Luthor™ - Power Hungry,LexLuthorPowerHungry-DCOP_cb20200422134059.jpg,https://cardguide.fandom.com/wiki/Lex_Luthor_-_Power_Hungry_(DCOP),"Lex Luthor, 1 unknown",ER,,,"Choose 1 power card usable by Lex Luthor, excluding Intellect, from Draw Pile and place in hand. Reshuffle Draw Pile.",,Cost/Effect: -,Normal,Common,Villain,,Special
Mental,Mental-DCOP_cb20200511191256.jpg,https://cardguide.fandom.com/wiki/Mental_(DCOP),Brainiac,,,,-,,Cost/Effect: 8 Energy to use+1 to Energy,Normal,Common,-,,Universe
Lunge,Lunge-DCOP_cb20200513124743.jpg,https://cardguide.fandom.com/wiki/Lunge_(DCOP),"Azrael, unknown",,,,-,,Cost/Effect: 8 Fighting to use+1 to Fighting,Normal,Common,-,,Universe
Metallo™ - Mechanical Juggernaut,MetalloMechanicalJuggernaut-DCOP_cb20200422134843.jpg,https://cardguide.fandom.com/wiki/Metallo_-_Mechanical_Juggernaut_(DCOP),Metallo,BW,,,Opponent must discard top 5 cards from Draw Pile into Dead Pile. One Per Deck,,Cost/Effect: -,Normal,Very Rare,Villain,,Special
Metallo™ - Servo-Assisted Strength,MetalloServoAssistedStrength-DCOP_cb20200422134458.jpg,https://cardguide.fandom.com/wiki/Metallo_-_Servo-Assisted_Strength_(DCOP),"unknown, Metallo",AI,,,Target character must discard 1 placed Universe card of Metallo's choice.,,Cost/Effect: -,Normal,Common,Villain,,Special
Magnetic,Magnetic-DCOP_cb20200501112602.jpg,https://cardguide.fandom.com/wiki/Magnetic_(DCOP),The Penguin,,,,-,,Cost/Effect: 6 Energy to use+2 to Energy,Normal,Common,-,,Universe
Metallo™,Metallo-DCOP_cb20200401153835.jpg,https://cardguide.fandom.com/wiki/Metallo_(DCOP),Metallo,,,,,,Energy 6Fighting 2Strength 7Intellect 2,Normal,Uncommon,Villain,,Character
Metallo™ - Eye Beams,MetalloEyeBeams-DCOP_cb20200422135615.jpg,https://cardguide.fandom.com/wiki/Metallo_-_Eye_Beams_(DCOP),"Metallo, Superman",ES,,,Metallo may combine Energy Power cards with Fighting Power cards to attack for remainder of battle. May not be combined with Universe cards. One Per Deck,,Cost/Effect: -,Normal,Very Rare,Villain,,Special
Metallo™ - Walking Arsenal,MetalloWalkingArsenal-DCOP_cb20200421085746.jpg,https://cardguide.fandom.com/wiki/Metallo_-_Walking_Arsenal_(DCOP),Metallo,AB,,,Acts as a level 4 Energy attack. May make 1 additional Energy attack.,,Cost/Effect: Energy 4,Normal,Uncommon,Villain,,Special
Metallo™ - Damage Control,MetalloDamageControl-DCOP_cb20200422140821.jpg,https://cardguide.fandom.com/wiki/Metallo_-_Damage_Control_(DCOP),Metallo,AL,,,Remove 1 hit from Metallo's Permanent Record.,,Cost/Effect: -,Normal,Rare,Villain,,Special
Metropolis S.C.U.™,MetropolisSCU-DCOP_cb20200401154223.jpg,https://cardguide.fandom.com/wiki/Metropolis_S.C.U._(DCOP),Unknowns,,,,,,Energy 7Fighting 4Strength 5Intellect 3,Normal,Uncommon,Hero,,Character
Metropolis S.C.U.™ - Stun Guns,MetropolisSCUStunGuns-DCOP_cb20200421090339.jpg,https://cardguide.fandom.com/wiki/Metropolis_S.C.U._-_Stun_Guns_(DCOP),4 unknowns,AB,,,Acts as a level 4 Energy attack. May make 1 additional Energy attack.,,Cost/Effect: Energy 4,Normal,Uncommon,Hero,,Special
Metropolis S.C.U.™ - Sniper Fire,MetropolisSCUSniperFire-DCOP_cb20200421090807.jpg,https://cardguide.fandom.com/wiki/Metropolis_S.C.U._-_Sniper_Fire_(DCOP),2 unknowns,AN,,,"Acts as a level 6 Fighting attack. May be used against character in reserve, who may defend.",,Cost/Effect: Fighting 6,Normal,Rare,Hero,,Special
Metropolis S.C.U.™ - Heavy Artillery,MetropolisSCUHeavyArtillery-DCOP_cb20200421085255.jpg,https://cardguide.fandom.com/wiki/Metropolis_S.C.U._-_Heavy_Artillery_(DCOP),unknown,AS,,,Acts as a level 11 Energy attack. Metropolis S.C.U. may not attack for remainder of battle. One Per Deck,,Cost/Effect: Energy 11,Normal,Very Rare,Hero,,Special
Microwave,Microwave-DCOP_cb20200510160709.jpg,https://cardguide.fandom.com/wiki/Microwave_(DCOP),Eradicator,,,,-,,Cost/Effect: 7 Energy to use+2 to Energy,Normal,Common,-,,Universe
Metropolis S.C.U.™ - Battlesuit Brigade,MetropolisSCUBattlesuitBrigade-DCOP_cb20200421083957.jpg,https://cardguide.fandom.com/wiki/Metropolis_S.C.U._-_Battlesuit_Brigade_(DCOP),3 unknowns,CY,,,Acts as a level 4 Energy attack. Metropolis S.C.U. may make 1 additional Strength and/or 1 additional Fighting Power card attack.,,Cost/Effect: Energy 4,Normal,Rare,Hero,,Special
Might over Mind - Justice League Case Files #179603.01,MightOverMind01-DCOP_cb20200627182420.jpg,https://cardguide.fandom.com/wiki/Might_over_Mind_-_Justice_League_Case_File_179603.01_(DCOP),Brainiac,,,"File Entry: 179603.01 Recorded by: Superman Back with a new plan for global conquest, Brainiac picked a moment when I would be most vulnerable - the award ceremony at the White House.",Choose 1 of opponent's front line characters. Chosen character may not play Specials this battle. Affected Specials are not discarded.,,,Normal,Common,,,Event
Metropolis S.C.U.™ - Paramilitary Training,MetropolisSCUParamilitaryTraining-DCOP_cb20200421084808.jpg,https://cardguide.fandom.com/wiki/Metropolis_S.C.U._-_Paramilitary_Training_(DCOP),2 unknowns,AM,,,Metropolis S.C.U. gains +1 to all actions for remainder of battle.,,Cost/Effect: -,Normal,Common,Hero,,Special
Might over Mind - Justice League Case Files #179603.08,MightOverMind04-DCOP_cb20200627181757.jpg,https://cardguide.fandom.com/wiki/Might_over_Mind_-_Justice_League_Case_File_179603.08_(DCOP),"Superman, Wonder Woman",,,"File Entry: 179603.08 Recorded by: Superman I knew Brainiac could see Wonder Woman and myself approaching his ship on his scanners, but he wasn't prepared for our unorthodox entrance.",Only Teamwork Universe cards that act as Strength attacks may be played this battle.,,,Normal,Common,,,Event
Might over Mind - Justice League Case Files #179603.04,MightOverMind04-DCOP_cb20200627181757.jpg,https://cardguide.fandom.com/wiki/Might_over_Mind_-_Justice_League_Case_File_179603.04_(DCOP),"Brainiac, Superman",,,File Entry: 179603.04 Recorded by: Wonder Woman The President was out of immediate danger. However I now had to try to break Brainiac's mental hold on Superman − a feat easier said than done!,Choose 1 front line hero that cannot play any cards or be attacked this battle.,,,Normal,Common,,,Event
Might over Mind - Justice League Case Files #179603.06,MightOverMind06-DCOP_cb20200627182908.jpg,https://cardguide.fandom.com/wiki/Might_over_Mind_-_Justice_League_Case_File_179603.06_(DCOP),"Orion, Superman",,,"File Entry: 179603.06 Recorded by: Superman While we suspected that Brainiac was after me and not the President, we could not leave him unprotected. Orion was more than willing to help out.",Move the reserve character to the front line this battle. Return that character to reserve at the end of the battle.,,,Normal,Common,,,Event
"Might over Mind 1 - ""We Have A Problem!""",MightOverMind1-DCOP_cb20200627180928.jpg,https://cardguide.fandom.com/wiki/Might_over_Mind_1_-_%22We_Have_A_Problem!%22_(DCOP),"Wonder Woman, Superman, 3 unknowns",,,,,,,Normal,Common,,,Mission
"Might over Mind 2 - ""Failsafe!""",MightOverMind2-DCOP_cb20200627180614.jpg,https://cardguide.fandom.com/wiki/Might_over_Mind_2_-_%22Failsafe!%22_(DCOP),"Superman, Wonder Woman, unknown",,,,,,,Normal,Common,,,Mission
Might over Mind - Justice League Case Files #179603.11,MightOverMind11-DCOP_cb20200627183153.jpg,https://cardguide.fandom.com/wiki/Might_over_Mind_-_Justice_League_Case_File_179603.11_(DCOP),Superman,,,"File Entry: 179603.11 Recorded by: Wonder Woman As I fought with Brainiac, Superman raced ahead to stop the missile Brainiac had launched at the White House. Timing would be of the essence.",No Teamwork Universe cards may be played this battle.,,,Normal,Common,,,Event
"Might over Mind 4 - ""Liftoff!""",MightOverMind4-DCOP_cb20200627172437.jpg,https://cardguide.fandom.com/wiki/Might_over_Mind_4_-_%22Liftoff!%22_(DCOP),"Wonder Woman, Superman, Anti-Monitor",,,,,,,Normal,Common,,,Mission
Nightwing™,Nightwing-DCOP_cb20200401173027.jpg,https://cardguide.fandom.com/wiki/Nightwing_(DCOP),Nightwing,,,,,,Energy 2Fighting 6Strength 4Intellect 6,Normal,Rare,Hero,,Character
"Might over Mind 7 - ""Impact!""",MightOverMind7-DCOP_cb20200627181330.jpg,https://cardguide.fandom.com/wiki/Might_over_Mind_7_-_%22Impact!%22_(DCOP),"Wonder Woman, Brainiac, Superman",,,,,,,Normal,Common,,,Mission
"Might over Mind 3 - ""Abort!""",MightOverMind3-DCOP_cb20200627181248.jpg,https://cardguide.fandom.com/wiki/Might_over_Mind_3_-_%22Abort!%22_(DCOP),"Wonder Woman, Superman",,,,,,,Normal,Common,,,Mission
"Might over Mind 5 - ""Target Acquisition!""",MightOverMind5-DCOP_cb20200627181514.jpg,https://cardguide.fandom.com/wiki/Might_over_Mind_5_-_%22Target_Acquisition!%22_(DCOP),"Superman, Wonder Woman, Brainiac",,,,,,,Normal,Common,,,Mission
"Might over Mind 6 - ""Launch!""",MightOverMind6-DCOP_cb20200627172707.jpg,https://cardguide.fandom.com/wiki/Might_over_Mind_6_-_%22Launch!%22_(DCOP),"Wonder Woman, Brainiac, Superman",,,,,,,Normal,Common,,,Mission
Nightwing™ - Expert Sleuth,NightwingExpertSleuth-DCOP_cb20200421091238.jpg,https://cardguide.fandom.com/wiki/Nightwing_-_Expert_Sleuth_(DCOP),Nightwing,AJ,,,Opponent must reveal any Power cards currently held in hand.,,Cost/Effect: -,Normal,Uncommon,Hero,,Special
Mr. Mxyzptlk™,MrMxyzpltk-DCOP_cb20200513135918.jpg,https://cardguide.fandom.com/wiki/Mr._Mxyzptlk_(DCOP),"Mister Mxyzptlk, Lex Luthor",,,,Teammate may play one Special card.,,Cost/Effect: 7 Energy to useActs as 2 Energy attack,Normal,Common,"Ally, Villain",,Universe
Nightwing™ - Glider Wings,NightwingGliderWings-DCOP_cb20200421094354.jpg,https://cardguide.fandom.com/wiki/Nightwing_-_Glider_Wings_(DCOP),Nightwing,AD,,,Avoid 1 Strength attack.,,Cost/Effect: -,Normal,Common,Hero,,Special
Nightwing™ - Circus Acrobat,NightwingCircusAcrobat-DCOP_cb20200421091928.jpg,https://cardguide.fandom.com/wiki/Nightwing_-_Circus_Acrobat_(DCOP),"Nightwing, unknown",AH,,,No cards with a Strength icon may be played against Nightwing for remainder of battle.,,Cost/Effect: -,Normal,Rare,Hero,,Special
Nightwing™ - Escrima Sticks,NightwingEscrimaSticks-DCOP_cb20200421094837.jpg,https://cardguide.fandom.com/wiki/Nightwing_-_Escrima_Sticks_(DCOP),"unknown, Nightwing",AB,,,Acts as a level 4 Strength attack. May make 1 additional Strength attack.,,Cost/Effect: Strength 4,Normal,Uncommon,Hero,,Special
Nuclear,Nuclear-DCOP_cb20200501112932.jpg,https://cardguide.fandom.com/wiki/Nuclear_(DCOP),The Penguin,,,,-,,Cost/Effect: 6 Energy to use+3 to Energy,Normal,Uncommon,-,,Universe
Nerve Pinch,NervePinch-DCOP_cb20200511190437.jpg,https://cardguide.fandom.com/wiki/Nerve_Pinch_(DCOP),"unknown, Superman",,,,-,,Cost/Effect: 7 Strength to use+3 to Strength,Normal,Uncommon,-,,Universe
Oracle™,Oracle-DCOP_cb20200513140836.jpg,https://cardguide.fandom.com/wiki/Oracle_(DCOP),"Batman, Oracle",,,,Teammate may play one Special card.,,Cost/Effect: 7 Intellect to useActs as 2 Intellect attack,Normal,Common,"Ally, Hero",,Universe
Parasite™,Parasite-DCOP_cb20200401173659.jpg,https://cardguide.fandom.com/wiki/Parasite_(DCOP),Parasite,,,,,,Energy 7Fighting 2Strength 6Intellect 2,Normal,Uncommon,Villain,,Character
Nightwing™ - Titans Founder,NightwingTitansFounder-DCOP_cb20200421092437.jpg,https://cardguide.fandom.com/wiki/Nightwing_-_Titans_Founder_(DCOP),"Nightwing, 4 unknowns",AF,,,Adds 3 to Venture total for this battle.,,Cost/Effect: -,Normal,Rare,Hero,,Special
Parasite™ - Cellular Reconstruction,ParasiteCellularReconstruction-DCOP_cb20200421110756.jpg,https://cardguide.fandom.com/wiki/Parasite_-_Cellular_Reconstruction_(DCOP),"Superman, Parasite",ET,,,Remove up to 2 hits from Parasite's Permanent Record. One Per Deck,,Cost/Effect: -,Normal,Very Rare,Villain,,Special
Parasite™ - Kinetic Absorption,ParasiteKineticAbsorption-DCOP_cb20200421095530.jpg,https://cardguide.fandom.com/wiki/Parasite_-_Kinetic_Absorption_(DCOP),Parasite,AH,,,No Fighting Power cards may be played against Parasite for remainder of battle.,,Cost/Effect: -,Normal,Uncommon,Villain,,Special
Parasite™ - Vitality Drain,ParasiteVitalityDrain-DCOP_cb20200421110036.jpg,https://cardguide.fandom.com/wiki/Parasite_-_Vitality_Drain_(DCOP),"Parasite, Superman",AL,,,"Acts as a level 5 Fighting attack. If successful, remove 1 hit from Parasite's Permanent Record.",,Cost/Effect: Fighting 5,Normal,Rare,Villain,,Special
Parasite™ - Sucking the City Dry,ParasiteSuckingTheCityDry-DCOP_cb20200421105810.jpg,https://cardguide.fandom.com/wiki/Parasite_-_Sucking_the_City_Dry_(DCOP),Parasite,AY,,,Avoid 1 Energy attack. Parasite's Energy skill is increased to 8 for remainder of battle.,,Cost/Effect: -,Normal,Uncommon,Villain,,Special
Penguin™,Penguin-DCOP_cb20200401174158.jpg,https://cardguide.fandom.com/wiki/Penguin_(DCOP),The Penguin,,,,,,Energy 6Fighting 6Strength 1Intellect 6,Normal,Rare,Villain,,Character
Parasite™ - Power Theft,ParasitePowerTheft-DCOP_cb20200421105417.jpg,https://cardguide.fandom.com/wiki/Parasite_-_Power_Theft_(DCOP),"Parasite, Superman",AR,,,"Acts as a level 6 Energy attack. If successful, Parasite gains skill levels of target opponent for remainder of battle.",,Cost/Effect: Energy 6,Normal,Rare,Villain,,Special
Penguin™ - Flamethrower Umbrella,PenguinFlameThrowerUmbrella-DCOP_cb20200421112155.jpg,https://cardguide.fandom.com/wiki/Penguin_-_Flame_Thrower_Umbrella_(DCOP),The Penguin,AR,,,Acts as a level 4 Energy attack.,,Cost/Effect: Energy 4,Normal,Uncommon,Villain,,Special
Penguin™ - Smoke Umbrella,PenguinSmokeUmbrella-DCOP_cb20200421122248.jpg,https://cardguide.fandom.com/wiki/Penguin_-_Smoke_Umbrella_(DCOP),"The Penguin, Robin",AM,,,Penguins gains a +2 to defense for remainder of battle.,,Cost/Effect: -,Normal,Rare,Villain,,Special
Photon,Photon-DCOP_cb20200510160402.jpg,https://cardguide.fandom.com/wiki/Photon_(DCOP),Eradicator,,,,-,,Cost/Effect: 7 Energy to use+1 to Energy,Normal,Common,-,,Universe
Poison Ivy™,PoisonIvy-DCOP_cb20200401174909.jpg,https://cardguide.fandom.com/wiki/Poison_Ivy_(DCOP),Poison Ivy,,,,,,Energy 4Fighting 5Strength 2Intellect 6,Normal,Rare,Villain,,Character
Penguin™ - Feathery Distraction,PenguinFeatheryDistraction-DCOP_cb20200421111701.jpg,https://cardguide.fandom.com/wiki/Penguin_-_Feathery_Distraction_(DCOP),The Penguin,CW,,,Avoid 1 attack. Penguin may not be attacked for remainder of battle. One Per Deck,,Cost/Effect: -,Normal,Very Rare,Villain,,Special
Poison Ivy™ - Master Manipulator,PoisonIvyMasterManipulator-DCOP_cb20200422201557.jpg,https://cardguide.fandom.com/wiki/Poison_Ivy_-_Master_Manipulator_(DCOP),"Poison Ivy, Nightwing",AZ,,,Target character may not attack Poison Ivy for remainder of battle unless she attacks him/her first.,,Cost/Effect: -,Normal,Rare,Villain,,Special
Penguin™ - Master Planner,PenguinMasterPlanner-DCOP_cb20200421121904.jpg,https://cardguide.fandom.com/wiki/Penguin_-_Master_Planner_(DCOP),The Penguin,AF,,,Opponent -3 to Venture total for this battle.,,Cost/Effect: -,Normal,Rare,Villain,,Special
Poison Ivy™ - Poison Kiss,PoisonIvyPoisonKiss-DCOP_cb20200424195916.jpg,https://cardguide.fandom.com/wiki/Poison_Ivy_-_Poison_Kiss_(DCOP),"Poison Ivy, Robin",DP,,,Target character may not use cards with icon of Poison Ivy's choice for remainder of battle. One Per Deck,,Cost/Effect: -,Normal,Very Rare,Villain,,Special
Poison Ivy™ - Strangle Vines,PoisonIvyStrangleVines-DCOP_cb20200423160720.jpg,https://cardguide.fandom.com/wiki/Poison_Ivy_-_Strangle_Vines_(DCOP),"Robin, Poison Ivy",EU,,,Poison Ivy may combine Strength Power cards with Energy cards to attack for remainder of battle. May not be combined with Universe cards. One Per Deck,,Cost/Effect: -,Normal,Very Rare,Villain,,Special
Poison Ivy™ - Seductress,PoisonIvySeductress-DCOP_cb20200424195424.jpg,https://cardguide.fandom.com/wiki/Poison_Ivy_-_Seductress_(DCOP),Poison Ivy,DI,,,"Opponent's may not use Universe cards to attack or defend against Poison Ivy, for remainder of battle.",,Cost/Effect: -,Normal,Common,Villain,,Special
Poison Ivy™ - Venus Flytrap,PoisonIvyVenusFlytrap-DCOP_cb20200422201842.jpg,https://cardguide.fandom.com/wiki/Poison_Ivy_-_Venus_Flytrap_(DCOP),"Batman, Poison Ivy",AR,,,Acts as a level 4 Strength attack.,,Cost/Effect: Strength 4,Normal,Uncommon,Villain,,Special
Quantum,Quantum-DCOP_cb20200510162613.jpg,https://cardguide.fandom.com/wiki/Quantum_(DCOP),Eradicator,,,,-,,Cost/Effect: 7 Energy to use+3 to Energy,Normal,Uncommon,-,,Universe
Ra's Al Ghul™ - Demon's Head,RasAlGhulDemonsHead-DCOP_cb20200423163800.jpg,https://cardguide.fandom.com/wiki/Ra%27s_Al_Ghul_-_Demon%27s_Head_(DCOP),"Ra's al Ghul, unknowns",AM,,,Ra's Al Ghul gains a +1 to all actions for remainder of battle.,,Cost/Effect: -,Normal,Uncommon,Villain,,Special
Ra's Al Ghul™ - Lazarus Pit,RasAlGhulLazarusPit-DCOP_cb20200425131118.jpg,https://cardguide.fandom.com/wiki/Ra%27s_Al_Ghul_-_Lazarus_Pit_(DCOP),Ra's al Ghul,EV,,,Ra's Al Ghul may remove all hits with Icon of Ra's Al Ghul's choice from his Permanent Record. One Per Deck,,Cost/Effect: -,Normal,Very Rare,Villain,,Special
Ra's al Ghul™ - Megalomaniac,RasAlGhulMegalomaniac-DCOP_cb20200425131441.jpg,https://cardguide.fandom.com/wiki/Ra%27s_Al_Ghul_-_Megalomaniac_(DCOP),Ra's al Ghul,BT,,,Opponent's Intellect Power cards do not count in the Venture total for this battle.,,Cost/Effect: -,Normal,Rare,Villain,,Special
Ra's Al Ghul™ (sic),RasAlGhul-DCOP_cb20200401180248.jpg,https://cardguide.fandom.com/wiki/Ra%27s_Al_Ghul_(DCOP),Ra's al Ghul,,,,,,Energy 3Fighting 7Strength 3Intellect 7,Normal,Rare,Villain,,Character
Race Against Crime - Justice League Case Files #661216.04,RaceAgainstCrime04-DCOP_cb20200627190748.jpg,https://cardguide.fandom.com/wiki/Race_Against_Crime_-_Justice_League_Case_File_661216.04_(DCOP),"Batman, The Flash",,,File Entry: 661216.04 Recorded by: Flash The Riddler's biker punks were tearing right at Batman and me - ready to turn us into fresh road kill. But Batman and I had other ideas.,"For each mission card in the defeated mission pile, draw 1 additional card. Discard if duplicate.",,,Normal,Common,,,Event
Race Against Crime - Justice League Case Files #661216.06,RaceAgainstCrime06-DCOP_cb20200627191635.jpg,https://cardguide.fandom.com/wiki/Race_Against_Crime_-_Justice_League_Case_File_661216.06_(DCOP),"Batman, Hawkman",,,"File Entry: 661216.06 Recorded by: Batman Flash and I were running out of time, and I knew we needed back-up in case we missed the Riddler's deadline. Hawkman was the obvious choice.","""Any Hero"" Specials, excluding BQ, may be placed this battle. If placed, only that character may use the Special.",,,Normal,Common,,,Event
Race Against Crime - Justice League Case Files #661216.09,RaceAgainstCrime09-DCOP_cb20200627191044.jpg,https://cardguide.fandom.com/wiki/Race_Against_Crime_-_Justice_League_Case_File_661216.09_(DCOP),The Flash,,,"File Entry: 661216.09 Recorded by: Flash Batman had already dealt with the first of the Riddler's missiles. Now I had to take out the second, or else Babylon Towers was toast!",Switch any front line hero with the reserve hero.,,,Normal,Common,,,Event
Race Against Crime - Justice League Case Files #661216.01,RaceAgainstCrime01-DCOP_cb20200627191329.jpg,https://cardguide.fandom.com/wiki/Race_Against_Crime_-_Justice_League_Case_File_661216.01_(DCOP),The Riddler,,,"File Entry: 661216.01 Recorded by: Batman In his latest escape from Arkham, the Riddler locked the security system with an endless logic puzzle while he slipped away. A clever play.",No Intellect Power cards may be played this battle. Affected Power cards are not discarded.,,,Normal,Common,,,Event
Race Against Crime - Justice League Case Files #661216.10,RaceAgainstCrime10-DCOP_cb20200627190731.jpg,https://cardguide.fandom.com/wiki/Race_Against_Crime_-_Justice_League_Case_File_661216.10_(DCOP),"Batman, The Flash",,,"File Entry: 661216.10 Recorded by: Flash Being the ""Fastest Man Alive"" also, unfortunately, means I make mistakes just as fast. I heard Batman's warning about the eyebeam too late.","All attacks with an energy icon must be made against the same front line character this battle, until character is KO'd.",,,Normal,Common,,,Event
Ra's Al Ghul™ - Talia,RasAlGhulTalia-DCOP_cb20200424212204.jpg,https://cardguide.fandom.com/wiki/Ra%27s_Al_Ghul_-_Talia_(DCOP),"Talia al Ghul, Ra's al Ghul",CC,,,Acts as a level 5 Intellect Power card. May be used to attack or defend. May not be combined with Universe cards.,,Cost/Effect: Intellect 5,Normal,Rare,Villain,,Special
"Race Against Crime 4 - ""When?""",RaceAgainstCrime4-DCOP_cb20200627183859.jpg,https://cardguide.fandom.com/wiki/Race_Against_Crime_4_-_%22When%3F%22_(DCOP),"The Flash, Batman",,,,,,,Normal,Common,,,Mission
"Race Against Crime 3 - ""How?""",RaceAgainstCrime3-DCOP_cb20200627183547.jpg,https://cardguide.fandom.com/wiki/Race_Against_Crime_3_-_%22How%3F%22_(DCOP),The Riddler,,,,,,,Normal,Common,,,Mission
"Race Against Crime 3 - ""Why?""",RaceAgainstCrime1-DCOP_cb20200627190059.jpg,https://cardguide.fandom.com/wiki/Race_Against_Crime_1_-_%22Why%3F%22_(DCOP),The Flash,,,,,,,Normal,Common,,,Mission
"Race Against Crime 2 - ""Where?""",RaceAgainstCrime2-DCOP_cb20200627185122.jpg,https://cardguide.fandom.com/wiki/Race_Against_Crime_2_-_%22Where%3F%22_(DCOP),"Batman, The Flash",,,,,,,Normal,Common,,,Mission
"Race Against Crime 5 - ""Which?""",RaceAgainstCrime5-DCOP_cb20200627185329.jpg,https://cardguide.fandom.com/wiki/Race_Against_Crime_5_-_%22Which%3F%22_(DCOP),"Batman, The Flash",,,,,,,Normal,Common,,,Mission
"Race Against Crime 6 - ""What?'",RaceAgainstCrime6-DCOP_cb20200627185753.jpg,https://cardguide.fandom.com/wiki/Race_Against_Crime_6_-_%22What%3F%22_(DCOP),"Batman, The Flash",,,,,,,Normal,Common,,,Mission
"Race Against Crime 7 - ""Who?""",RaceAgainstCrime7-DCOP_cb20200627190237.jpg,https://cardguide.fandom.com/wiki/Race_Against_Crime_7_-_%22Who%3F%22_(DCOP),"The Riddler, unknown",,,,,,,Normal,Common,,,Mission
Riddler™ - Colt Revolver,RiddlerColtRevolver-DCOP_cb20200423171858.jpg,https://cardguide.fandom.com/wiki/Riddler_-_Colt_Revolver_(DCOP),The Riddler,DG,,,Acts as a level 2 Energy attack. May make 2 additional attacks.,,Cost/Effect: Energy 2,Normal,Uncommon,Villain,,Special
Riddler™ - Death Trap,RiddlerDeathTrap-DCOP_cb20200423164118.jpg,https://cardguide.fandom.com/wiki/Riddler_-_Death_Trap_(DCOP),"Robin, The Riddler, Query, Echo (DC Comics)",BA,,,Acts as a level 3 Strength attack. Can only be defended by a Power card with a Universe card. One Per Deck,,Cost/Effect: Strength 3,Normal,Rare,Villain,,Special
Riddler™ - Dirty Cheat,RiddlerDirtyCheat-DCOP_cb20200423164635.jpg,https://cardguide.fandom.com/wiki/Riddler_-_Dirty_Cheat_(DCOP),The Riddler,CF,,,Riddler may increase either his team's or opponent's ventured Mission cards by 1.,,Cost/Effect: -,Normal,Uncommon,Villain,,Special
Riddler™,Riddler-DCOP_cb20200401181334.jpg,https://cardguide.fandom.com/wiki/Riddler_(DCOP),The Riddler,,,,,,Energy 3Fighting 5Strength 3Intellect 7,Normal,Rare,Villain,,Character
Riddler™ - Query™ and Echo™,RiddlerQueryAndEcho-DCOP_cb20200423173637.jpg,https://cardguide.fandom.com/wiki/Riddler_-_Query_and_Echo_(DCOP),"The Riddler, Query, Echo (DC Comics)",CC,,,May be used as a level 5 Fighting Power card to attack or a level 5 Intellect Power card to defend. May not be combined with a Universe card.,,"Cost/Effect: Fighting 5, Intellect 5",Normal,Rare,Villain,,Special
Robin™ - Bo Staff,RobinBoStaff-DCOP_cb20200424181519.jpg,https://cardguide.fandom.com/wiki/Robin_-_Bo_Staff_(DCOP),"Robin, 2 unknowns",AE,,,Acts as a level 4 Fighting attack. May combine with 1 Energy card for a single attack.,,Cost/Effect: Fighting 4,Normal,Rare,Hero,,Special
Robin™ - Expert Training,RobinExpertTraining-DCOP_cb20200424191425.jpg,https://cardguide.fandom.com/wiki/Robin_-_Expert_Training_(DCOP),Robin,AM,,,Robin gains a +1 to all action for remainder of battle.,,Cost/Effect: -,Normal,Common,Hero,,Special
Riddler™ - Master of Misdirection,RiddlerMasterOfMisdirection-DCOP_cb20200423171144.jpg,https://cardguide.fandom.com/wiki/Riddler_-_Master_of_Misdirection_(DCOP),"Batman, The Riddler",BK,,,Riddler plays numerical attacks face down for remainder of battle. Opponent must guess defense. One Per Deck,,Cost/Effect: -,Normal,Very Rare,Villain,,Special
Robin™,Robin-DCOP_cb20200401181916.jpg,https://cardguide.fandom.com/wiki/Robin_(DCOP),Robin,,,,,,Energy 3Fighting 6Strength 2Intellect 7,Normal,Uncommon,Hero,,Character
Robin™ - Insignia Dart,RobinInsigniaDart-DCOP_cb20200424193736.jpg,https://cardguide.fandom.com/wiki/Robin_-_Insignia_Dart_(DCOP),Robin,BA,,,Acts as a level 3 Fighting attack. Can only be defended by a card with an Intellect icon.,,Cost/Effect: Fighting 3,Normal,Rare,Hero,,Special
Robin™ - Quick Thinking,RobinQuickThinking-DCOP_cb20200424194709.jpg,https://cardguide.fandom.com/wiki/Robin_-_Quick_Thinking_(DCOP),Robin,AT,,,Draw 1 card. Do not discard if duplicate. One Per Deck,,Cost/Effect: -,Normal,Very Rare,Hero,,Special
Robin™ - Loyal Partner,RobinLoyalPartner-DCOP_cb20200424194246.jpg,https://cardguide.fandom.com/wiki/Robin_-_Loyal_Partner_(DCOP),"Robin, Batman",EW,,,Teammate may make 1 attack at +2.,,Cost/Effect: -,Normal,Uncommon,Hero,,Special
Sabotage,Sabotage-DCOP_cb20200511165302.jpg,https://cardguide.fandom.com/wiki/Sabotage_(DCOP),The Joker,,,,-,,Cost/Effect: 7 Intellect to use+2 to Intellect,Normal,Common,-,,Universe
Shadowdragon™,Shadowdragon-DCOP_cb20200513132658.jpg,https://cardguide.fandom.com/wiki/Shadowdragon_(DCOP),"Shadowdragon, Superman",,,,Teammate may play one Special card.,,Cost/Effect: 5 Fighting to useActs as 3 Fighting attack,Normal,Uncommon,"Ally, Hero",,Universe
Scarecrow™,Scarecrow-DCOP_cb20200513131917.jpg,https://cardguide.fandom.com/wiki/Scarecrow_(DCOP),"Scarecrow (DC Comics), The Joker",,,,Teammate may play one Special card.,,Cost/Effect: 5 Energy to useActs as 3 Energy attack,Normal,Common,"Ally, Villain",,Universe
Steel™ - Boot Jets,SteelBootJets-DCOP_cb20200430151738.jpg,https://cardguide.fandom.com/wiki/Steel_-_Boot_Jets_(DCOP),Steel,CD,,,Only attacks made with Universe cards may be played against Steel for remainder of battle.,,Cost/Effect: -,Normal,Rare,Hero,,Special
Steel™,Steel-DCOP_cb20200401192846.jpg,https://cardguide.fandom.com/wiki/Steel_(DCOP),Steel,,,,,,Energy 5Fighting 3Strength 6Intellect 4,Normal,Rare,Hero,,Character
Steel™ - Exo-Skeleton,SteelExoSkeleton-DCOP_cb20200427102800.jpg,https://cardguide.fandom.com/wiki/Steel_-_Exo-Skeleton_(DCOP),Steel,AR,,,Acts as a level 4 Strength attack.,,Cost/Effect: Strength 4,Normal,Rare,Hero,,Special
Steel™ - Hammer,SteelHammer-DCOP_cb20200427102146.jpg,https://cardguide.fandom.com/wiki/Steel_-_Hammer_(DCOP),Steel,AQ,,,"Acts as a level 7 Energy, Strength, Fighting, or Intellect attack. One Per Deck",,Cost/Effect: Energy 7; Strength 7; Fighting 7; Intellect 7,Normal,Very Rare,Hero,,Special
Silver Banshee™,SilverBanshee-DCOP_cb20200513134520.jpg,https://cardguide.fandom.com/wiki/Silver_Banshee_(DCOP),"Lex Luthor, Silver Banshee",,,,Teammate may play one Special card.,,Cost/Effect: 6 Energy to useActs as 1 Energy attack,Normal,Common,"Ally, Villain",,Universe
Steel™ - Rivet Gun,SteelRivetGun-DCOP_cb20200430151426.jpg,https://cardguide.fandom.com/wiki/Steel_-_Rivet_Gun_(DCOP),"Steel, unknown",EX,,,Target character may not use cards with a Fighting icon for remainder of battle.,,Cost/Effect: -,Normal,Rare,Hero,,Special
Spinning Kick,SpinningKick-DCOP_cb20200501114905.jpg,https://cardguide.fandom.com/wiki/Spinning_Kick_(DCOP),"unknown, Catwoman",,,,-,,Cost/Effect: 6 Fighting to use+2 to Fighting,Normal,Common,-,,Universe
Superboy™ - Cool Glasses,SuperboyCoolShades-DCOP_cb20200425202754.jpg,https://cardguide.fandom.com/wiki/Superboy_-_Cool_Shades_(DCOP),Superboy,AE,,,Acts as a level 4 Energy attack. May combine with 1 Fighting card for a single attack.,,Cost/Effect: Energy 4,Normal,Rare,Hero,,Special
Superboy™,Superboy-DCOP_cb20200401193341.jpg,https://cardguide.fandom.com/wiki/Superboy_(DCOP),Superboy,,,,,,Energy 6Fighting 3Strength 6Intellect 3,Normal,Rare,Hero,,Character
Superboy™ - Dubbilex,SuperboyDubbilex-DCOP_cb20200426103902.jpg,https://cardguide.fandom.com/wiki/Superboy_-_Dubbilex_(DCOP),"Superboy, Dubbilex",EY,,,Opponent's team may not use cards with an Intellect icon for remainder of battle. One Per Deck,,Cost/Effect: -,Normal,Very Rare,Hero,,Special
Steel™ - Human Shield,SteelHumanShield-DCOP_cb20200425181613.jpg,https://cardguide.fandom.com/wiki/Steel_-_Human_Shield_(DCOP),"2 unknowns, Steel",AC,,,"Attack made on teammate is now made on Steel, who may defend.",,Cost/Effect: -,Normal,Uncommon,Hero,,Special
Superboy™ - Kid of Steel,SuperboyKidOfSteel-DCOP_cb20200427103403.jpg,https://cardguide.fandom.com/wiki/Superboy_-_Kid_of_Steel_(DCOP),Superboy,AH,,,No cards with a Fighting icon may be played against Superboy for remainder of battle.,,Cost/Effect: -,Normal,Uncommon,Hero,,Special
Superboy™ - Tactile Telekinesis,SuperboyTactileTelekinesis-DCOP_cb20200427122321.jpg,https://cardguide.fandom.com/wiki/Superboy_-_Tactile_Telekinesis_(DCOP),"Superboy, unknown",AI,,,Target character must discard 1 placed card of Superboy's choice.,,Cost/Effect: -,Normal,Rare,Hero,,Special
"Superboy™ - Up, Up, and Away",SuperboyUpUpAndAeay-DCOP_cb20200427104322.jpg,"https://cardguide.fandom.com/wiki/Superboy_-_Up,_Up,_and_Away_(DCOP)",Superboy,AD,,,Avoid 1 Energy or Strength attack.,,Cost/Effect: -,Normal,Uncommon,Hero,,Special
Supergirl™ - Psychokinetic Bolt,SupergirlPsychokineticBolt-DCOP_cb20200430140156.jpg,https://cardguide.fandom.com/wiki/Supergirl_-_Psychokinetic_Bolt_(DCOP),Supergirl,AR,,,Acts as a level 4 Energy attack.,,Cost/Effect: Energy 4,Normal,Uncommon,Hero,,Special
Supergirl™ - Telekinetic Shield,SupergirlTelekineticShield-DCOP_cb20200430143302.jpg,https://cardguide.fandom.com/wiki/Supergirl_-_Telekinetic_Shield_(DCOP),"Supergirl, 2 unknowns",AG,,,Supergirl or teammate may avoid 1 attack of 4 or less.,,Cost/Effect: -,Normal,Rare,Hero,,Special
Supergirl™ - Shapeshift,SupergirlShapeshift-DCOP_cb20200427185443.jpg,https://cardguide.fandom.com/wiki/Supergirl_-_Shapeshift_(DCOP),Supergirl,EZ,,,Play in the current battle. Supergirl's Energy and Fighting skills are increased to 7 in the next battle. One Per Deck,,Cost/Effect: -,Normal,Very Rare,Hero,,Special
Superman™,Superman-DCOP_cb20200403130119.jpg,https://cardguide.fandom.com/wiki/Superman_(DCOP),Superman,,,,,,Energy 7Fighting 4Strength 7Intellect 3,Normal,Rare,Hero,,Character
Supergirl™,Supergirl-DCOP_cb20200401193823.jpg,https://cardguide.fandom.com/wiki/Supergirl_(DCOP),Supergirl,,,,,,Energy 6Fighting 4Strength 6Intellect 3,Normal,Rare,Hero,,Character
Supergirl™ - Levitation,SupergirlLevitation-DCOP_cb20200427191131.jpg,https://cardguide.fandom.com/wiki/Supergirl_-_Levitation_(DCOP),Supergirl,CN,,,No Universe cards may be played against Supergirl for remainder of battle.,,Cost/Effect: -,Normal,Uncommon,Hero,,Special
Superman™ - Defying Earth's Gravity,SupermanDefyingEarthsGravity-DCOP_cb20200430144118.jpg,https://cardguide.fandom.com/wiki/Superman_-_Defying_Earth%27s_Gravity_(DCOP),Superman,AD,,,Avoid 1 Energy or Fighting attack.,,Cost/Effect: -,Normal,Uncommon,Hero,,Special
Supergirl™ - Cloaking Shield,SupergirlCloakingShield-DCOP_cb20200427104722.jpg,https://cardguide.fandom.com/wiki/Supergirl_-_Cloaking_Shield_(DCOP),Supergirl,FA,,,Supergirl may not attack or be attacked for remainder of battle.,,Cost/Effect: -,Normal,Rare,Hero,,Special
Superman™ - Earth's Greatest Hero,SupermanEarthsGreatestHero-DCOP_cb20200430155103.jpg,https://cardguide.fandom.com/wiki/Superman_-_Earth%27s_Greatest_Hero_(DCOP),Superman,CQ,,,All Superman Special cards are doubled when determining venture total in this battle.,,Cost/Effect: -,Normal,Rare,Hero,,Special
Superman™ - Man of Steel,SupermanManOfSteel-DCOP_cb20200430153813.jpg,https://cardguide.fandom.com/wiki/Superman_-_Man_of_Steel_(DCOP),Superman,DM,,,Superman's Strength Power cards are +2 for remainder of battle.,,Cost/Effect: -,Normal,Rare,Hero,,Special
Superman™ - Heat Vision,SupermanHeatVision-DCOP_cb20200430170041.jpg,https://cardguide.fandom.com/wiki/Superman_-_Heat_Vision_(DCOP),Superman,AR,,,Acts as a level 4 Energy attack.,,Cost/Effect: Energy 4,Normal,Uncommon,Hero,,Special
Superman™ - Last Son of Krypton,SupermanLastSonOfKrypton-DCOP_cb20200430152439.jpg,https://cardguide.fandom.com/wiki/Superman_-_Last_Son_of_Krypton_(DCOP),"Superman, 2 unknowns",BM,,,"Acts as a level 7 Strength attack. If successful, target character may not attack for remainder of battle. One Per Deck",,Cost/Effect: Strength 7,Normal,Very Rare,Hero,,Special
Takedown,Takedown-DCOP_cb20200511192400.jpg,https://cardguide.fandom.com/wiki/Takedown_(DCOP),Doomsday,,,,-,,Cost/Effect: 8 Strength to use+1 to Strength,Normal,Common,-,,Universe
Sweep,Sweep-DCOP_cb20200510163050.jpg,https://cardguide.fandom.com/wiki/Sweep_(DCOP),"Batman, unknown",,,,-,,Cost/Effect: 7 Fighting to use+1 to Fighting,Normal,Common,-,,Universe
Thorn™,Thorn-DCOP_cb20200403130911.jpg,https://cardguide.fandom.com/wiki/Thorn_(DCOP),Thorn (DC Comics),,,,,,Energy 4Fighting 6Strength 3Intellect 5,Normal,Uncommon,Villain,,Character
Temporal,Temporal-DCOP_cb20200511190840.jpg,https://cardguide.fandom.com/wiki/Temporal_(DCOP),"Brainiac, unknown",,,,-,,Cost/Effect: 8 Energy to use+3 to Energy,Normal,Uncommon,-,,Universe
Thorn™ - Barbed Lash,ThornBarbedLash-DCOP_cb20200430155454.jpg,https://cardguide.fandom.com/wiki/Thorn_-_Barbed_Lash_(DCOP),Thorn,CE,,,Opponent must discard top card from Draw Pile into Dead Pile.,,Cost/Effect: -,Normal,Rare,Villain,,Special
Thorn™ - Combat Daggers,ThornCombatDaggers-DCOP_cb20200430172336.jpg,https://cardguide.fandom.com/wiki/Thorn_-_Combat_Daggers_(DCOP),"Thorn, 2 unknowns",AB,,,Acts as a level 4 Fighting attack. May make 1 additional Fighting attack.,,Cost/Effect: Fighting 4,Normal,Uncommon,Villain,,Special
Thorn™ - Explosive Charge,ThornExplosiveCharge-DCOP_cb20200430170313.jpg,https://cardguide.fandom.com/wiki/Thorn_-_Explosive_Charge_(DCOP),Thorn,AU,,,Target character must discard all placed cards. One Per Deck,,Cost/Effect: -,Normal,Very Rare,Villain,,Special
Thorn™ - Battle Instinct,ThornBattleInstinct-DCOP_cb20200430165627.jpg,https://cardguide.fandom.com/wiki/Thorn_-_Battle_Instinct_(DCOP),"Thorn, 2 unknowns",BX,,,Acts as a level 4 Intellect attack. May combine with a Universe card. Universe bonus added to Venture total for this battle.,,Cost/Effect: Intellect 4,Normal,Rare,Villain,,Special
Throw,Throw-DCOP_cb20200510175134.jpg,https://cardguide.fandom.com/wiki/Throw_(DCOP),"Batman, unknown",,,,-,,Cost/Effect: 7 Fighting to use+3 to Fighting,Normal,Uncommon,-,,Universe
Thorn™ - Street Fighter,ThornStreetFighter-DCOP_cb20200430172746.jpg,https://cardguide.fandom.com/wiki/Thorn_-_Street_Fighter_(DCOP),"Thorn, unknown",CI,,,"Play with Fighting Power card attack. If attack succeeds, add +2 to damage",,Cost/Effect: Fighting +2,Normal,Common,Villain,,Special
Two-Face™ - .45 Automatic,TwoFace45Automatic-DCOP_cb20200430173031.jpg,https://cardguide.fandom.com/wiki/Two-Face_-_.45_Automatic_(DCOP),Two-Face,AP,,,Acts as a level 6 Energy attack. Cannot be defended by a card with an Intellect icon.,,Cost/Effect: Energy 6,Normal,Rare,Villain,,Special
Two-Face™ - Criminal Mastermind,TwoFaceCriminalMastermind-DCOP_cb20200430173931.jpg,https://cardguide.fandom.com/wiki/Two-Face_-_Criminal_Mastermind_(DCOP),Two-Face,BT,,,Opponent's Fighting Power cards do not count in the venture total for this battle.,,Cost/Effect: -,Normal,Rare,Villain,,Special
Two-Face™ - Double Trouble,TwoFaceDoubleTrouble-DCOP_cb20200430174316.jpg,https://cardguide.fandom.com/wiki/Two-Face_-_Double_Trouble_(DCOP),"Two-Face, 2 unknowns",FC,,,Play with any Strength or Energy Power card attack. Power card must be blocked twice.,,Cost/Effect: -,Normal,Uncommon,Villain,,Special
Two-Face™ - Tommygun,TwoFaceTommygun-DCOP_cb20200430180627.jpg,https://cardguide.fandom.com/wiki/Two-Face_-_Tommygun_(DCOP),Two-Face,BV,,,Two-Face may make as many Fighting Power card attacks as possible. Opponent may defend. One Per Deck,,Cost/Effect: -,Normal,Very Rare,Villain,,Special
Two-Face™ - Flip of the Coin,TwoFaceFlipOfTheCoin-DCOP_cb20200430175042.jpg,https://cardguide.fandom.com/wiki/Two-Face_-_Flip_of_the_Coin_(DCOP),Two-Face,FB,,,"Draw top card from Draw Pile. If drawn card is an attack, Two-Face may use it. If drawn card is not an attack, discard it to the Dead Pile.",,Cost/Effect: -,Normal,Uncommon,Villain,,Special
Two-Face™,TwoFace-DCOP_cb20200403131734.jpg,https://cardguide.fandom.com/wiki/Two-Face_(DCOP),Two-Face,,,,,,Energy 3Fighting 6Strength 3Intellect 6,Normal,Rare,Villain,,Character
Uppercut,Uppercut-DCOP_cb20200501121033.jpg,https://cardguide.fandom.com/wiki/Uppercut_(DCOP),"Bane, unknown",,,,-,,Cost/Effect: 6 Strength to use+1 to Strength,Normal,Common,-,,Universe
Ra's Al Ghul™ - Master Swordsman,RasAlGhulMasterSwordsman-DCOP_cb20200424220402.jpg,https://cardguide.fandom.com/wiki/Ra%27s_Al_Ghul_-_Master_Swordsman_(DCOP),"Batman, Ra's al Ghul",AA,,,Acts as a level 4 Fighting attack. May make 1 additional attack.,,Cost/Effect: Fighting 4,Normal,Uncommon,Villain,,Special
