Name,ImageName,PageURL,Character List,Characters,Control,Flavor Text,Game Text,Numbers,Printing,Rarity,Subtype,Traits,Trivia,Type
"""Ship""",Ship-MNOP_cb20210413185138.jpg,https://cardguide.fandom.com/wiki/%22Ship%22_(MNOP),Apocalypse Cyclops Jean Grey Angel Beast Iceman,Beast,,,"""Ship"" Team Hits to KO is 25 points, unless otherwise altered.",,Normal,Uncommon,,,,Location
1 Strength,1Strength-MNOP_cb20210514114630.jpg,https://cardguide.fandom.com/wiki/1_Strength_(MNOP),,Mole Man,,,,,Normal,Common,,,,Power
2 Energy,2Energy-MNOP_cb20210514093941.jpg,https://cardguide.fandom.com/wiki/2_Energy_(MNOP),,Puma,,,,,Normal,Common,,,,Power
2 Multi-Power,2MultiPower-MNOP_cb20210521164456.jpg,https://cardguide.fandom.com/wiki/2_MultiPower_(MNOP),,Howard the Duck,,,,,Normal,Common,,,,Power
2 Intellect,2Intellect-MNOP_cb20210514121954.jpg,https://cardguide.fandom.com/wiki/2_Intellect_(MNOP),,Abomination,,,,,Normal,Common,,,,Power
1 Fighting,1Fighting-MNOP_cb20210514103954.jpg,https://cardguide.fandom.com/wiki/1_Fighting_(MNOP),,Wasp,,,,,Normal,Common,,,,Power
1 Intellect,1Intellect-MNOP_cb20210514121326.jpg,https://cardguide.fandom.com/wiki/1_Intellect_(MNOP),,Drax the Destroyer,,,,,Normal,Common,,,,Power
1 Multi-Power,1MultiPower-MNOP_cb20210514130739.jpg,https://cardguide.fandom.com/wiki/1_MultiPower_(MNOP),,Man-Thing,,,,,Normal,Common,,,,Power
2 Fighting,2Fighting-MNOP_cb20210514104216.jpg,https://cardguide.fandom.com/wiki/2_Fighting_(MNOP),,Absorbing Man,,,,,Normal,Common,,,,Power
2 Strength,2Strenght-MNOP_cb20210514115042.jpg,https://cardguide.fandom.com/wiki/2_Strength_(MNOP),,Rogue,,,,,Normal,Common,,,,Power
3 Intellect,3Intellect-MNOP_cb20210514122130.jpg,https://cardguide.fandom.com/wiki/3_Intellect_(MNOP),,"Puppet Master, Thing (Marvel Comics)",,,,,Normal,Common,,,,Power
3 Energy,3Energy-MNOP_cb20210514094143.jpg,https://cardguide.fandom.com/wiki/3_Energy_(MNOP),,Pyro,,,,,Normal,Common,,,,Power
3 Multi-Power,3MultIPower-MNOP_cb20210521165048.jpg,https://cardguide.fandom.com/wiki/3_MultiPower_(MNOP),,Rom (Marvel Comics),,,,,Normal,Uncommon,,,,Power
3 Fighting,3Fighting-MNOP_cb20210514105530.jpg,https://cardguide.fandom.com/wiki/3_Fighting_(MNOP),,Storm (Marvel Comics),,,,,Normal,Common,,,,Power
1 Energy,1Energy-MNOP_cb20210514093552.jpg,https://cardguide.fandom.com/wiki/1_Energy_(MNOP),,Vulture,,,,,Normal,Common,,,,Power
3 Strength,3Strength-MNOP_cb20210514115331.jpg,https://cardguide.fandom.com/wiki/3_Strength_(MNOP),,Falcon,,,,,Normal,Common,,,,Power
4 Fighting,4Fighting-MNOP_cb20210514113037.jpg,https://cardguide.fandom.com/wiki/4_Fighting_(MNOP),,Ka-Zar,,,,,Normal,Common,,,,Power
4 Energy,4Energy-MNOP_cb20210514101948.jpg,https://cardguide.fandom.com/wiki/4_Energy_(MNOP),,Ghost Rider,,,,,Normal,Common,,,,Power
4 Multi-Power,4MultiPower-MNOP_cb20210521165438.jpg,https://cardguide.fandom.com/wiki/4_MultiPower_(MNOP),,Mimic,,,,,Normal,Rare,,,,Power
5 Fighting,5Fighting-MNOP_cb20210514113331.jpg,https://cardguide.fandom.com/wiki/5_Fighting_(MNOP),,Iron Fist,,,,,Normal,Common,,,,Power
5 Energy,5Energy-MNOP_cb20210514103033.jpg,https://cardguide.fandom.com/wiki/5_Energy_(MNOP),,Psylocke,,,,,Normal,Common,,,,Power
4 Strength,4Strength-MNOP_cb20210514115612.jpg,https://cardguide.fandom.com/wiki/4_Strength_(MNOP),,Moon Knight,,,,,Normal,Common,,,,Power
5 Strength,5Strength-MNOP_cb20210514115741.jpg,https://cardguide.fandom.com/wiki/5_Strength_(MNOP),,Spider-Man,,,,,Normal,Common,,,,Power
4 Intellect,4Intellect-MNOP_cb20210514122406.jpg,https://cardguide.fandom.com/wiki/4_Intellect_(MNOP),,Captain Marvel (Mar-Vell),,,,,Normal,Common,,,,Power
6 Energy,6Energy-MNOP_cb20210514103336.jpg,https://cardguide.fandom.com/wiki/6_Energy_(MNOP),,Iceman,,,,,Normal,Uncommon,,,,Power
6 Intellect,6Intellect-MNOP_cb20210514130154.jpg,https://cardguide.fandom.com/wiki/6_Intellect_(MNOP),,Iron Man,,,,,Normal,Uncommon,,,,Power
6 Fighting,6Fighting-MNOP_cb20210514113731.jpg,https://cardguide.fandom.com/wiki/6_Fighting_(MNOP),,Black Panther,,,,,Normal,Uncommon,,,,Power
5 Intellect,5Intellect-MNOP_cb20210514122631.jpg,https://cardguide.fandom.com/wiki/5_Intellect_(MNOP),,Loki,,,,,Normal,Common,,,,Power
6 Strength,6Strength-MNOP_cb20210514120420.jpg,https://cardguide.fandom.com/wiki/6_Strength_(MNOP),,Thunderbird,,,,,Normal,Uncommon,,,,Power
7 Energy,7Energy-MNOP_cb20210514103538.jpg,https://cardguide.fandom.com/wiki/7_Energy_(MNOP),,Sunfire,,,,,Normal,Uncommon,,,,Power
7 Intellect,7Intellect-MNOP_cb20210514130323.jpg,https://cardguide.fandom.com/wiki/7_Intellect_(MNOP),,Beast,,,,,Normal,Uncommon,,,,Power
7 Strength,7Strength-MNOP_cb20210514120804.jpg,https://cardguide.fandom.com/wiki/7_Strength_(MNOP),,Hercules,,,,,Normal,Uncommon,,,,Power
7 Fighting,7Fighting-MNOP_cb20210514113916.jpg,https://cardguide.fandom.com/wiki/7_Fighting_(MNOP),,Bullseye,,,,,Normal,Uncommon,,,,Power
8 Energy,8Energy-MNOP_cb20210514103756.jpg,https://cardguide.fandom.com/wiki/8_Energy_(MNOP),,Dark Phoenix,,,,,Normal,Rare,,,,Power
8 Intellect,8Intellect-MNOP_cb20210514130503.jpg,https://cardguide.fandom.com/wiki/8_Intellect_(MNOP),,Dracula,,,,,Normal,Rare,,,,Power
8 Strength,8Strength-MNOP_cb20210514121201.jpg,https://cardguide.fandom.com/wiki/8_Strength_(MNOP),,Hulk,,,,,Normal,Rare,,,,Power
Adam Warlock,AdamWarlock-MNOP_cb20170304235526.jpg,https://cardguide.fandom.com/wiki/Adam_Warlock_(MNOP),,Adam Warlock,,,,Energy 7Fighting 2Strength 5Intellect 6,Normal,Very Rare,,"Marvel Comics, Male",,Character
Adam Warlock - Soul Gem,AdamWarlockSoulGem-MNOP_cb20210521171000.jpg,https://cardguide.fandom.com/wiki/Adam_Warlock_-_Soul_Gem_(MNOP),,Adam Warlock,FD,,"Only Adam Warlock and Target Character may attack, be attacked, or defend this battle. One Per Deck",Cost/Effect: -,Normal,Very Rare,,,,Special
Adam Warlock - Energy Barrage,AdamWarlockEnergyBarrage-MNOP_cb20210521170802.jpg,https://cardguide.fandom.com/wiki/Adam_Warlock_-_Energy_Barrage_(MNOP),,Adam Warlock,AR,,Acts as a level 7 Energy attack.,Cost/Effect: Energy 7,Normal,Uncommon,,,,Special
Adam Warlock - Cosmic Alliance,AdamWarlockCosmicAlliance-MNOP_cb20210521170309.jpg,https://cardguide.fandom.com/wiki/Adam_Warlock_-_Cosmic_Alliance_(MNOP),,"Adam Warlock, Thanos",FE,,Acts as a level 3 Fighting attack. Each Front Line teammate may make 1 additional attack.,Cost/Effect: Fighting 3,Normal,Uncommon,,,,Special
Alpha Flight,AlphaFlight-MNOP_cb20170305015605.jpg,https://cardguide.fandom.com/wiki/Alpha_Flight_(MNOP),,Sasquatch (Walter Longkowski) Guardian (Heather McNeil) Puck (Eugene Judd) Snowbird (Narya),,,,Energy 4Fighting 7Strength 4Intellect 6,Normal,Rare,,"Marvel Comics, No gender",,Character
Age of Apocalypse - Time Warper!,AgeOfApocalypseTimeWarper-MNOP_cb20210406200901.jpg,https://cardguide.fandom.com/wiki/Age_of_Apocalypse_-_Time_Warper!_(MNOP),,Legion,,Only a mind so powerful and tortured could force back the hands of time to change what might have been...,"For remainder of battle, each player may either take his turn or place 1 card.",,Normal,Rare,,,,Event
Alpha Flight - Guardian,AlphaFlightGuardian-MNOP_cb20210521173136.jpg,https://cardguide.fandom.com/wiki/Alpha_Flight_-_Guardian_(MNOP),,"Guardian (James Hudson), Puck",AG,,Teammate may avoid 1 attack.,Cost/Effect: -,Normal,Uncommon,,,,Special
8 Fighting,8Fighting-MNOP_cb20210514114304.jpg,https://cardguide.fandom.com/wiki/8_Fighting_(MNOP),,"Weapon X, Wolverine",,,,,Normal,Rare,,,,Power
Alpha Flight - Sasquatch,AlphaFlightSasquatch-MNOP_cb20210521173742.jpg,https://cardguide.fandom.com/wiki/Alpha_Flight_-_Sasquatch_(MNOP),,Sasquatch,HR,,Acts as a level 9 Strength or Intellect attack. One Per Deck,Cost/Effect: Strength 9/Intellect 9,Normal,Very Rare,,,,Special
Alpha Flight - Aroura (sic),AlphaFlightAroura-MNOP_cb20210521172824.jpg,https://cardguide.fandom.com/wiki/Alpha_Flight_-_Aurora_(MNOP),,Aurora,HF,,Acts as a level 4 Fighting or Energy attack.,Cost/Effect: Fighting 4/Energy 4,Normal,Common,,,,Special
Any Character - Bastion,AnyCharacterBastion-MNOP_cb20210521165836.jpg,https://cardguide.fandom.com/wiki/Any_Character_-_Bastion_(MNOP),,Bastion,ZZ,,"Negate the effect of any 1 Special card. This card may be Placed. If Placed, may only negate an ""Any Hero/Character"" Special. One Per Deck",,Normal,Very Rare,,,,Special
Annihilation Affiar - Deep Cover Operative,AnnhilationAffairDeepCoverOperative-MNOP_cb20210406201316.jpg,https://cardguide.fandom.com/wiki/Annihilation_Affair_-_Deep_Cover_Operative_(MNOP),,Sharon Carter,,"Months of dangerous deep cover work paid dividends when, at the critical moment, key information was provided by our mole...","After playing, reveal any 1 card in your hand that contains an Intellect icon to your opponent.",,Normal,Rare,,,,Event
Assault on Onslaught - Fuel for the Machine,AssaultOnOnslaughtFuelForTheMachine-MNOP_cb20210406201948.jpg,https://cardguide.fandom.com/wiki/Assault_on_Onslaught_-_For_the_Machine_(MNOP),,X-Man,,Could almost limitless power be deceived by an unrelenting evil into furthering a plan to reshape reality as we know it...,Sort through Draw Pile card by card. Put the first card with more than one icon in your hand. May be a duplicate. Reshuffle Draw Pile.,,Normal,Rare,,,,Event
Avalon,Avalon-MNOP_cb20210413190351.jpg,https://cardguide.fandom.com/wiki/Avalon_(MNOP),Magneto Bishop Colossus Professor X Cable Acolytes,none,,,"During the Discard Phase, Opponent may remove 1 Hit from any Character.",,Normal,Very Rare,,,,Location
Alpha Flight - Puck,AlphaFlightPuck-MNOP_cb20210521173435.jpg,https://cardguide.fandom.com/wiki/Alpha_Flight_-_Puck_(MNOP),,Puck,EJ,,"Acts as a level 2 Strength attack. If successful, acts as a level 8 Energy Power card.",Cost/Effect: Strength 2/Energy 8,Normal,Uncommon,,,,Special
Banshee - Interpol,BansheeInterpol-MNOP_cb20210521212917.jpg,https://cardguide.fandom.com/wiki/Banshee_-_Interpol_(MNOP),,"Sean Cassidy, unknown",JC,,Acts as a level 5 Intellect attack. Banshee may play 1 additional Special card.,Cost/Effect: Intellect 5,Normal,Uncommon,,,,Special
"Asteroid ""M""",AsteroidM-MNOP_cb20210413190011.jpg,https://cardguide.fandom.com/wiki/Asteroid_%22M%22_(MNOP),Magneto Quicksilver Scarlet Witch Mystique Blob Rogue,Magneto,,,"For every Value of 2 or less on Character's Power Grid, that Character may not be Spectrum KO'd by that Power Type.",,Normal,Uncommon,,,,Location
Alpha Flight - Shaman,AlphaFlightShaman-MNOP_cb20210521174037.jpg,https://cardguide.fandom.com/wiki/Alpha_Flight_-_Shaman_(MNOP),,Shaman,CK,,Play in current battle to resurrect any KO'd teammate next battle. Teammate is discarded at end of next battle. One Per Deck,Cost/Effect: -,Normal,Very Rare,,,,Special
Alpha Flight - Snowbird,AlphaFlightSnowbird-MNOP_cb20210521204048.jpg,https://cardguide.fandom.com/wiki/Alpha_Flight_-_Snowbird_(MNOP),,Snowbird,FB,,"Draw top card from Draw Pile. If drawn card is an attack. Alpha Flight may use it, if drawn card is not an attack, discard it to the Dead Pile.",Cost/Effect: -,Normal,Uncommon,,,,Special
Avengers Mansion,AvengersMansion-MNOP_cb20210413190622.jpg,https://cardguide.fandom.com/wiki/Avengers_Mansion_(MNOP),Captain America Henry Pym Hulk Black Widow Thor Vision,"Iron Man, Captain America (Steve Rogers)",,,"Avengers Mansion Team may use Tactic Doubleshot cards, with normal contribution, to avoid any attack.",,Normal,Uncommon,,,,Location
Blob - Avalanche,BlobAvalanche-MNOP_cb20210526192443.jpg,https://cardguide.fandom.com/wiki/Blob_-_Avalanche_(MNOP),,"Blob, unknown",AE,,Acts as a level 4 Energy attack. May combine with 1 Strength card for a single attack.,Cost/Effect: Energy 4,Normal,Uncommon,,,,Special
Cable - Blaquesmith,CableBlaquesmith-MNOP_cb20210526193027.jpg,https://cardguide.fandom.com/wiki/Cable_-_Blaquesmith_(MNOP),,Blaquesmith,EL,,"Acts as a level 7 Intellect attack. If successful, Target Character may not used cards with an Intellect icon for remainder of battle. One Per Deck",Cost/Effect: Intellect 7,Normal,Very Rare,,,,Special
Blue Area of the Moon,BlueAreaOfTheMoon-MNOP_cb20210413193633.jpg,https://cardguide.fandom.com/wiki/Blue_Area_of_the_Moon_(MNOP),Inhumans Kree Shi'ar Jean Grey Quicksilver Crystal,none,,,Blue Area Team's Energy Power Cards are -2 to Blue Area Team's Venture Total when they Hit.,,Normal,Uncommon,,,,Location
Coming of Galactus - Coordinated Effort,ComingOfGalactusCoordinatedEffort-MNOP_cb20210406202649.jpg,https://cardguide.fandom.com/wiki/Coming_of_Galactus_-_Coordinated_Efforts_(MNOP),,Invisible Woman,,"""she moved around trying to get some attention while everyone else got into position. They really are Earth's greatest heroes...""",All Tactic cards with an Intellect icon are +1 this battle.,,Normal,Uncommon,,,,Event
Coming of Galactus - Desperate Gamble,ComingOfGalactusDesperateGamble-MNOP_cb20210406203054.jpg,https://cardguide.fandom.com/wiki/Coming_of_Galactus_-_Desperate_Gamble_(MNOP),,Mister Fantastic,,"""...had enough. He walked right up to him and stuck that thing right in his face. He must have never been in a standoff before...""",Players must venture two mission cards this battle. Event is ignored if both players cannot venture two mission cards.,,Normal,Rare,,,,Event
Coming of Galactus - Everyone Has a Part to Play,ComingOfGalactusEveryoneHasAPartToPlay-MNOP_cb20210406203919.jpg,https://cardguide.fandom.com/wiki/Coming_of_Galactus_-_Everyone_Has_a_Part_to_Play_(MNOP),,Human Torch,,"""...looked really upset at having to go, but it must have been important because he stopped flying around and then just vanished to who knows where...""",Activator cards may be exchanged for any Special card beneath a battlesite for remainder of battle.,,Normal,Uncommon,,,,Event
Coming of Galactus - Heroic Effort,ComingOfGalactusHeroicEffort-MNOP_cb20210412201405.jpg,https://cardguide.fandom.com/wiki/Coming_of_Galactus_-_Heroic_Effort_(MNOP),,Thing (Marvel Comics),,"""...nothing would work! Then he just started tearing up the big purple guy's machine all by his lonesome...""",Player with more hits in the permanent record of his front line characters goes first this battle.,,Normal,Uncommon,,,,Event
"Coming of Galactus 2 - ""The Heroes Charge into Battle!""",ComingOfGalactus2-MNOP_cb20210514092006.jpg,https://cardguide.fandom.com/wiki/Coming_of_Galactus_2_-_%22The_Heroes_Charge_into_Battle!%22_(MNOP),,"Thing (Marvel Comics), Human Torch",,[...],,,Normal,Common,,,,Mission
"Coming of Galactus 1 - ""Watcher Warns the Earth""",ComingOfGalactus1-MNOP_cb20210514091301.jpg,https://cardguide.fandom.com/wiki/Coming_of_Galactus_1_-_%22Watcher_Warns_the_Earth%22_(MNOP),,Uatu,,[...],,,Normal,Common,,,,Mission
"Coming of Galactus 4 - ""The Heroes Rally!""",ComingOfGalactus4-MNOP_cb20210514092406.jpg,https://cardguide.fandom.com/wiki/Coming_of_Galactus_4_-_%22The_Heroes_Rally!%22_(MNOP),,Invisible Woman,,[...],,,Normal,Common,,,,Mission
"Coming of Galactus 3 - ""Are Their Efforts for Naught?""",ComingOfGalactus3-MNOP_cb20210514092229.jpg,https://cardguide.fandom.com/wiki/Coming_of_Galactus_3_-_%22Are_Their_Efforts_for_Naught%3F%22_(MNOP),,Human Torch,,[...],,,Normal,Common,,,,Mission
"Coming of Galactus 5 - ""Galactus Sends in His Minions!""",ComingOfGalactus5-MNOP_cb20210514092635.jpg,https://cardguide.fandom.com/wiki/Coming_of_Galactus_5_-_%22Galactus_Sends_in_His_Minions!%22_(MNOP),,"Mister Fantastic, Terrax the Tamer (?)",,[...],,,Normal,Common,,,,Mission
Coming of Galactus - Galactic Busy Work,ComingOfGalactusGalacticBusyWork-MNOP_cb20210412174938.jpg,https://cardguide.fandom.com/wiki/Coming_of_Galactus_-_Galactic_Busy_Work_(MNOP),,"Punisher (Galactus' Robot), Mister Fantastic",,"""...like they weren't worth his attention. That big alien freak sicced his mechanical watchdog on the FF...""","All attacks with a Strength icon must be made against the same front line character this battle, until character is KO'd.",,Normal,Uncommon,,,,Event
Coming of Galactus - Herald Betrays Galactus,ComingOfGalactusHeraldBetraysGalactus-MNOP_cb20210412175711.jpg,https://cardguide.fandom.com/wiki/Coming_of_Galactus_-_Herald_Betrayes_Galactus_(MNOP),,Silver Surfer,,"""...the Herald started fighting for us, flying around shooting at his former master. If it wasn't for him we would have been dinner...""",No Universe: Ally cards may be played this battle.,,Normal,Rare,,,,Event
Captain America - Sharon Carter,CaptainAmericaSharonCarter-MNOP_cb20210526193527.jpg,https://cardguide.fandom.com/wiki/Captain_America_-_Sharon_Carter_(MNOP),,"Agent 13, Captain America",JC,,Acts as a level 5 Energy attack. Captain America may play 1 additional Special card.,Cost/Effect: Energy 5,Normal,Uncommon,,,,Special
"Coming of Galactus 6 - ""The Herald of Galactus!""",ComingOfGalactus6-MNOP_cb20210514093048.jpg,https://cardguide.fandom.com/wiki/Coming_of_Galactus_6_-_%22The_Herald_of_Galactus!%22_(MNOP),,Silver Surfer,,[...],,,Normal,Common,,,,Mission
"Coming of Galactus 7 - ""The Devourer of Worlds!""",ComingOfGalactus7-MNOP_cb20210514093251.jpg,https://cardguide.fandom.com/wiki/Coming_of_Galactus_7_-_%22The_Devourer_of_Worlds!%22_(MNOP),,"Galactus, Silver Surfer",,[...],,,Normal,Common,,,,Mission
Dark Beast,DarkBeast-MNOP_cb20210225212331.jpg,https://cardguide.fandom.com/wiki/Dark_Beast_(MNOP),,Dark Beast (Hank McCoy),,,May play any Beast Specials.,Energy 1Fighting 6Strength 5Intellect 7,Normal,Rare,,,,Character
Dark Phoenix Saga - Marshaling Forces (sic),DarkPhoenixSagaMarshalingForces-MNOP_cb20210413164751.jpg,https://cardguide.fandom.com/wiki/Dark_Phoenix_Saga_-_Marshaling_Forces_(MNOP),,Storm (Ororo Munroe),,Struggling to stop a friend requires intense focusing. Could she be helped or would she have to be destroyed...,"All attacks from each teamwork card must be made against the same front line character this battle, until character is KO'd.",,Normal,Rare,,,,Event
Department H,DepartmentH-MNOP_cb20210413195108.jpg,https://cardguide.fandom.com/wiki/Department_H_(MNOP),Wolverine Sabretooth Deadpool Alpha Flight Omega Red Maverick,Wolverine,,,Department H Team's Universe: Teamwork card bonuses are an additional +1.,,Normal,Uncommon,,,,Location
Doppelganger,Doppelganger-MNOP_cb20210225212817.jpg,https://cardguide.fandom.com/wiki/Doppelganger_(MNOP),,Doppelganger,,,May play any Spider-Man Specials.,Energy 3Fighting 6Strength 6Intellect 1,Normal,Very Rare,,,,Character
Fatal Attractions - Misguided Efforts,FatalAttractionsMisguidedEfforts-MNOP_cb20210413172212.jpg,https://cardguide.fandom.com/wiki/Fatal_Attractions_-_Misguided_Efforts_(MNOP),,Firefist (Rusty Collins),,"Some of the pawns had no idea of the forces at play. They focused their energy successfully, but only helped advance a sinister plot...",All tactic cards with an energy icon are +1 this battle.,,Normal,Rare,,,,Event
Frankin Richards,FranklinRichards-MNOP_cb20210217193657.jpg,https://cardguide.fandom.com/wiki/Franklin_Richards_(MNOP),,"Mister Fantastic, Franklin Richards",,,Teammate must play one Special card.,Cost/Effect: 5 Energy or less to useActs as 3 Energy attack,Normal,Rare,Ally,,,Universe
Forge - Naze,ForgeNaze-MNOP_cb20210526193826.jpg,https://cardguide.fandom.com/wiki/Forge_-_Naze_(MNOP),,"Forge, Naze",JI,,Play during battle. At end of battle. Opponent may not move any Mission cards from the Defeated Missions Pile.,Cost/Effect: -,Normal,Uncommon,,,,Special
Hell's Kitchen,HellsKitchen-MNOP_cb20210414174432.jpg,https://cardguide.fandom.com/wiki/Hell%27s_Kitchen_(MNOP),Daredevil Enforcers Kingpin The Hand Elektra Ghost Rider,unknown,,,"Before every Discard Phase, Hell's Kitchen Team may switch the Reserve Character with any Front line Character.",,Normal,Common,,,,Location
Henry Pym - Ultron 1,HenryPymUltron1-MNOP_cb20210526194626.jpg,https://cardguide.fandom.com/wiki/Henry_Pym_-_Ultron_1_(MNOP),,"Ultron, Henry Pym",JC,,"Acts as a level 1 Energy, Fighting, Strength or Intellect attack. Henry Pym may play 1 additional Special card.",Cost/Effect: Energy 1; Strength 1; Fighting 1; Intellect 1,Normal,Uncommon,,,,Special
Four Freedoms Plaza,FourFreedomsPlaza-MNOP_cb20210414173903.jpg,https://cardguide.fandom.com/wiki/Four_Freedoms_Plaza_(MNOP),Human Torch Invisible Woman Mr. Fantastic Namor She-Hulk Thing,-,,,"For each value of 4 or less on Character's Power Grid, Character's Power Cards are +1 to defense, & any attack made on FF Plaza character may be moved to any other character.",,Normal,Common,,,,Location
"Frankin ""Foggy"" Nelson",FranklinFoggyNelson-MNOP_cb20170305014133.jpg,https://cardguide.fandom.com/wiki/Franklin_%22Foggy%22_Nelson_(MNOP),,"Daredevil, Franklin ""Foggy"" Nelson",,,Teammate must play one Special card.,Cost/Effect: 6 Intellect or less to useActs as 1 Intellect attack,Normal,Common,Ally,,,Universe
Fall's Edge Compound,FallsEdgeCompound-MNOP_cb20210413195821.jpg,https://cardguide.fandom.com/wiki/Fall%27s_Edge_Compound_(MNOP),Forge Mystique Sabretooth Strong Guy Havok Polaris,Sabretooth,,,All of Opponent's Universe: Teamwork Card attacks are -1,,Normal,Rare,,,,Location
Holocaust,Holocaust-MNOP_cb20210225213329.jpg,https://cardguide.fandom.com/wiki/Holocaust_(MNOP),,Holocaust,,,-,Energy 7Fighting 2Strength 6Intellect 2,Normal,Rare,,,,Character
Hulk - Betty Banner,HulkBettyBanner-MNOP_cb20210526195006.jpg,https://cardguide.fandom.com/wiki/Hulk_-_Betty_Banner_(MNOP),,"Hulk, Betty Ross",CN,,No Intellect Power cards may be played against Hulk for remainder of battle.,Cost/Effect: -,Normal,Common,,,,Special
Green Goblin - Harry Osborne,GreenGoblinHarryOsborne-MNOP_cb20210526194115.jpg,https://cardguide.fandom.com/wiki/Green_Goblin_-_Harry_Osborne_(MNOP),,"Green Goblin, Harry Osborne",LI,,Discard all cards Placed to Green Goblin and remove all Hits in Green Goblin's Permanent Record. One Per Deck,Cost/Effect: -,Normal,Very Rare,,,,Special
Hydra - Fenris,HydraFenris-MNOP_cb20210527155124.jpg,https://cardguide.fandom.com/wiki/Hydra_-_Fenris_(MNOP),,"Andreas Von Strucker, Andrea Von Strucker",LC,,"Acts as a level 4 Energy attack against Target Character, or a level 8 Any-Power attack against target Battlesite.",Cost/Effect: Energy 4; Any-Power 8,Normal,Uncommon,,,,Special
Hydra,Hydra-MNOP_cb20210225213658.jpg,https://cardguide.fandom.com/wiki/Hydra_(MNOP),,Madame Hydra,,,Counts as 17-points for Tournament Deckbuilding.,Energy 5Fighting 6Strength 5Intellect 3,Normal,Rare,,,,Character
Hydra - M.O.D.O.K.,HydraMODOK-MNOP_cb20210527155907.jpg,https://cardguide.fandom.com/wiki/Hydra_-_M.O.D.O.K._(MNOP),,M.O.D.O.K.,AA,,Acts as a level 4 Intellect attack. May make 1 additional attack.,Cost/Effect: Intellect 4,Normal,Common,,,,Special
Hydra - Madame Hydra,HydraMadameHydra-MNOP_cb20210527160254.jpg,https://cardguide.fandom.com/wiki/Hydra_-_Madame_Hydra_(MNOP),,"Madame Hydra, Viper",IE,,"Play during battle. At end of battle, opponent may only move 1 Mission card. Other Mission cards return to pile Ventured from. One Per Deck",Cost/Effect: -,Normal,Very Rare,,,,Special
Hydra - Hydra Agents,HydraHydraAgents-MNOP_cb20210527155706.jpg,https://cardguide.fandom.com/wiki/Hydra_-_Hydra_Agents_(MNOP),,Hydra Agents,LF,,Target Character must discard 1 Placed Tactic card.,Cost/Effect: -,Normal,Common,,,,Special
Hydra - A.I.M.,HydraAIM-MNOP_cb20210526195239.jpg,https://cardguide.fandom.com/wiki/Hydra_-_A.I.M._(MNOP),,A.I.M. soldiers,AT,,"Draw 1 card, do not discard if duplicate. One Per Deck",Cost/Effect: -,Normal,Very Rare,,,,Special
[Human Torch & Spider-Man],HumanTorch_SpiderMan-MNOP_cb20210628141612.jpg,https://cardguide.fandom.com/wiki/Human_Torch_%26_Spider-Man_(MNOP),,"Spider-Man, Human Torch",,,6 Energy to use acts as 4 Energy Power card. Teammate with 6 Strength must combine with Energy Power card level 1 through 4 for a single attack or defense.,Cost/Effect: 6 Energy,Normal,Common,Double Shot,,,Tactic
Infestation Incident - Protect the Queen!,InfestationIncidentProtectTheQueen-MNOP_cb20210413173103.jpg,https://cardguide.fandom.com/wiki/Infestation_Incident_-_Protect_the_Queen!_(MNOP),,Brood Queen (Hannah Conover),,"When cornered, the Brood gave no care for their personal safety and defended their Queen at all costs...",All Power cards are +1 when used for defense this battle.,,Normal,Rare,,,,Event
J. Jonah Jameson,JJonahJameson-MNOP_cb20170305002817.jpg,https://cardguide.fandom.com/wiki/J._Jonah_Jameson_(MNOP),,"Spider-Man, J. Jonah Jameson",,,Teammate must play one Special card.,Cost/Effect: 5 Intellect or less to useActs as 3 Intellect attack,Normal,Rare,Ally,,,Universe
Juggernaut - Foxfire,JuggernautFoxfire-MNOP_cb20210527161419.jpg,https://cardguide.fandom.com/wiki/Juggernaut_-_Foxfire_(MNOP),,"Juggernaut, Foxfire (Rose Autumn)",JC,,Acts as a level 5 Energy attack. Juggernaut may play 1 additional Special card.,Cost/Effect: Energy 5,Normal,Uncommon,,,,Special
Kingpin - The Rose,KingpinTheRose-MNOP_cb20210527164253.jpg,https://cardguide.fandom.com/wiki/Kingpin_-_The_Rose_(MNOP),,"Kingpin, The Rose",JC,,Acts as a level 5 Fighting attack. Kingpin may play 1 additional Special card.,Cost/Effect: Fighting 5,Normal,Uncommon,,,,Special
Hydra - Baron Von Strucker,HydraBaronVonStrucker-MNOP_cb20210526195601.jpg,https://cardguide.fandom.com/wiki/Hydra_-_Baron_Von_Strucker_(MNOP),,Wolfgang Von Strucker,AY,,Hydra's Fighting and Intellect Ratings increase to 7 for remainder of game. One Per Deck,Cost/Effect: -,Normal,Very Rare,,,,Special
Lockheed,Lockheed-MNOP_cb20210225210815.jpg,https://cardguide.fandom.com/wiki/Lockheed_(MNOP),,"Lockheed, Shadowcat",,,Teammate must play one Special card.,Cost/Effect: 6 Energy or less to useActs as 1 Energy attack,Normal,Common,Ally,,,Universe
Madripoor,Madripoor-MNOP_cb20210414180221.jpg,https://cardguide.fandom.com/wiki/Madripoor_(MNOP),Wolverine Psylocke Elektra Omega Red Mandarin The Hand,-,,,All of Opponent's Universe: Teamwork Card Bonuses are +0.,,Normal,Uncommon,,,,Location
Iceman - Opal Tanaka,IcemanOpalTanaka-MNOP_cb20210527160829.jpg,https://cardguide.fandom.com/wiki/Iceman_-_Opal_Tanaka_(MNOP),,"Opal Tanaka, Iceman",AF,,Add 3 to Venture total for this battle.,Cost/Effect: -,Normal,Uncommon,,,,Special
Marvel Manhattan,MarvelManhattan-MNOP_cb20210414190839.jpg,https://cardguide.fandom.com/wiki/Marvel_Manhattan_(MNOP),"Any Tournament Legal Team, using normal deck-building rules.",Human Torch,,,"During the Discard Phase, Marvel Manhattan Team may discard 1 Placed card.",,Normal,Common,,,,Location
Latveria,Latveria-MNOP_cb20210414175053.jpg,https://cardguide.fandom.com/wiki/Latveria_(MNOP),Doctor Doom Silver Surfer Mr. Fantastic Invisible Woman Human Torch Thing,-,,,Latveria Team's Reserve Character may enter battle immediately upon KO of Front Line Character.,,Normal,Uncommon,,,,Location
Infinity Gauntlet - Witness to the Horrors!,InfinityGauntletWitnessToTheHorrors-MNOP_cb20210413173555.jpg,https://cardguide.fandom.com/wiki/Infinity_Gauntlet_-_Witness_to_the_Horrors!_(MNOP),,Starfox,,"At the demigod Thanos's wish, his brother could only mutely watch the heroes desperate efforts...",Each player may not concede until they have each taken 1 turn.,,Normal,Rare,,,,Event
Maximum Carnage - Short-Circuited!,MaximumCarnageShortCircuited-MNOP_cb20210413173855.jpg,https://cardguide.fandom.com/wiki/Maximum_Carnage_-_Short-Circuited!_(MNOP),,Deathlok,,"Seeing the futility of acting alone, the heroes finally made an impact by pooling their resources...",All Tactic cards with a Fighting icon are +1 this battle.,,Normal,Rare,,,,Event
Morlock Tunnels,MorlockTunnels-MNOP_cb20210414195340.jpg,https://cardguide.fandom.com/wiki/Morlock_Tunnels_(MNOP),Mr. Sinister Storm Sabretooth The Marauders Morlocks Dark Beast,Sabretooth (Victor Creed),,,Morlock Tunnels Team may not use Universe: Training cards.,,Normal,Rare,,,,Location
Marvel Universe,MarvelUniverse-MNOP_cb20210414191115.jpg,https://cardguide.fandom.com/wiki/Marvel_Universe_(MNOP),"Any Tournament Legal Team, using normal deck-building rules.","Super Skrull, Magneto",,,Opponent's Team is -1 to Venture Total per Battle.,,Normal,Common,,,,Location
New Warriors - Justice,NewWarriorsJustice-MNOP_cb20210527164914.jpg,https://cardguide.fandom.com/wiki/New_Warriors_-_Justice_(MNOP),,Justice,AG,,Avoid 1 attack,Cost/Effect: -,Normal,Uncommon,,,,Special
New Warriors - Kymaera,NewWarriorsKymaera-MNOP_cb20210527165205.jpg,https://cardguide.fandom.com/wiki/New_Warriors_-_Kymaera_(MNOP),,Kymaera,AA,,Acts as a level 4 Fighting attack. May make 1 additional attack.,Cost/Effect: Fighting 4,Normal,Common,,,,Special
New Warriors - Firestar,NewWarriorsFirestar-MNOP_cb20210527164533.jpg,https://cardguide.fandom.com/wiki/New_Warriors_-_Firestar_(MNOP),,Firestar,LQ,,"Acts as a level 4 Energy attack. If successful, may make 1 additional Energy attack against same Character. Additional attack may not be defended. One Per Deck",Cost/Effect: Energy 4,Normal,Very Rare,,,,Special
Nick Fury - Dum Dum Dugan,NickFuryDumDumDugan-MNOP_cb20210602185810.jpg,https://cardguide.fandom.com/wiki/Nick_Fury_-_Dum_Dum_Dugan_(MNOP),,"Nick Fury, Dum Dum Dugan",LO,,Avoid 1 attack with an Energy icon. Nick Fury may draw 1 card from the top of the Draw Pile. Discard duplicates.,Cost/Effect: -,Normal,Uncommon,,,,Special
Mojoworld,Mojoworld-MNOP_cb20210414193030.jpg,https://cardguide.fandom.com/wiki/Mojoworld_(MNOP),Longshot Mojo Psylocke X-Babies Dazzler Shatterstar,Mojo,,,"During Discard Phase, Mojoworld Team may remove 1 Special Card Hit from any Character.",,Normal,Common,,,,Location
New Warriors - Speedball,NewWarriorsSpeedball-MNOP_cb20210602185344.jpg,https://cardguide.fandom.com/wiki/New_Warriors_-_Speedball_(MNOP),,Speedball,LC,,"Acts as a level 3 Strength attack against Target character, or a level 8 Any-Power attack against Target Battlesite.",Cost/Effect: Strength 4 / Any-Power 8,Normal,Uncommon,,,,Special
Muir Island,MuirIsland-MNOP_cb20210414195715.jpg,https://cardguide.fandom.com/wiki/Muir_Island_(MNOP),Colossus Nightcrawler Shadowcat Professor X Banshee Captain Britain,-,,,"During Discard Phase, Muir Island Team may remove 1 Power Card Hit, level 1-2, from any Character.",,Normal,Common,,,,Location
Onslaught's Citadel,OnslaughtsCitadel-MNOP_cb20210414200038.jpg,https://cardguide.fandom.com/wiki/Onslaught%27s_Citadel_(MNOP),Sentinels Post Holocaust Onslaught Dark Beast X-Man,Onslaught,,,Onslaught's Citadel Team may only draw 7 cards during the Draw phase.,,Normal,Rare,,,,Location
Onslaught,Onslaught-MNOP_cb20210226203509.jpg,https://cardguide.fandom.com/wiki/Onslaught_(MNOP),,Onslaught,,,-,Energy 8Fighting 2Strength 6Intellect 7,Normal,Rare,,,,Character
New Warriors - Nova,NewWarriorsNova-MNOP_cb20210602185052.jpg,https://cardguide.fandom.com/wiki/New_Warriors_-_Nova_(MNOP),,Nova (Richard Ryder),LA,,Target Battlesite must discard 1 Placed card chosen at random. One Per Deck,Cost/Effect: -,Normal,Very Rare,,,,Special
New Warriors - Night Trasher,NewWarriorsNightTrasher-MNOP_cb20210527173954.jpg,https://cardguide.fandom.com/wiki/New_Warriors_-_Night_Trasher_(MNOP),,Night Trasher,HF,,Acts as a level 4 Intellect or Strength attack.,Cost/Effect: Intellect 4; Strength 4,Normal,Common,,,,Special
New Warriors,NewWarriors-MNOP_cb20210226203046.jpg,https://cardguide.fandom.com/wiki/New_Warriors_(MNOP),,"Firestar, Night Trasher, Speedball, Nova (Richard Ryder)",,,Draw 2 cards from Draw Pile when KO'd. Keep duplicates.,Energy 6Fighting 6Strength 5Intellect 5,Normal,Rare,,,,Character
Outer Space,OuterSpace-MNOP_cb20210414200247.jpg,https://cardguide.fandom.com/wiki/Outer_Space_(MNOP),Brood Silver Surfer Super Skrull Adam Warlock Shi'ar Starjammers,-,,,Outer Space Team may not Place any Universe cards.,,Normal,Rare,,,,Location
Ravencroft,Ravencroft-MNOP_cb20210414200551.jpg,https://cardguide.fandom.com/wiki/Ravencroft_(MNOP),Rhino Dr. Octopus Hobgoblin Carnage Mysterio Green Goblin,Carnage,,,Opponent's MultiPower Power cards do not count for Spectrum KO against Ravencroft Team.,,Normal,Uncommon,,,,Location
Red Skull - Crossbones,RedSkullCrossbones-MNOP_cb20210602190247.jpg,https://cardguide.fandom.com/wiki/Red_Skull_-_Crossbones_(MNOP),,"Red Skull, Crossbones",JC,,Acts as a level 5 Strength attack. Red Skull may play 1 additional Special card.,Cost/Effect: Strength 5,Normal,Uncommon,,,,Special
Sanctum Sanctorum,SanctumSanctorum-MNOP_cb20210414200918.jpg,https://cardguide.fandom.com/wiki/Sanctum_Sanctorum_(MNOP),Dr. Strange Adam Warlock Silver Surfer Ghost Rider Mephisto Baron Mordo,Doctor Strange,,,Sanctum Sanctorum Team may not have a Battlesite.,,Normal,Rare,,,,Location
Secret Wars - Caught Unaware!,SecretWarsCaughtUnaware-MNOP_cb20210413175359.jpg,https://cardguide.fandom.com/wiki/Secret_Wars_-_Caught_Unaware!_(MNOP),,Captain Marvel (Monica Rambeau),,Some of the heroes were disoriented from their sudden abduction to a hostile environment by an alien entity...,No cards may be placed this battle.,,Normal,Uncommon,,,,Event
"Secret Wars 1 - ""From Humble Beginnings""",SecretWars1-MNOP_cb20210514083849.jpg,https://cardguide.fandom.com/wiki/Secret_Wars_1_-_%22From_Humble_Beginnings%22_(MNOP),,"Molecule Man, Volcana",,[...],,,Normal,Common,,,,Mission
"Secret Wars 4 - ""Alliances and Enemies!""",SecretWars4-MNOP_cb20210514085304.jpg,https://cardguide.fandom.com/wiki/Secret_Wars_4_-_%22Alliances_and_Enemies!%22_(MNOP),,"Wasp, Magneto",,[...],,,Normal,Common,,,,Mission
Secret Wars - Ambushed!,SecretWarsAmbushed-MNOP_cb20210413174437.jpg,https://cardguide.fandom.com/wiki/Secret_Wars_-_Ambushed_(MNOP),,Wrecker,,The Wrecking Crew's trap snared an unsuspecting hero with brutal results as they worked him over like a cheap mule...,Choose one of opponent's front line characters. All attacks on chosen character are at +1 for remainder of battle.,,Normal,Uncommon,,,,Event
Post,Post-MNOP_cb20210226205018.jpg,https://cardguide.fandom.com/wiki/Post_(MNOP),,Post,,,May not be attacked by any card from a Location.,Energy 1Fighting 6Strength 4Intellect 6,Normal,Rare,,,,Character
"Secret Wars 3 - ""The Start of Something Big!""",SecretWars3-MNOP_cb20210514085045.jpg,https://cardguide.fandom.com/wiki/Secret_Wars_3_-_%22The_Start_of_Something_Big!%22_(MNOP),,Spider-Man,,[...],,,Normal,Common,,,,Mission
"Secret Wars - At Last, Control!",SecretWarsAtLastControl-MNOP_cb20210413174919.jpg,"https://cardguide.fandom.com/wiki/Secret_Wars_-_At_Last,_Control!_(MNOP)",,"Ben Grimm, Thing (Marvel Comics)",,"After an illustrous career, the transformation from man to monster could be made at will...",Do not discard any duplicate special cards this battle.,,Normal,Rare,,,,Event
"Secret Wars 5 - ""Evil Revealed!""",SecretWars5-MNOP_cb20210514090005.jpg,https://cardguide.fandom.com/wiki/Secret_Wars_5_-_%22Evil_Revealed!%22_(MNOP),,"Doctor Doom, Victor von Doom",,[...],,,Normal,Common,,,,Mission
Secret Wars - Charmed,SecretWarsCharmed-MNOP_cb20210413175741.jpg,https://cardguide.fandom.com/wiki/Secret_Wars_-_Charmed_(MNOP),,Enchantress,,"Centuries of trying bore fruit in this strange new world, as magical manipulations gave the illusion that enemies were friends...",Choose one front line character. Chose character may not attack opponent's chosen character. Event is ignored if either player has only 1 front line character.,,Normal,Rare,,,,Event
Secret Wars - Keeps Going & Going,SecretWarsKeepsGoing_Going-MNOP_cb20210413183559.jpg,https://cardguide.fandom.com/wiki/Secret_Wars_-_Keeps_Going_%26_Going_(MNOP),,Ultron,,"To the Heroes dismay, their adamantium foe seemed unaffected by everything they threw at him...",Multipower Power cards do not count in the venture total for this battle.,,Normal,Uncommon,,,,Event
Secret Wars - Empathic Healing,SecretWarsEmpathicHealing-MNOP_cb20210413180214.jpg,https://cardguide.fandom.com/wiki/Secret_Wars_-_Empathic_Healing_(MNOP),,"Colossus, Omega Red",,A native was able to return the hero to the fray at full strength by taking his severe damage onto herself...,Exchange all hits in the permanent record of one character with all hits in the permanent record of any frontline teammate.,,Normal,Uncommon,,,,Event
"Secret Wars 2 - ""Heroes Assemble!""",SecretWars2-MNOP_cb20210514084648.jpg,https://cardguide.fandom.com/wiki/Secret_Wars_2_-_%22Heroes_Assemble!%22_(MNOP),,"Captain Marvel (Monica Rambeau), Human Torch, Captain America, Hulk",,[...],,,Normal,Common,,,,Mission
"Secret Wars 7 - ""Power Unleashed!""",SecretWars7-MNOP_cb20210514091039.jpg,https://cardguide.fandom.com/wiki/Secret_Wars_7_-_%22Power_Unleashed!%22_(MNOP),,"Doctor Doom, Beyonder",,[...],,,Normal,Common,,,,Mission
"Secret Wars 6 - ""Would-Be Rulers""",SecretWars6-MNOP_cb20210514090741.jpg,https://cardguide.fandom.com/wiki/Secret_Wars_6_-_%22Would-Be_Rulers%22_(MNOP),,"Klaw, Doctor Doom",,[...],,,Normal,Common,,,,Mission
Shadowcat - Doug Ramsey,ShadowcatDougRamsey-MNOP_cb20210602191947.jpg,https://cardguide.fandom.com/wiki/Shadowcat_-_Doug_Ramsey_(MNOP),,"Doug Ramsey, Shadowcat",BZ,,Opponent must reveal hand and play open handed for remainder of battle. One Per Deck,Cost/Effect: -,Normal,Very Rare,,,,Special
Separation Anxiety - Separation Such Sweet Sorrow,SeparationAnxietyPartingSuchSweetSorrow-MNOP_cb20210413184033.jpg,https://cardguide.fandom.com/wiki/Separation_Anxiety_-_Parting_Such_Sweet_Sorrow_(MNOP),,Carnage,,"As symbiote and host were separated, the strain took a horrible toll. Both were dazed and confused...",Choose 1 front line character. Chose character must discard all placed cards and cannot place any cards this battle.,,Normal,Rare,,,,Event
Sins of the Future - Path of Destruction!,SinsOfTheFuturePathOfDestruction-MNOP_cb20210413184335.jpg,https://cardguide.fandom.com/wiki/Sins_of_the_Future_-_Path_of_Destruction!_(MNOP),,Colossus,,No wall was left standing as the lone X-man desperately searched for any clues to the whereabouts of his missing companions.,"After placing, reveal any 1 card in your hand that contains a Strength icon to your opponent.",,Normal,Rare,,,,Event
Stark Enterprises,StarkEnterprises-MNOP_cb20210414201143.jpg,https://cardguide.fandom.com/wiki/Stark_Enterprises_(MNOP),Hawkeye Iron Man Scarlet Witch Spider-Woman War Machine Captain America,-,,,"For every Value of 3 or less on Characters Power Grid, that Character may not be Cumulative KO'd by that Power Type.",,Normal,Uncommon,,,,Location
Stick,Stick-MNOP_cb20170305003126.jpg,https://cardguide.fandom.com/wiki/Stick_(MNOP),,"Elektra, Stick",,,Teammate must play one Special card.,Cost/Effect: 5 Strength or less to useActs as 3 Strength attack,Normal,Rare,Ally,,,Universe
Acolytes - Exodus,AcolytesExodus-MNOP_cb20210602192545.jpg,https://cardguide.fandom.com/wiki/The_Acolytes_-_Exodus_(MNOP),,"Magneto, Exodus",AE,,"Acts as a level 4 Any-Power attack, may combine with 1 Energy, Fighting, Strength, or Intellect Power card for a single attack.",Cost/Effect: Any-Power 4,Normal,Uncommon,,,,Special
Acolytes - Skids,AcolytesSkids-MNOP_cb20210606122119.jpg,https://cardguide.fandom.com/wiki/The_Acolytes_-_Skids_(MNOP),,Skids,AD,,Avoid any attack made with a Power Card.,Cost/Effect: -,Normal,Uncommon,,,,Special
Silver Surfer - Shalla Bal (sic),SilverSurferShallaBal-MNOP_cb20210602192248.jpg,https://cardguide.fandom.com/wiki/Silver_Surfer_-_Shalla_Bal_(MNOP),,"Shalla-Bal, Silver Surfer",AL,,Remove 1 hit from Silver Surfer's Permanent Record.,Cost/Effect: -,Normal,Uncommon,,,,Special
The Concrete Jungle,TheConcreteJungle-MNOP_cb20210414201603.jpg,https://cardguide.fandom.com/wiki/The_Concrete_Jungle_(MNOP),Daredevil New Warriors Punisher Kingpin Serpent Society Silver Sable,"Daredevil, Punisher",,,"The Concrete Jungle Team's Universe: Training cards are an additional +1 to attack, +2 to defense.",,Normal,Uncommon,,,,Location
Acolytes - Rusty Collins,AcolytesRustyCollins-MNOP_cb20210606115514.jpg,https://cardguide.fandom.com/wiki/The_Acolytes_-_Rusty_Collins_(MNOP),,Rusty Collins,LC,,"Acts as a level 4 Energy attack against Target Character, or a level 8 Any-Power attack against Target Battlesite.",Cost/Effect: Energy 4; Any-Power 8,Normal,Uncommon,,,,Special
The Crossing - Rebirth!,TheCrossingRebirth-MNOP_cb20210413184606.jpg,https://cardguide.fandom.com/wiki/The_Crossing_-_Rebirth!_(MNOP),,Wasp,,A fallen comrade's timely emergence from a healing cocoon gave hope for better things to come and boosted the Avengers' morale...,"For each character KO'd this battle, that character's team is +3 to venture total.",,Normal,Rare,,,,Event
Acolytes - Senyaka,AcolytesSenyaka-MNOP_cb20210606121757.jpg,https://cardguide.fandom.com/wiki/The_Acolytes_-_Senyaka_(MNOP),,Senyaka,JF,,All Any-Power cards on Target Character's Permanent Record become Energy cards for remainder of game. One Per Deck,Cost/Effect: -,Normal,Very Rare,,,,Special
The Acolytes,TheAcolytes-MNOP_cb20210226211821.jpg,https://cardguide.fandom.com/wiki/The_Acolytes_(MNOP),,"Javitz, Exodus, Polaris, Senyaka",,,-,Energy 7Fighting 6Strength 3Intellect 3,Normal,Rare,,,,Character
Acolytes - Unuscione,AcolytesUnuscione-MNOP_cb20210606124557.jpg,https://cardguide.fandom.com/wiki/The_Acolytes_-_Unuscione_(MNOP),,Unuscione,LB,,Avoid 1 attack from a Battlesite. Acolytes may not be attacked from a Battlesite for remainder of battle.,Cost/Effect: -,Normal,Uncommon,,,,Special
The Danger Room,TheDangerRoom-MNOP_cb20210421192846.jpg,https://cardguide.fandom.com/wiki/The_Danger_Room_(MNOP),Bishop Gambit Rogue Beast Iceman Angle,Wolverine,,,"During Discard phase, replace each unusuble Power card with 1 card from Draw Pile. Discard Duplicate & Unusable cards.",,Normal,Uncommon,,,,Location
Acolytes - Fabian Cortez,AcolytesFabianCortez-MNOP_cb20210602193030.jpg,https://cardguide.fandom.com/wiki/The_Acolytes_-_Fabian_Cortez_(MNOP),,Fabian Cortez,HX,,Acolytes team is +1 to all numeric Special cards for remainder of battle. Bonus not applied to damage or Venture total. May be played from Reserve. One Per Deck,Cost/Effect: -,Normal,Very Rare,,,,Special
The Enforcers,TheEnforcers-MNOP_cb20210406174213.jpg,https://cardguide.fandom.com/wiki/The_Enforcers_(MNOP),,"Ox, Hammer Harrison, Fancy Dan",,,May have 2 Special cards placed. May not be duplicates.,Energy 3Fighting 6Strength 4Intellect 3,Normal,Rare,,,,Character
The Daily Bugle,TheDailyBugle-MNOP_cb20210414201904.jpg,https://cardguide.fandom.com/wiki/The_Daily_Bugle_(MNOP),Black Cat Scarlet Spider Spider-Man Venom Green Goblin Scorpion,"Mysterio, Spider-Man, Green Goblin",,,Daily Bugle Team may not play any MultiPower Power cards.,,Normal,Rare,,,,Location
Enforcers - Fancy Dan,EnforcersFancyDan-MNOP_cb20210606125114.jpg,https://cardguide.fandom.com/wiki/The_Enforcers_-_Fancy_Dan_(MNOP),,Fancy Dan,GD,,"Acts as a level 5 Fighting attack. If successful, acts as a level 1 Strength or Intellect Power Card.",Cost/Effect: Strength 5; Strength 1; Intellect 1,Normal,Uncommon,,,,Special
Enforcers - Montana,EnforcersMontana-MNOP_cb20210606125757.jpg,https://cardguide.fandom.com/wiki/The_Enforcers_-_Montana_(MNOP),,Montana,AX,,Enforcers and Target Character may not attack for remainder of battle.,Cost/Effect: -,Normal,Uncommon,,,,Special
Enforcers - Snake Marston,EnforcersSnakeMarston-MNOP_cb20210606133027.jpg,https://cardguide.fandom.com/wiki/The_Enforcers_-_Snake_Marston_(MNOP),,Snake Marston,CD,,Only attacks made with Universe cards may be played against Enforcers for remainder of battle.,Cost/Effect: -,Normal,Uncommon,,,,Special
Enforcers - Ox,EnforcersOx-MNOP_cb20210606130443.jpg,https://cardguide.fandom.com/wiki/The_Enforcers_-_Ox_(MNOP),,The Ox,AP,,Acts as a level 6 Strength attack. Cannot be defended by a card with an Intellect icon.,Cost/Effect: Strength 6,Normal,Uncommon,,,,Special
Enforcers - Hammer Harrison,EnforcersHammerHarrison-MNOP_cb20210606125407.jpg,https://cardguide.fandom.com/wiki/The_Enforcers_-_Hammer_Harrison_(MNOP),,Hammer Harrison,AB,,Acts as a level 4 Fighting attack. May make 1 additional Fighting attack.,Cost/Effect: Fighting 4,Normal,Common,,,,Special
The Hand,TheHand-MNOP_cb20210406174638.jpg,https://cardguide.fandom.com/wiki/The_Hand_(MNOP),,-,,,-,Energy 2Fighting 8Strength 3Intellect 6,Normal,Very Rare,,,,Character
The Hand - Shinobi Shaw,TheHandShinobiShaw-MNOP_cb20210606135114.jpg,https://cardguide.fandom.com/wiki/The_Hand_-_Shinobi_Shaw_(MNOP),,Black Bishop,JF,,All Any-Power cards on Target Character's Permanent Record become Intellect cards for remainder of game. One Per Deck,Cost/Effect: -,Normal,Very Rare,,,,Special
Enforcers - Mr. Big,EnforcersMrBig-MNOP_cb20210606130148.jpg,https://cardguide.fandom.com/wiki/The_Enforcers_-_Mr._Big_(MNOP),,Big Man,AW,,Play in the current battle. Enforcers are +6 to Venture total for next battle. One Per Deck,Cost/Effect: -,Normal,Very Rare,,,,Special
The Hellfire Club - Hellfire Soldiers,TheHellfireClubHellfireSoldiers-MNOP_cb20210606135951.jpg,https://cardguide.fandom.com/wiki/The_Hellfire_Club_-_Hellfire_Soldiers_(MNOP),,Hellfire Soldiers,AA,,Acts as a level 4 Fighting attack. May make 1 additional attack.,Cost/Effect: Fighting 4,Normal,Common,,,,Special
The Hellfire Club,TheHellfireClub-MNOP_cb20210406175322.jpg,https://cardguide.fandom.com/wiki/The_Hellfire_Club_(MNOP),,"7 unknowns, Tessa, Selene, Black King (Sebastian Shaw)",,,-,Energy 6Fighting 4Strength 4Intellect 7,Normal,Rare,,,,Character
The Hand - Dissolving Corpses,TheHandDissolvingCorpses-MNOP_cb20210606133328.jpg,https://cardguide.fandom.com/wiki/The_Hand_-_Dissolving_Corpses_(MNOP),,unknowns,JJ,,Discard 1 Power card usable by The Hand to remove all Hits from The Hand's Permanent Record of equal or lesser value. One Per Deck,Cost/Effect: -,Normal,Very Rare,,,,Special
The Hellfire Club - Madelyne Pryor,TheHellfireClubMadelynePryor-MNOP_cb20210606142003.jpg,https://cardguide.fandom.com/wiki/The_Hellfire_Club_-_Madeline_Pryor_(MNOP),,Goblin Queen,HI,,The Hellfire Club may Place and Play any Jean Grey Special cards for remainder of game. One Per Deck,Cost/Effect: -,Normal,Very Rare,,,,Special
The Hand - Kirigi,TheHandKirigi-MNOP_cb20210606133545.jpg,https://cardguide.fandom.com/wiki/The_Hand_-_Kirigi_(MNOP),,Kirigi,LG,,Play during battle. In the battle that The Hand is KO'd The Hand may continue to fight and are not discarded until the end of the battle.,Cost/Effect: -,Normal,Uncommon,,,,Special
The Hand - Lord Daito,TheHandLordDaito-MNOP_cb20210606133944.jpg,https://cardguide.fandom.com/wiki/The_Hand_-_Lord_Daito_(MNOP),,Lord Daito,DM,,The Hand's Intellect Power cards are +2 for remainder of battle.,Cost/Effect: -,Normal,Uncommon,,,,Special
The Hand - Ninja,TheHandNinja-MNOP_cb20210606134639.jpg,https://cardguide.fandom.com/wiki/The_Hand_-_Ninja_(MNOP),,unknowns,CC,,Acts as a level 6 Any-Power card. May be used to attack or defend. May not be combined with Universe cards.,Cost/Effect: Any-Power 6,Normal,Uncommon,,,,Special
The Hand - Snakeroot,TheHandSnakeroot-MNOP_cb20210606135407.jpg,https://cardguide.fandom.com/wiki/The_Hand_-_Snakeroot_(MNOP),,"Lord Daito, unknown",HN,,Acts as a level 8 Any-Power attack. Does not count toward Spectrum KO.,Cost/Effect: Any-Power 8,Normal,Uncommon,,,,Special
The Hellfire Club - Sebastian Shaw,TheHellfireClubSebastianShaw-MNOP_cb20210606142617.jpg,https://cardguide.fandom.com/wiki/The_Hellfire_Club_-_Sebastian_Shaw_(MNOP),,Black King,LO,,Avoid 1 attack with a Strength icon. Sebastian Shaw may draw 1 card from the top of the Draw Pile. Discard duplicates.,Cost/Effect: -,Normal,Uncommon,,,,Special
The Hellfire Club - Selene,TheHellfireClubSelene-MNOP_cb20210606145314.jpg,https://cardguide.fandom.com/wiki/The_Hellfire_Club_-_Selene_(MNOP),,Selene,EL,,"Acts as a level 7 Energy attack. If successful, Target Character may not use cards with an Energy icon for remainder of battle. One Per Deck",Cost/Effect: Energy 7,Normal,Very Rare,,,,Special
The Hellfire Club - Tessa (misprint),TheHellfireClubTessa-MNOP_cb20210606145836.jpg,https://cardguide.fandom.com/wiki/The_Hellfire_Club_-_Tessa_(MNOP)_(misprint),,Sage,AA,,Discard one MultiPower Power card usable by The Hellfire Club to draw 4 cards from top of the Draw Pile. Keep duplicates. One Per Deck,Cost/Effect: -,Normal,Very Rare,,,"Misprint control code as AA, should have been JA.",Special
The Hellfire Club - Tessa,TheHellfireClubTessa-MNOP_cb20210606145836.jpg,https://cardguide.fandom.com/wiki/The_Hellfire_Club_-_Tessa_(MNOP),,Sage,JA,,Discard one MultiPower Power card usable by The Hellfire Club to draw 4 cards from top of the Draw Pile. Keep duplicates. One Per Deck,Cost/Effect: -,Normal,Very Rare,,,,Special
The Hellfire Club - Trevor Fitzroy,TheHellfireClubTrevorFitzroy-MNOP_cb20210606151310.jpg,https://cardguide.fandom.com/wiki/The_Hellfire_Club_-_Trevor_Fitzroy_(MNOP),,Fitzroy,IB,,"Opponent must discard all Placed Tactic cards, and is -3 to Venture total.",Cost/Effect: -,Normal,Uncommon,,,,Special
The Helicarrier,TheHellicarrier-MNOP_cb20210421193319.jpg,https://cardguide.fandom.com/wiki/The_Hellicarrier_(MNOP),Black Widow Doc Samson Nick Fury Red Skull Captain America Hydra,-,,,"Helicarrier Team's Energy Power Cards are +1 to defense, +3 to defense against any attack from a Battlesite.",,Normal,Uncommon,,,,Location
The Inhumans,TheInhumans-MNOP_cb20210406184222.jpg,https://cardguide.fandom.com/wiki/The_Inhumans_(MNOP),,"Gorgon, Medusa (Marvel Comics), Black Bolt",,,-,Energy 8Fighting 4Strength 5Intellect 4,Normal,Rare,,,,Character
Inhumans - Black Bolt,InhumansBlackBolt-MNOP_cb20210606151545.jpg,https://cardguide.fandom.com/wiki/The_Inhumans_-_Black_Bolt_(MNOP),,Black Bolt,AQ,,"Acts as a level 8 Energy, Strength, Fighting or Intellect attack. One Per Deck","Cost/Effect: Energy 8, Strength 8, Fighting 8, Intellect 8",Normal,Very Rare,,,,Special
Inhumans - Medusa,InhumansMedusa-MNOP_cb20210606153355.jpg,https://cardguide.fandom.com/wiki/The_Inhumans_-_Medusa_(MNOP),,Medusa (Marvel Comics),AV,,Target Character may not attack for remainder of battle. One Per Deck,Cost/Effect: -,Normal,Very Rare,,,,Special
Inhumans - Triton,InhumansTriton-MNOP_cb20210606153640.jpg,https://cardguide.fandom.com/wiki/The_Inhumans_-_Triton_(MNOP),,Triton (Marvel Comics),LE,,Target Character may not use Tactic cards for the remainder of battle.,Cost/Effect: -,Normal,Uncommon,,,,Special
Inhumans - Lockjaw,InhumansLockjaw-MNOP_cb20210606152952.jpg,https://cardguide.fandom.com/wiki/The_Inhumans_-_Lockjaw_(MNOP),,Lockjaw,DS,,Choose one Inhumans Special from Draw Pile and place in hand. Cannot be a duplicate. Reshuffle Draw Pile.,Cost/Effect: -,Normal,Uncommon,,,,Special
Kree - Interstellar Empire,KreeInterstellarEmpire-MNOP_cb20210606154232.jpg,https://cardguide.fandom.com/wiki/The_Kree_-_Interstellar_Empire_(MNOP),,Kree soldiers,AR,,Acts as a level 7 Fighting attack.,Cost/Effect: Fighting 7,Normal,Uncommon,,,,Special
Kree - Colonel Yon-Rogg,KreeColonelYonRogg-MNOP_cb20210606153944.jpg,https://cardguide.fandom.com/wiki/The_Kree_-_Colonel_Yon-Rogg_(MNOP),,Yon-Rogg,GF,,Move all Hits From Current Battle into the Permanent Records of all Characters. Affects Venture total. One Per Deck,Cost/Effect: -,Normal,Very Rare,,,,Special
Kree - Prime Minister Zarek,KreePrimeMinisterZarek-MNOP_cb20210606154456.jpg,https://cardguide.fandom.com/wiki/The_Kree_-_Prime_Minister_Zarek_(MNOP),,Zarek (Marvel Comics),LP,,Play in the current battle. Negates the effect of all Event cards in the next battle. Both players may still redraw for played Event cards.,Cost/Effect: -,Normal,Uncommon,,,,Special
Inhumans - Karnak,InhumansKarnak-MNOP_cb20210606152530.jpg,https://cardguide.fandom.com/wiki/The_Inhumans_-_Karnak_(MNOP),,Karnak,LC,,"Acts as a level 4 Fighting attack against Target Character, or a level 8 Any-Power attack against Target Battlesite.",Cost/Effect: Fighting 4; Any-Power 8,Normal,Uncommon,,,,Special
Inhumans - Gorgon,InhumansGorgon-MNOP_cb20210606152217.jpg,https://cardguide.fandom.com/wiki/The_Inhumans_-_Gorgon_(MNOP),,Gorgon (Marvel Comics),CZ,,"Acts as a level 4 Strength attack. If successful, Target Character must discard all Placed cards into Dead Pile. One Per Deck",Cost/Effect: Strength 4,Normal,Very Rare,,,,Special
The Hellfire Club - Sebastian Shaw (misprint),TheHellfireClubSebastianShaw-MNOP-misprint_cb20210606143124.jpg,https://cardguide.fandom.com/wiki/The_Hellfire_Club_-_Sebastian_Shaw_(MNOP)_(misprint),,Black King,LO,,Avoid 1 attack with a Strength icon. Sebastian Shaw may draw 1 card from the top of the Draw Pile. Discard duplicates.,Cost/Effect: -,Normal,Uncommon,,,Missing trademark symbol () after card subtitle.,Special
Kree - Ronan the Accuser,KreeRonanTheAccuser-MNOP_cb20210606155245.jpg,https://cardguide.fandom.com/wiki/The_Kree_-_Ronan_the_Accuser_(MNOP),,Ronan the Accuser,EL,,"Acts as a level 7 Strength attack. If successful, Target Character may not used cards with a Strength icon for remainder of battle. One Per Deck",Cost/Effect: Strength 7,Normal,Very Rare,,,,Special
The Marauders,TheMarauders-MNOP_cb20210406185151.jpg,https://cardguide.fandom.com/wiki/The_Marauders_(MNOP),,"Harpoon, Blockbuster, Malice (Marauders), Scalphunter",,,-,Energy 7Fighting 7Strength 3Intellect 2,Normal,Rare,,,,Character
The Kree,TheKree-MNOP_cb20210406184643.jpg,https://cardguide.fandom.com/wiki/The_Kree_(MNOP),,"Kree Soldiers, Supreme Intelligence",,,-,Energy 6Fighting 5Strength 4Intellect 7,Normal,Rare,,,,Character
Marauders - Arc Light (sic),MaraudersArcLight-MNOP_cb20210606161409.jpg,https://cardguide.fandom.com/wiki/The_Marauders_-_Arc_Light_(MNOP),,Arclight,LM,,Acts as a level 7 Any-Power attack. +3 when used to attack a Battlesite. Bonus counts toward Damage.,Cost/Effect: Any-Power 7,Normal,Uncommon,,,,Special
Kree - Supreme Intelligence,KreeSupremeIntelligence-MNOP_cb20210606161139.jpg,https://cardguide.fandom.com/wiki/The_Kree_-_Supreme_Intelligence_(MNOP),,Supreme Intelligence,IF,,Play when opponent concedes battle. Kree's team may discard any number of cards to top of Draw Pile.,Cost/Effect: -,Normal,Uncommon,,,,Special
Kree - Sentry,KreeSentry-MNOP_cb20210606155728.jpg,https://cardguide.fandom.com/wiki/The_Kree_-_Sentry_(MNOP),,"Mister Fantastic, Sentry 213, Thing (Marvel Comics), Human Torch",DT,,Kree may not be attacked by a Power card with the same value as any Power cards on Kree's Permanent Record for remainder of game. One Per Deck,Cost/Effect: -,Normal,Very Rare,,,,Special
Marauders - Harpoon,MaraudersHarpoon-MNOP_cb20210607121041.jpg,https://cardguide.fandom.com/wiki/The_Marauders_-_Harpoon_(MNOP),,Harpoon,EG,,"Acts as a level 5 Energy attack. If successful, opponent must discard all Special cards from hand. One Per Deck",Cost/Effect: Energy 5,Normal,Very Rare,,,,Special
Marauders - Scalphunter,MaraudersScalphunter-MNOP_cb20210607121704.jpg,https://cardguide.fandom.com/wiki/The_Marauders_-_Scalphunter_(MNOP),,"John Scalphunter, Greycrow",LK,,Marauders may attack the Reserve Character for the remainder of battle. Reserve may defend.,Cost/Effect: -,Normal,Uncommon,,,,Special
Morlocks - Caliban,MorlocksCaliban-MNOP_cb20210607132626.jpg,https://cardguide.fandom.com/wiki/The_Morlocks_-_Caliban_(MNOP),,Caliban,LJ,,Choose one Activator card from Draw pile and place in hand. Cannot be a duplicate. Reshuffle Draw pile.,Cost/Effect: -,Normal,Very Rare,,,,Special
Morlocks - Sunder,MorlocksSunder-MNOP_cb20210607164752.jpg,https://cardguide.fandom.com/wiki/The_Morlocks_-_Sunder_(MNOP),,Sunder,AA,,Acts as a level 5 Any-Power attack. May make 1 additional attack.,Cost/Effect: Any-Power 5,Normal,Common,,,,Special
Marauders - Malice,MaraudersMalice-MNOP_cb20210607122059.jpg,https://cardguide.fandom.com/wiki/The_Marauders_-_Malice_(MNOP),,Malice (Alice MacAllister),BQ,,Play during battle. Marauders may exchange this card for any 1 Special card in Dead Pile not playable by Marauders and play it immediately. One Per Deck,Cost/Effect: -,Normal,Very Rare,,,,Special
Morlocks - Masque,MorlocksMasque-MNOP_cb20210607164446.jpg,https://cardguide.fandom.com/wiki/The_Morlocks_-_Masque_(MNOP),,Masque,DO,,Target Character's hits to K.O. number is decreased by 5 points for remainder of game. One Per Deck,Cost/Effect: -,Normal,Very Rare,,,,Special
Morlocks - Tar Baby,MorlocksTarBaby-MNOP_cb20210607165043.jpg,https://cardguide.fandom.com/wiki/The_Morlocks_-_Tar_Baby_(MNOP),,"unknown, Tar Baby",EX,,Target Character may not use cards with a Strength icon for remainder of battle.,Cost/Effect: -,Normal,Uncommon,,,,Special
The Morlocks,TheMorlocks-MNOP_cb20210406185841.jpg,https://cardguide.fandom.com/wiki/The_Morlocks_(MNOP),,"Brute, Callisto, unknown",,,-,Energy 6Fighting 3Strength 8Intellect 2,Normal,Very Rare,,,,Character
Marauders - Blockbuster,MaraudersBlockbuster-MNOP_cb20210606163643.jpg,https://cardguide.fandom.com/wiki/The_Marauders_-_Blockbuster_(MNOP),,Blockbuster,AR,,Acts as a level 7 Strength attack.,Cost/Effect: Strength 7,Normal,Uncommon,,,,Special
Marauders - Vertigo,MaraudersVertigo-MNOP_cb20210607131133.jpg,https://cardguide.fandom.com/wiki/The_Marauders_-_Vertigo_(MNOP),,Vertigo,LN,,Any attack made on Marauders or teammate may be made on Front Line Character of Marauders' choice for remainder of battle. Character may defend.,Cost/Effect: -,Normal,Uncommon,,,,Special
Morlocks - Callisto,MorlocksCallisto-MNOP_cb20210607152836.jpg,https://cardguide.fandom.com/wiki/The_Morlocks_-_Callisto_(MNOP),,"Callisto, White Knight",BA,,Acts as a level 3 Strength attack. Can only be defended by a card with an Energy icon.,Cost/Effect: Strength 3,Normal,Uncommon,,,,Special
The Outback,TheOutback-MNOP_cb20210514074400.jpg,https://cardguide.fandom.com/wiki/The_Outback_(MNOP),Reavers Wolverine Jubilee Sentinels Longshot Dazzler,Wolverine,,,The Outback Team's Intellect Power cards are an additional +2 to Venture Total when they Hit.,,Normal,Uncommon,,,,Location
The Reavers,TheReavers-MNOP_cb20210406193331.jpg,https://cardguide.fandom.com/wiki/The_Reavers_(MNOP),,"Donald Pierce, Skull Buster, Deathstrike",,,-,Energy 5Fighting 7Strength 6Intellect 3,Normal,Rare,,,,Character
Morlocks - Erg,MorlocksErg-MNOP_cb20210607164113.jpg,https://cardguide.fandom.com/wiki/The_Morlocks_-_Erg_(MNOP),,Erg,AN,,"Acts as a level 6 Energy attack. May be used against Character in Reserve, who may defend.",Cost/Effect: Energy 6,Normal,Uncommon,,,,Special
Reavers - Deathstrike,ReaversDeathstrike-MNOP_cb20210608135223.jpg,https://cardguide.fandom.com/wiki/The_Reavers_-_Deathstrike_(MNOP),,Lady Deathstrike,GL,,Sort through opponent's Draw Pile. Choose any 1 card and remove it from game. Reshuffle Draw Pile. One Per Deck,Cost/Effect: -,Normal,Very Rare,,,,Special
Reavers - Skull Buster (sic),ReaversSkullBuster-MNOP_cb20210610134100.jpg,https://cardguide.fandom.com/wiki/The_Reavers_-_Skull_Buster_(MNOP),,Skullbuster,BA,,"Acts as a level 2 Energy, Strength, or Fighting attack. Can only be defended by a defensive Special card. One Per Deck","Cost/Effect: Energy 2, Strength 2, Fighting 2",Normal,Very Rare,,,,Special
Reavers - Donald Pierce,ReaversDonaldPierce-MNOP_cb20210608141012.jpg,https://cardguide.fandom.com/wiki/The_Reavers_-_Donald_Pierce_(MNOP),,Donald Pierce,AO,,Negates the effect of any 1 Special card played by opponent.,Cost/Effect: -,Normal,Uncommon,,,,Special
The Savage Land,TheSavageLand-MNOP_cb20210514075827.jpg,https://cardguide.fandom.com/wiki/The_Savage_Land_(MNOP),Nick Fury Magneto Rogue Wolverine Sauron Ka-Zar,-,,,Opponent may make 1 attack after Savage Land Team has conceded this battle. Savage Land Team may defend.,,Normal,Rare,,,,Location
Reavers - Bone Breaker (sic),ReaversBoneBreaker-MNOP_cb20210608131307.jpg,https://cardguide.fandom.com/wiki/The_Reavers_-_Bone_Breaker_(MNOP),,Bonebreaker,AR,,Acts as a level 7 Energy attack.,Cost/Effect: Energy 7,Normal,Uncommon,,,,Special
Serpent Society - Asp,SerpentSocietyAsp-MNOP_cb20210610142706.jpg,https://cardguide.fandom.com/wiki/The_Serpent_Society_-_Asp_(MNOP),,Asp,BM,,"Acts as a level 7 Strength attack. If successful, Target Character may not attack for remainder of battle. One Per Deck",Cost/Effect: Strength 7,Normal,Very Rare,,,,Special
Serpent Society - Cobra,SerpentSocietyCobra-MNOP_cb20210610143824.jpg,https://cardguide.fandom.com/wiki/The_Serpent_Society_-_Cobra_(MNOP),,King Cobra,AO,,Negates the effect of any 1 Special card played by opponent.,Cost/Effect: -,Normal,Uncommon,,,,Special
Serpent Society - Death Adder,SerpentSocietyDeathAdder-MNOP_cb20210610155527.jpg,https://cardguide.fandom.com/wiki/The_Serpent_Society_-_Death_Adder_(MNOP),,Death Adder,EJ,,"Acts as a level 2 Strength attack. If successful, acts as a level 8 Energy Power card.","Cost/Effect: Strength 2, Energy 8",Normal,Uncommon,,,,Special
Serpent Society - Diamond Back (sic),SerpentSocietyDiamondBack-MNOP_cb20210610160318.jpg,https://cardguide.fandom.com/wiki/The_Serpent_Society_-_Diamond_Back_(MNOP),,Diamondback,AA,,Acts as a level 5 Any-Power attack. May make 1 additional attack.,Cost/Effect: Any-Power 5,Normal,Common,,,,Special
Serpent Society - Sidewinder,SerpentSocietySidewinder-MNOP_cb20210610173702.jpg,https://cardguide.fandom.com/wiki/The_Serpent_Society_-_Sidewinder_(MNOP),,"Sidewinder, unknowns",AG,,Teammate may avoid 1 attack.,Cost/Effect: -,Normal,Uncommon,,,,Special
The Serpent Society,TheSerpentSociety-MNOP_cb20210406193720.jpg,https://cardguide.fandom.com/wiki/The_Serpent_Society_(MNOP),,"Cobra, Diamondback, Sidewinder",,,May play Tactic cards from Reserve.,Energy 3Fighting 6Strength 6Intellect 3,Normal,Rare,,,,Character
Reavers - Pretty Boy,ReaversPrettyBoy-MNOP_cb20210609140524.jpg,https://cardguide.fandom.com/wiki/The_Reavers_-_Pretty_Boy_(MNOP),,Pretty Boy,BJ,,Reavers may not be attacked for remainder of battle. One Per Deck,Cost/Effect: -,Normal,Very Rare,,,,Special
Reavers - Cyborgs,ReaversCyborgs-MNOP_cb20210608132809.jpg,https://cardguide.fandom.com/wiki/The_Reavers_-_Cyborgs_(MNOP),,unknowns,AA,,Acts as a level 4 Fighting attack. May make 1 additional attack.,Cost/Effect: Fighting 4,Normal,Common,,,,Special
The Shi'ar,TheShiAr-MNOP_cb20210406194948.jpg,https://cardguide.fandom.com/wiki/The_Shi%27ar_(MNOP),,Lilandra Neramani,,,-,Energy 5Fighting 4Strength 3Intellect 8,Normal,Rare,,,,Character
Serpent Society - Anaconda,SerpentSocietyAnaconda-MNOP_cb20210610141949.jpg,https://cardguide.fandom.com/wiki/The_Serpent_Society_-_Anaconda_(MNOP),,Anaconda,JF,,All Any-Power cards on Target Character's Permanent Record become Strength cards for remainder of game. One Per Deck,Cost/Effect: -,Normal,Very Rare,,,,Special
Shi'ar - Deathbird,ShiarDeathbird-MNOP_cb20210610174000.jpg,https://cardguide.fandom.com/wiki/The_Shi%27ar_-_Deathbird_(MNOP),,Deathbird,AA,,Acts as a level 5 Any-Power attack. May make 1 additional attack.,Cost/Effect: Any-Power 5,Normal,Common,,,,Special
Shi'ar - Lilandra,ShiarLilandra-MNOP_cb20210611201430.jpg,https://cardguide.fandom.com/wiki/The_Shi%27ar_-_Lilandra_(MNOP),,Lilandra Neramani,AH,,No cards with an Intellect icon may be played against The Shi'ar for remainder of battle.,Cost/Effect: -,Normal,Uncommon,,,,Special
The Starjammers,TheStarjammers-MNOP_cb20210406195343.jpg,https://cardguide.fandom.com/wiki/The_Starjammers_(MNOP),,"Hepzibah, Corsair, Ch'od",,,May have 2 Power cards Placed. May not be duplicates.,Energy 3Fighting 7Strength 4Intellect 5,Normal,Rare,,,,Character
Shi'ar - Gladiator,ShiarGladiator-MNOP_cb20210611200839.jpg,https://cardguide.fandom.com/wiki/The_Shi%27ar_-_Gladiator_(MNOP),,Gladiator (Shi'ar),CG,,Acts as a level 8 Strength Power card. May be used to attack or defend. May not be combined with Universe cards. One Per Deck,Cost/Effect: Strength 8,Normal,Very Rare,,,,Special
Shi'ar - Warstar,ShiarWarstar-MNOP_cb20210611210622.jpg,https://cardguide.fandom.com/wiki/The_Shi%27ar_-_Warstar_(MNOP),,Warstar,JF,,All Any-Power cards on Target Character's Permanent Record become Fighting cards for remainder of game. One Per Deck,Cost/Effect: -,Normal,Very Rare,,,,Special
Starjammers - Ch'od,StarjammersChod-MNOP_cb20210611211301.jpg,https://cardguide.fandom.com/wiki/The_Starjammers_-_Ch%27od_(MNOP),,"Ch'od, Skrull soldiers",AE,,Acts as a level 4 Strength attack. Teammate may combine with 1 Energy card for a single attack.,Cost/Effect: Strength 4,Normal,Uncommon,,,,Special
Starjammers - Corsair,StarjammersCorsair-MNOP_cb20210611211635.jpg,https://cardguide.fandom.com/wiki/The_Starjammers_-_Corsair_(MNOP),,Corsair (Christopher Summers),AE,,Acts as a level 4 Energy attack. May combine with 1 Intellect card for a single attack.,Cost/Effect: Energy 4,Normal,Uncommon,,,,Special
Starjammers - Hepzibah,StarjammersHepzibah-MNOP_cb20210611212022.jpg,https://cardguide.fandom.com/wiki/The_Starjammers_-_Hepzibah_(MNOP),,Hepzibah,AD,,Starjammers may avoid any numerical attack.,Cost/Effect: -,Normal,Common,,,,Special
Starjammers - Raza,StarjammersRaza-MNOP_cb20210618154020.jpg,https://cardguide.fandom.com/wiki/The_Starjammers_-_Raza_(MNOP),,Raza Longknife,CH,,Target Character must discard all Placed cards and may not attack for remainder of battle. One Per Deck,Cost/Effect: -,Normal,Very Rare,,,,Special
Shi'ar - D'ken,ShiarDKen-MNOP_cb20210611160315.jpg,https://cardguide.fandom.com/wiki/The_Shi%27ar_-_D%27Ken_(MNOP),,Emperor D'ken Neramani,AF,,Add 3 to Shi'ar Venture total or opponent -3 to Venture total for this battle.,Cost/Effect: -,Normal,Uncommon,,,,Special
Starjammers - Keeyah,StarjammersKeeyah-MNOP_cb20210616165206.jpg,https://cardguide.fandom.com/wiki/The_Starjammers_-_Keeyah_(MNOP),,Keeyah,HO,,Draw 3 cards. Discard duplicates.,Cost/Effect: -,Normal,Uncommon,,,,Special
The Vault,TheVault-MNOP_cb20210514080307.jpg,https://cardguide.fandom.com/wiki/The_Vault_(MNOP),Juggernaut Serpent Society Rhino Venom The Marauders Hobgoblin,-,,,The Vault's Team may keep duplicate level 2 Power Cards of different Power Types.,,Normal,Uncommon,,,,Location
Shi'ar - M'krann Crystal (sic),ShiarMkrannCrystal-MNOP_cb20210611205431.jpg,https://cardguide.fandom.com/wiki/The_Shi%27ar_-_M%27Krann_Crystal_(MNOP),,Jahf,AJ,,Shi'ar may look at top 6 cards in opponent's Draw Pile. One Per Deck,Cost/Effect: -,Normal,Very Rare,,,,Special
Thing - Aunt Petunia,ThingAuntPetunia-MNOP_cb20210618154501.jpg,https://cardguide.fandom.com/wiki/Thing_-_Aunt_Petunia_(MNOP),,"Thing (Marvel Comics), Petunia Grimm",FA,,Thing may not attack or be attacked for remainder of battle.,Cost/Effect: -,Normal,Uncommon,,,,Special
Starjammers - Binary,StarjammersBinary-MNOP_cb20210611210942.jpg,https://cardguide.fandom.com/wiki/The_Starjammers_-_Binary_(MNOP),,Binary (Carol Danvers),HN,,Acts as a level 11 Any-Power attack. Does not count toward Spectrum KO. One Per Deck,Cost/Effect: Any-Power 11,Normal,Very Rare,,,,Special
White Queen - The Hellions,WhiteQueenTheHellions-MNOP_cb20210618155825.jpg,https://cardguide.fandom.com/wiki/White_Queen_-_The_Hellions_(MNOP),,"Mirage, Jetstream, White Queen (Emma Frost), Beef",LA,,Target Battlesite must discard 1 Placed Card chosen at random. One Per Deck,Cost/Effect: -,Normal,Very Rare,,,,Special
Wong,Wong-MNOP_cb20210225113546.jpg,https://cardguide.fandom.com/wiki/Wong_(MNOP),,"Doctor Strange, Wong",,,Teammate must play one Special card.,Cost/Effect: 5 Fighting or less to useActs as 3 Fighting attack,Normal,Rare,Ally,,,Universe
Wundagore Mountain,WundagoreMountain-MNOP_cb20210514081503.jpg,https://cardguide.fandom.com/wiki/Wundagore_Mountain_(MNOP),Doctor Doom Omega Red Quicksilver Scarlet Witch Nightcrawler Colossus,Nightcrawler,,,Wundagore Mountain Team may not Venture more than 2 Mission Cards per battle.,,Normal,Uncommon,,,,Location
Toro,Toro-MNOP_cb20170305011511.jpg,https://cardguide.fandom.com/wiki/Toro_(MNOP),,"Toro, Human Torch",,,Teammate must play one Special card.,Cost/Effect: 7 Energy or less to useActs as 2 Energy attack,Normal,Common,Ally,,,Universe
X-Babies,XBabies-MNOP_cb20210406200135.jpg,https://cardguide.fandom.com/wiki/X-Babies_(MNOP),,"Rogue, Longshot, Dazzler, Cyclops, Colossus, Wolverine",,,May not be Spectrum or Cumulative KO'd with Power cards,Energy 5Fighting 5Strength 4Intellect 1,Normal,Rare,,,,Character
X-Babies - Li'l Colossus,XBabiesLilColossus-MNOP_cb20210618160714.jpg,https://cardguide.fandom.com/wiki/X-Babies_-_Li%27l_Colossus_(MNOP),,Colossus,HO,,Acts as a level 6 Strength attack. If successful opponent -4 to Venture total.,Cost/Effect: Strength 6,Normal,Uncommon,,,,Special
Valerie Cooper,ValerieCooper-MNOP_cb20170305012144.jpg,https://cardguide.fandom.com/wiki/Valerie_Cooper_(MNOP),,"Forge, Valerie Cooper",,,Teammate must play one Special card.,Cost/Effect: 7 Intellect or less to useActs as 2 Intellect attack,Normal,Common,Ally,,,Universe
X-Babies - Li'l Cyclops,XBabiesLilCyclops-MNOP_cb20210623155923.jpg,https://cardguide.fandom.com/wiki/X-Babies_-_Li%27l_Cyclops_(MNOP),,Colossus,LH,,Play during battle. Next battle X-Babies may Venture up to 4 Mission cards with no penalty. May not Venture more than 4 Mission cards. One Per Deck,Cost/Effect: -,Normal,Very Rare,,,,Special
Wyatt Wingfoot,WyattWingfoot-MNOP_cb20170305012445.jpg,https://cardguide.fandom.com/wiki/Wyatt_Wingfoot_(MNOP),,"She Hulk, Wyatt Wingfoot",,,Teammate must play one Special card.,Cost/Effect: 7 Strength or less to useActs as 2 Strength attack,Normal,Common,Ally,,,Universe
Shi'ar - Lilandra (misprint),Sh_iar-Lilandra_cb20220712171826.jpg,https://cardguide.fandom.com/wiki/The_Shi%27ar_-_Lilandra_(MNOP)_(misprint),,Majestrix Lilandra Neramani,AH,,No cards with an Intellect icon may be played against The Sh'iar (sic) for remainder of battle.,Cost/Effect: -,Normal,Uncommon,,,"Misplaced apostrophe (""against The Sh'iar"")",Special
X-Babies - Li'l Wolvie,XBabiesLilWolvie-MNOP_cb20210628135449.jpg,https://cardguide.fandom.com/wiki/X-Babies_-_Li%27l_Wolvie_(MNOP),,Wolverine,LC,,Acts as a level 4 Fighting attack against Target Character or level 8 Any-Power attack against Target Battlesite.,Cost/Effect: Fighting 4; Any-Power 8,Normal,Uncommon,,,,Special
X-Mansion,XMansion-MNOP_cb20210514083532.jpg,https://cardguide.fandom.com/wiki/X-Mansion_(MNOP),White Queen Cyclops Professor X Jean Grey Cable Domino,-,,,X-Mansion Team may combine Strength Power Cards level 1-4 with any Doubleshot card. Does not affect Power Grids.,,Normal,Uncommon,,,,Location
Yukio,Yukio-MNOP_cb20170305011832.jpg,https://cardguide.fandom.com/wiki/Yukio_(MNOP),,"Wolverine, Yukio",,,Teammate must play one Special card.,Cost/Effect: 7 Fighting or less to useActs as 2 Fighting attack,Normal,Common,Ally,,,Universe
X-Babies - Li'l Rogue,XBabiesLilRogue-MNOP_cb20210623185457.jpg,https://cardguide.fandom.com/wiki/X-Babies_-_Li%27l_Rogue_(MNOP),,Rogue,LD,,Opponent may not attack or defend with cards from Battlesite for remainder of battle. One Per Deck,Cost/Effect: -,Normal,Very Rare,,,,Special
War Machine - Pepper Potts,WarMachinePepperPotts-MNOP_cb20210618155235.jpg,https://cardguide.fandom.com/wiki/War_Machine_-_Pepper_Potts_(MNOP),,"War Machine (Jim Rhodes), Pepper Potts",JM,,War Machine may move 1 Mission Card from the Defeated Missions Pile to the Reserve Missions Pile. One Per Deck,Cost/Effect: -,Normal,Very Rare,,,,Special
X-Babies - Li'l Dazzler,XBabiesLilDazzler-MNOP_cb20210623160817.jpg,https://cardguide.fandom.com/wiki/X-Babies_-_Li%27l_Dazzler_(MNOP),,Dazzler,AG,,Avoid 1 attack.,Cost/Effect: -,Normal,Uncommon,,,,Special
X-Babies - Li'l Longshot,XBabiesLilLongshot-MNOP_cb20210623161734.jpg,https://cardguide.fandom.com/wiki/X-Babies_-_Li%27l_Longshot_(MNOP),,Longshot,AO,,Negates the effect of any 1 Special card played by opponent.,Cost/Effect: -,Normal,Uncommon,,,,Special
