Name,ImageName,PageURL,Characters,Control,Game Text,Numbers,Printing,Rarity,Subtype,Traits,Trivia,Type
6 Fighting Intellect/Strength +1 +2,FandomFireLogo_cb20210713142711.png,https://cardguide.fandom.com/wiki/6_Fighting_Strength/Intellect_%2B1_%2B2_(IQOP),"Mystique, Strong Guy, Forge",,-,Cost/Effect: 6 Fighting to use acts as 6 Fighting attackor +1 Intellect to 1st teammate acts as +2 Strength to 2nd teammateor +1 Strength to 1st teammate acts as +2 Intellect to 2nd teammate,Normal,Common,Teamwork,,,Universe
3 MultiPower,3MultiPower-IQOP_cb20200901141233.jpg,https://cardguide.fandom.com/wiki/3_MultiPower_(IQOP),X-Man,,,,Normal,Uncommon,,,,Power
2 MultiPower,2MultiPower-IQOP_cb20200901140833.jpg,https://cardguide.fandom.com/wiki/2_MultiPower_(IQOP),Havok,,,,Normal,Common,,,,Power
5 Intellect,5Intellect-IQOP_cb20200901142127.jpg,https://cardguide.fandom.com/wiki/5_Intellect_(IQOP),Sebastian Shaw,,,,Normal,Common,,,,Power
2 Intellect,2Intellect-IQOP_cb20200901140643.jpg,https://cardguide.fandom.com/wiki/2_Intellect_(IQOP),Lady Deathstrike,,,,Normal,Common,,,,Power
3 Intellect,3Intellect-IQOP_cb20200901141043.jpg,https://cardguide.fandom.com/wiki/3_Intellect_(IQOP),Kraven the Hunter,,,,Normal,Common,,,,Power
1 MultiPower,1MultiPower-IQOP_cb20200901135847.jpg,https://cardguide.fandom.com/wiki/1_MultiPower_(IQOP),Chamber,,,,Normal,Common,,,,Power
4 Intellect,4Intellect-IQOP_cb20200901141514.jpg,https://cardguide.fandom.com/wiki/4_Intellect_(IQOP),M.O.D.O.K.,,,,Normal,Common,,,,Power
1 Intellect,1Intellect-IQOP_cb20200901135641.jpg,https://cardguide.fandom.com/wiki/1_Intellect_(IQOP),Lizard,,,,Normal,Common,,,,Power
4 MultiPower,4MultiPower-IQOP_cb20200901141955.jpg,https://cardguide.fandom.com/wiki/4_MultiPower_(IQOP),Black Bolt,,,,Normal,Rare,,,,Power
6 Intellect Energy/Strength +1 +2,FandomFireLogo_cb20210713142711.png,https://cardguide.fandom.com/wiki/6_Intellect_Energy/Strength_%2B1_%2B2_(IQOP),"Nightcrawler, Colossus, Shadowcat",,-,Cost/Effect: 6 Intellect to use acts as 6 Intellect attackor +1 Energy to 1st teammate acts as +2 Strength to 2nd teammateor +1 Strength to 1st teammate acts as +2 Energy to 2nd teammate,Normal,Common,Teamwork,,,Universe
7 Intellect Fighting/Strength +2 +2,FandomFireLogo_cb20210713142711.png,https://cardguide.fandom.com/wiki/7_Intellect_Fighting/Strength_%2B2_%2B2_(IQOP),"Vision, Black Widow, Henry Pym",,-,Cost/Effect: 7 Intellect to use acts as 6 Intellect attackor +2 Fighting to 1st teammate acts as +2 Strength to 2nd teammateor +2 Strength to 1st teammate acts as +2 Fighting to 2nd teammate,Normal,Common,Teamwork,,,Universe
6 Intellect,6Intellect-IQOP_cb20200901142334.jpg,https://cardguide.fandom.com/wiki/6_Intellect_(IQOP),Ultron,,,,Normal,Common,,,,Power
7 Energy Intellect/Fighting +2 +2,FandomFireLogo_cb20210713142711.png,https://cardguide.fandom.com/wiki/7_Energy_Fighting/Intellect_%2B2_%2B2_(IQOP),"Cyclops, Jean Grey, Cable",,-,Cost/Effect: 7 Energy to use acts as 6 Energy attackor +2 Intellect to 1st teammate acts as +2 Fighting to 2nd teammateor +2 Fighting to 1st teammate acts as +2 Intellect to 2nd teammate,Normal,Common,Teamwork,,,Universe
8 Fighting Strength/Intellect +2,FandomFireLogo_cb20210713142711.png,https://cardguide.fandom.com/wiki/8_Fighting_Intellect/Energy_%2B2_%2B3_(IQOP),"Thor (Marvel Comics), Iron Man, Captain America",,-,Cost/Effect: 8 Fighting to use acts as 6 Fighting attackor +2 Intellect to 1st teammate acts as +3 Energy to 2nd teammateor +2 Energy to 1st teammate acts as +3 Intellect to 2nd teammate,Normal,Common,Teamwork,,,Universe
8 Fighting Intellect/Strength +2 +3,FandomFireLogo_cb20210713142711.png,https://cardguide.fandom.com/wiki/8_Fighting_Intellect/Strength_%2B2_%2B3_(IQOP),"Sabretooth, Wolverine, Maverick (Christoph Nord)",,-,Cost/Effect: 8 Fighting to use acts as 6 Fighting attackor +2 Intellect to 1st teammate acts as +3 Strength to 2nd teammateor +2 Strength to 1st teammate acts as +3 Intellect to 2nd teammate,Normal,Common,Teamwork,,,Universe
8 Energy Intellect/Strength +2 +3,FandomFireLogo_cb20210713142711.png,https://cardguide.fandom.com/wiki/8_Energy_Fighting/Intellect_%2B2_%2B2_(IQOP),"Banshee, White Queen (Emma Frost), Professor X",,-,Cost/Effect: 8 Energy to use acts as 6 Energy attackor +2 Intellect to 1st teammate acts as +3 Fighting to 2nd teammateor +2 Fighting to 1st teammate acts as +3 Intellect to 2nd teammate,Normal,Common,Teamwork,,,Universe
8 Energy Intellect/Strength +2 +3,FandomFireLogo_cb20210713142711.png,https://cardguide.fandom.com/wiki/8_Energy_Strength/Intellect_%2B2_%2B2_(IQOP),"Magneto, Quicksilver, Scarlet Witch",,-,Cost/Effect: 8 Energy to use acts as 6 Energy attackor +2 Intellect to 1st teammate acts as +3 Strength to 2nd teammateor +2 Strength to 1st teammate acts as +3 Intellect to 2nd teammate,Normal,Common,Teamwork,,,Universe
7 Strenght Intellect/Fighting +2 +2,FandomFireLogo_cb20210713142711.png,https://cardguide.fandom.com/wiki/7_Strength_Fighting/Intellect_%2B2_%2B2_(IQOP),"Hawkeye, Spider-Woman (Julan Carpenter), War Machine",,-,Cost/Effect: 7 Strength to use acts as 6 Strength attackor +2 Intellect to 1st teammate acts as +2 Fighting to 2nd teammateor +2 Fighting to 1st teammate acts as +2 Intellect to 2nd teammate,Normal,Common,Teamwork,,,Universe
7 Intellect,7Intellect-IQOP_cb20200901142622.jpg,https://cardguide.fandom.com/wiki/7_Intellect_(IQOP),Leader,,,,Normal,Uncommon,,,,Power
8 Intellect Fighting/Strength +2 +3,FandomFireLogo_cb20210713142711.png,https://cardguide.fandom.com/wiki/8_Intellect_Fighting/Strength_%2B2_%2B3_(IQOP),"Mister Sinister, Apocalypse, Dark Beast",,-,Cost/Effect: 8 Intellect to use acts as 6 Intellect attackor +2 Fighting to 1st teammate acts as +3 Strength to 2nd teammateor +2 Strength to 1st teammate acts as +3 Fighting to 2nd teammate,Normal,Common,Teamwork,,,Universe
8 Strength Intellect/Energy +2 +3,FandomFireLogo_cb20210713142711.png,https://cardguide.fandom.com/wiki/8_Strength_Energy/Intellect_%2B2_%2B3_(IQOP),"Galactus, Silver Surfer, Adam Warlock",,-,Cost/Effect: 8 Strength to use acts as 6 Strength attackor +2 Intellect to 1st teammate acts as +3 Energy to 2nd teammateor +2 Energy to 1st teammate acts as +3 Intellect to 2nd teammate,Normal,Common,Teamwork,,,Universe
Any Hero - Power Leech,AnyHeroPowerLeech-IQOP_cb20200904204555.jpg,https://cardguide.fandom.com/wiki/Any_Hero_-_Power_Leech_(IQOP),"Leech, Spider-Man (on photo)",BY,Opponent must immediately discard 4 cards of opponent's choice with icon of Leech's choice currently placed or in hand. One Per Deck,Cost/Effect: -,Normal,Very Rare,,,,Special
Any Hero - Alien Symbiote,AnyHeroAlienSymbiote-IQOP_cb20170305024452.jpg,https://cardguide.fandom.com/wiki/Any_Hero_-_Alien_Symbiote_(IQOP),She-Venom,AL,Symbiotic Bonding! Remove 1 hit from the Permanent Record of any hero.,Cost/Effect: -,Normal,Rare,,,,Special
Apocalypse™,Apocalypse-IQOP_cb20170305130918.jpg,https://cardguide.fandom.com/wiki/Apocalypse_(IQOP),Apocalypse (En Sabah Nur),,,Energy 5Fighting 5Strength 7Intellect 6,Normal,Very Rare,,"Marvel Comics, Male",,Character
Apocalypse™ - Ageless Evil,ApocalypseAelessEvil-IQOP_cb20200904203530.jpg,https://cardguide.fandom.com/wiki/Apocalypse_-_Ageless_Evil_(IQOP),Apocalypse,AE,Acts as a level 4 Energy attack. May combine with 1 Intellect card for a single attack.,Cost/Effect: Energy 4,Normal,Uncommon,,,,Special
Apocalypse™ - Techno-Virus,ApocalypseTechnoVirus-IQOP_cb20200904203036.jpg,https://cardguide.fandom.com/wiki/Apocalypse_-_Techno-Virus_(IQOP),Apocalypse,HA,Target hero may not defend against level 1 or 2 Power cards for remainder of game. Level 1 or 2 Power card Hits do not count for Spectrum KO. One Per Deck,Cost/Effect: -,Normal,Very Rare,,,,Special
Banshee™,Banshee-IQOP_cb20200628193847.jpg,https://cardguide.fandom.com/wiki/Banshee_(IQOP),Banshee (Sean Cassidy),,,Energy 7Fighting 5Strength 3Intellect 5,Normal,Rare,,"Marvel Comics, Male, Teammate-related",,Character
Beast™,Beast-IQOP_cb20200710081705.jpg,https://cardguide.fandom.com/wiki/Beast_(IQOP),Beast (Hank McCoy),,,Energy 2Fighting 5Strength 6Intellect 7,Normal,Rare,,"Marvel Comics, Male",,Character
8 Intellect,8Intellect-IQOP_cb20200901135412.jpg,https://cardguide.fandom.com/wiki/8_Intellect_(IQOP),Doctor Doom,,,,Normal,Rare,,,,Power
Beast™ - Ambidexterity,BeastAmbidexterity-IQOP_cb20200904182312.jpg,https://cardguide.fandom.com/wiki/Beast_-_Ambidexterity_(IQOP),"unknown, Beast",HC,Beast may combine multiple Basic Universe cards with each Power card attack for remainder of battle.,Cost/Effect: -,Normal,Uncommon,,,,Special
Bishop™,Bishop-IQOP_cb20200808113646.jpg,https://cardguide.fandom.com/wiki/Bishop_(IQOP),Bishop (Lucas Bishop),,,Energy 6Fighting 7Strength 4Intellect 3,Normal,Rare,,"Marvel Comics, Male",,Character
Beast™ - Brilliant Deduction,BeastBrilliantDeduction-PinkVariant-VR_1024x1024_2x_cb20211017222016.jpg,https://cardguide.fandom.com/wiki/Beast_-_Brilliant_Deduction_(IQOP)_(var),"Hellfire Club Solider, Beast",HB,Sort through opponent's Power Pack and remove any 3 cards of Beast's choice. Discard chosen cards into Dead Pile. Reshuffle Power Pack.,Cost/Effect: -,Normal,Uncommon,,,Pink spotted variant,Special
Bishop™ - Paramilitary Skill,BishopParamilitarySkill-IQOP_cb20200905121431.jpg,https://cardguide.fandom.com/wiki/Bishop_-_Paramilitary_Skill_(IQOP),Bishop,AR,Acts as a level 4 Intellect attack.,Cost/Effect: Intellect 4,Normal,Uncommon,,,,Special
Bishop™ - Temporal Anomaly,BishopTemporalAnomaly-IQOP_cb20200905121159.jpg,https://cardguide.fandom.com/wiki/Bishop_-_Temporal_Anomaly_(IQOP),Bishop,HD,Sort through Defeated Heroes Pile and remove 1 1 Event card. Put Event card into Draw Pile. Reshuffle Draw Pile. One Per Deck,Cost/Effect: -,Normal,Very Rare,,,,Special
Beast™ - Brilliant Deduction,BeastBrilliantDeduction-IQOP_cb20200904181526.jpg,https://cardguide.fandom.com/wiki/Beast_-_Brilliant_Deduction_(IQOP),"Hellfire Club Solider, Beast",HB,Sort through opponent's Power Pack and remove any 3 cards of Beast's choice. Discard chosen cards into Dead Pile. Reshuffle Power Pack.,Cost/Effect: -,Normal,Uncommon,,,,Special
Black Cat™ - Feline Fortune,BlackCatFelineFortune-IQOP_cb20200905121948.jpg,https://cardguide.fandom.com/wiki/Black_Cat_-_Feline_Fortune_(IQOP),Black Cat,CM,Opponent's team is -2 to all attacks against Black Cat for remainder of battle.,Cost/Effect: -,Normal,Common,,,,Special
Black Cat™ - Feline Fury,BlackCatFelineFury-IQOP_cb20200905121803.jpg,https://cardguide.fandom.com/wiki/Black_Cat_-_Feline_Fury_(IQOP),Black Cat,CD,Only Fighting attacks may be played against Black Cat for remainder of battle.,Cost/Effect: -,Normal,Uncommon,,,,Special
Black Cat™,BlackCat-IQOP_cb20200825185602.jpg,https://cardguide.fandom.com/wiki/Black_Cat_(IQOP),Black Cat (Felicia Hardy),,Power cards are +1 when used for defense.,Energy 3Fighting 6Strength 3Intellect 4,Normal,Rare,,"Marvel Comics, Female",,Character
Black Widow™,BlackWidow-IQOP_cb20200825190150.jpg,https://cardguide.fandom.com/wiki/Black_Widow_(IQOP),Black Widow (Natasha Romanoff),,,Energy 4Fighting 7Strength 3Intellect 6,Normal,Rare,,"Marvel Comics, Female",,Character
Black Widow™ - KGB Intelligence,BlackWidowKGBIntelligence-IQOP_cb20200905122242.jpg,https://cardguide.fandom.com/wiki/Black_Widow_-_KGB_Intelligence_(IQOP),Black Widow,AN,"Acts as a level 6 Intellect attack. May be used against opponent in Reserve, who may defend.",Cost/Effect: Intellect 6,Normal,Uncommon,,,,Special
Brood™,Brood-IQOP_cb20200825191927.jpg,https://cardguide.fandom.com/wiki/Brood_(IQOP),Brood,,"May have duplicate ""Brood Spawn"" Specials.",Energy 3Fighting 6Strength 6Intellect 4,Normal,Rare,,"Marvel Comics, No gender",,Character
Blob™ - Flabby Fighter,BlobFlabbyFighter-IQOP_cb20200904205415.jpg,https://cardguide.fandom.com/wiki/Blob_-_Flabby_Fighter_(IQOP),"Colossus, Blob",HE,Heroes on Opponent's Team with Fighting 7 or 8 may not use cards with a Fighting icon to attack for remainder of battle. One Per Deck,Cost/Effect: -,Normal,Very Rare,,,,Special
Black Widow™ - Champion,BlackWidowChampion-IQOP_cb20200905123226.jpg,https://cardguide.fandom.com/wiki/Black_Widow_-_Champion_(IQOP),Black Widow,CQ,All Black Widow Special cards are doubled when determining Venture total this battle.,Cost/Effect: -,Normal,Uncommon,,,,Special
Blob™,Blob-IQOP_cb20200825191150.jpg,https://cardguide.fandom.com/wiki/Blob_(IQOP),Blob (Frederick Dukes),,May not be Spectrum KO'd with Strength Power cards.,Energy 4Fighting 5Strength 6Intellect 1,Normal,Rare,,"Marvel Comics, Male",,Character
Brood™ - Plan of Conquest,BroodPlanOfConquest-IQOP_cb20200904204907.jpg,https://cardguide.fandom.com/wiki/Brood_-_Plan_of_Conquest_(IQOP),"Brood Queen, unknown",AA,Acts as a level 4 Intellect attack. May make 1 additional attack.,Cost/Effect: Intellect 4,Normal,Common,,,,Special
Brood™ - Power Hungry Monsters,BroodPowerHungryMonsters-IQOP_cb20200904205204.jpg,https://cardguide.fandom.com/wiki/Brood_-_Power_Hungry_Monsters_(IQOP),Brood,BY,Opponent must immediately discard all cards with an Energy icon currently held in hand. One Per Deck,Cost/Effect: -,Normal,Very Rare,,,,Special
Cable™,Cable-IQOP_cb20200825192702.jpg,https://cardguide.fandom.com/wiki/Cable_(IQOP),Cable (Nathan Summers),,,Energy 7Fighting 7Strength 4Intellect 5,Normal,Very Rare,,"Marvel Comics, Male",,Character
Cable™ - Askani'Son,CableAskaniSon-IQOP_cb20200904205723.jpg,https://cardguide.fandom.com/wiki/Cable_-_Askani%27Son_(IQOP),Cable,AW,Add 6 to Venture total for this battle. One Per Deck,Cost/Effect: -,Normal,Very Rare,,,,Special
Captain America™,CaptainAmerica-IQOP_cb20200825193545.jpg,https://cardguide.fandom.com/wiki/Captain_America_(IQOP),Captain America (Steve Rogers),,,Energy 2Fighting 8Strength 4Intellect 6,Normal,Rare,,"Marvel Comics, Male",,Character
Captain America™ - Sentinel of Liberty,CaptainAmericaSentinelOfLiberty-IQOP_cb20200908180214.jpg,https://cardguide.fandom.com/wiki/Captain_America_-_Sentinel_of_Liberty_(IQOP),Captain America,GB,"Acts as a level 7 Intellect attack. If successful, Captain America may move 1 Mission Card from the Defeated Missions Pile to the Reserve Missions Pile. One Per Deck",Cost/Effect: Intellect 7,Normal,Very Rare,,,,Special
Bucky Barnes™,BuckyBarnes-IQOP_cb20200627215844.jpg,https://cardguide.fandom.com/wiki/Bucky_Barnes_(IQOP),"Captain America, Bucky Barnes, 3 unknowns",,Teammate must play one Special card.,Cost/Effect: 8 Fighting to useActs as 3 Fighting attack,Normal,Common,Ally,,,Universe
Carnage™,Carnage-IQOP_cb20200825193819.jpg,https://cardguide.fandom.com/wiki/Carnage_(IQOP),Carnage (Cletus Kasady),,Team +5 to Venture Total when KO'd.,Energy 5Fighting 7Strength 4Intellect 2,Normal,Rare,,"Marvel Comics, Male",,Character
Carnage™ - Anarchy,CarnageAnarchy-IQOP_cb20200908175950.jpg,https://cardguide.fandom.com/wiki/Carnage_-_Anarchy_(IQOP),Carnage,HE,Heroes on opponent's team with Intellect 7 or 8 may not use cards with an Intellect icon to attack for remainder of battle. One Per Deck,Cost/Effect: -,Normal,Very Rare,,,,Special
Carnage™ - Destructive Mind,CarnageDestructiveMind-IQOP_cb20200908175536.jpg,https://cardguide.fandom.com/wiki/Carnage_-_Destructive_Mind_(IQOP),"Carnage, Cletus Kasady",CU,"Acts as a level 3 Intellect attack. If successful, Target Hero must discard 1 Placed card of opponent's choice.",Cost/Effect: Intellect 3,Normal,Uncommon,,,,Special
Colossus™,Colossus-IQOP_cb20200825194049.jpg,https://cardguide.fandom.com/wiki/Colossus_(IQOP),Colossus (Piotr Rasputin),,May not be Cumulative KO'd with Strength Power cards.,Energy 1Fighting 5Strength 7Intellect 4,Normal,Rare,,"Marvel Comics, Male",,Character
Colossus™ - M,ColossusMightyMetal-IQOP_cb20200906100833.jpg,https://cardguide.fandom.com/wiki/Colossus_-_Mighty_Metal_(IQOP),Colossus,AA,Acts as a level 4 Strength attack. May make 1 additional attack.,Cost/Effect: Strength 4,Normal,Common,,,,Special
Cyclops™,Cyclops-IQOP_cb20200825194402.jpg,https://cardguide.fandom.com/wiki/Cyclops_(IQOP),Cyclops (Scott Summers),,"May play ""Fearless Leader"" from Reserve.",Energy 7Fighting 4Strength 4Intellect 5,Normal,Rare,,,,Character
Cyclops™ - Battle Savvy,CyclopsBattleSavvy-IQOP_cb20200908164314.jpg,https://cardguide.fandom.com/wiki/Cyclops_-_Battle_Savvy_(IQOP),Cyclops,AG,Avoid 1 attack.,Cost/Effect: -,Normal,Uncommon,,,,Special
Daredevil™,Daredevil-IQOP_cb20200825194614.jpg,https://cardguide.fandom.com/wiki/Daredevil_(IQOP),Daredevil (Matt Murdock),,,Energy 2Fighting 7Strength 4Intellect 6,Normal,Rare,,,,Character
Daredevil™ - Blind Justice,DaredevilBlindJustice-IQOP_cb20200908174731.jpg,https://cardguide.fandom.com/wiki/Daredevil_-_Blind_Justice_(IQOP),Matt Murdock,ET,Remove up to 2 hits with an Intellect icon from one teammate's Permanent Record.,Cost/Effect: -,Normal,Uncommon,,,,Special
Banshee™ - Cassidy Keep,BansheeCassidyKeep-IQOP_cb20200904203920.jpg,https://cardguide.fandom.com/wiki/Banshee_-_Cassidy_Keep_(IQOP),Banshee,BR,Banshee may have 1 additional card Placed on him until Banshee is KO'd. May be played from Reserve.,Cost/Effect: -,Normal,Uncommon,,,,Special
Colossus™ - Organic Steel,ColossusOrganicSteel-IQOP_cb20200908133745.jpg,https://cardguide.fandom.com/wiki/Colossus_-_Organic_Steel_(IQOP),Colossus,ET,Remove up to 2 Hits that each have more than one icon from Colossus' Permanent Record.,Cost/Effect: -,Normal,Uncommon,,,,Special
Deadpool™,Deadpool-IQOP_cb20200825195301.jpg,https://cardguide.fandom.com/wiki/Deadpool_(IQOP),Deadpool (Wade Wilson),,May not be Spectrum KO'd with MultiPower Power cards.,Energy 3Fighting 7Strength 5Intellect 3,Normal,Rare,,,,Character
Daredevil™ - Radar Combat,DaredevilRadarCombat-IQOP_cb20200908175249.jpg,https://cardguide.fandom.com/wiki/Daredevil_-_Radar_Combat_(IQOP),Daredevil,HF,Acts as a level 4 Energy or Fighting attack.,"Cost/Effect: Energy 4, Fighting 4",Normal,Common,,,,Special
Cyclops™ - X-Men Strategy,CyclopsXmenStrategy-IQOP_cb20200908165903.jpg,https://cardguide.fandom.com/wiki/Cyclops_-_X-Men_Strategy_(IQOP),Cyclops,EN,"Acts as a level 4 Intellect attack. If attack succeeds, add +2 to damage.","Cost/Effect: Intellect 4, Intellect +2",Normal,Uncommon,,,,Special
Deadpool™ - Distracting Chatter,DeadpoolDistractingChatter-IQOP_cb20200908165339.jpg,https://cardguide.fandom.com/wiki/Deadpool_-_Distracting_Chatter_(IQOP),"Deadpool, unknown",AG,Avoid 1 attack.,Cost/Effect: -,Normal,Uncommon,,,,Special
Deadpool™ - Don't Lose Your Head!,DeadpoolDontLoseYourHead-IQOP_cb20200908165109.jpg,https://cardguide.fandom.com/wiki/Deadpool_-_Don%27t_Lose_Your_Head!_(IQOP),Deadpool,AS,Acts as a level 10 Fighting attack. One Per Deck,Cost/Effect: Fighting 10,Normal,Very Rare,,,,Special
Doc Samson™,DocSamson-IQOP_cb20200825195813.jpg,https://cardguide.fandom.com/wiki/Doc_Samson_(IQOP),Doc Samson (Leonard Samson),,,Energy 2Fighting 2Strength 7Intellect 6,Normal,Rare,,,,Character
Doctor Doom™,DoctorDoom-IQOP_cb20200825201810.jpg,https://cardguide.fandom.com/wiki/Doctor_Doom_(IQOP),Doctor Doom (Victor von Doom),,,Energy 5Fighting 3Strength 4Intellect 8,Normal,Very Rare,,,,Character
Doc Samson™ - Cautious Advisor,DocSamsonCautiousAdvisor-IQOP_cb20200908164911.jpg,https://cardguide.fandom.com/wiki/Doc_Samson_-_Cautious_Advisor_(IQOP),"Doc Samson, She-Hulk",AM,Doc Samson or teammate gains +2 to defense for remainder of battle.,Cost/Effect: -,Normal,Uncommon,,,,Special
Doc Samson™ - Head Shrinker,DocSamsonHeadShrinker-IQOP_cb20200901154952.jpg,https://cardguide.fandom.com/wiki/Doc_Samson_-_Head_Shrinker_(IQOP),Doc Samson,AR,Acts as a level 7 Intellect attack.,Cost/Effect: Intellect 7,Normal,Uncommon,,,,Special
Doctor Doom™ - Diplomatic Immunity,DoctorDoomDiplomaticImmunity-IQOP_cb20200901155149.jpg,https://cardguide.fandom.com/wiki/Doctor_Doom_-_Diplomatic_Immunity_(IQOP),Doctor Doom,HG,Doctor Doom may use Intellect Power cards level 6 through 8 to avoid any attack made against Doctor Doom or teammate for remainder of battle. One Per Deck,Cost/Effect: -,Normal,Very Rare,,,,Special
Doctor Octopus™,DoctorOctopus-IQOP_cb20200825205306.jpg,https://cardguide.fandom.com/wiki/Doctor_Octopus_(IQOP),Doctor Octopus (Otto Octavius),,,Energy 2Fighting 5Strength 6Intellect 7,Normal,Rare,,,,Character
Doctor Doom™ - Doombots,DoctorDoomDoombots-IQOP_cb20200901171234.jpg,https://cardguide.fandom.com/wiki/Doctor_Doom_-_Doombots_(IQOP),Doctor Doom,DU,"Doctor Doom may make 4 attacks, 3 attacks at +1 each, 2 attacks at +2 each, or 1 attack at +3. Bonus not applied to damage, or Venture total. One Per Deck",Cost/Effect: -,Normal,Very Rare,,,,Special
Domino™,Domino-IQOP_cb20200825202452.jpg,https://cardguide.fandom.com/wiki/Domino_(IQOP),Domino (Neena Thurman),,Energy Power cards are +2 when used for defense.,Energy 4Fighting 7Strength 3Intellect 5,Normal,Rare,,,,Character
Domino™ - Battle Medic,DominoBattleMedic-IQOP_cb20200901154416.jpg,https://cardguide.fandom.com/wiki/Domino_-_Battle_Medic_(IQOP),"unknown, Domino",ET,Remove up to 2 hits with a Fighting icon from one teammate's Permanent Record.,Cost/Effect: -,Normal,Uncommon,,,,Special
Domino™ - Dumb Luck,DominoDumbLuck-IQOP_cb20200901154720.jpg,https://cardguide.fandom.com/wiki/Domino_-_Dumb_Luck_(IQOP),Domino,AP,Acts as a level 6 Energy attack. Cannot be defended by a card with an Intellect icon.,Cost/Effect: Energy 6,Normal,Uncommon,,,,Special
Dr. Octopus™ - Big Plans,DrOctopusBigPlans-IQOP_cb20200901155930.jpg,https://cardguide.fandom.com/wiki/Dr._Octopus_-_Big_Plans_(IQOP),Doctor Octopus,EJ,"Acts as a level 2 Energy attack. If succesful, acts as a level 8 Intellect Power card.","Cost/Effect: Energy 2, Intellect 8",Normal,Uncommon,,,,Special
Edwin Jarvis™,EdwinJarvis-IQOP_cb20170305010229.jpg,https://cardguide.fandom.com/wiki/Edwin_Jarvis_(IQOP),"Black Widow, Edwin Jarvis",,Teammate must play one Special card.,Cost/Effect: 6 Fighting to useActs as 1 Fighting attack,Normal,Uncommon,Ally,,,Universe
Dr. Strange™,DrStragne-IQOP_cb20200825204626.jpg,https://cardguide.fandom.com/wiki/Dr._Strange_(IQOP),Doctor Strange (Stephen Strange),,,Energy 8Fighting 3Strength 2Intellect 6,Normal,Rare,,,,Character
Dr. Strange™ - Catastrophic Magic,DrStrangeCatastrophicMagic-IQOP_cb20200901165930.jpg,https://cardguide.fandom.com/wiki/Dr._Strange_-_Catastrophic_Magic_(IQOP),Doctor Strange,CY,Acts as a level 4 Energy attack. Dr. Strange may make 1 additional Fighting and/or 1 additional Intellect Power card attack.,Cost/Effect: Energy 4,Normal,Uncommon,,,,Special
Dr. Strange™ - Defender,DrStrangeDefender-IQOP_cb20200901170002.jpg,https://cardguide.fandom.com/wiki/Dr._Strange_-_Defender_(IQOP),Doctor Strange,HG,Dr. Strange may use Energy Power cards level 6 through 8 to avoid any attack made against Dr. Strange or teammate for remainder of battle. One Per Deck,Cost/Effect: -,Normal,Very Rare,,,,Special
Elektra™ - Infiltration,ElektraInfiltration-IQOP_cb20200901155644.jpg,https://cardguide.fandom.com/wiki/Elektra_-_Infiltration_(IQOP),"Elektra, unknowns",DB,"Avoids all attacks from 1 Teamwork card, or target hero must discard 1 Placed Teamwork card.",Cost/Effect: -,Normal,Uncommon,,,,Special
Elektra™,Elektra-IQOP_cb20200901093123.jpg,https://cardguide.fandom.com/wiki/Elektra_(IQOP),Elektra (Elektra Natchios),,May not be Spectrum KO'd with Fighting Power cards.,Energy 2Fighting 7Strength 4Intellect 4,Normal,Rare,,,,Character
Elektra™ - Ninja Trap,ElektraNinjaTrap-IQOP_cb20200901155421.jpg,https://cardguide.fandom.com/wiki/Elektra_-_Ninja_Trap_(IQOP),"Elektra, unknown",BS,"For remainder of battle, if Elektra can block a Power card attack with an equal value Power card, Elektra's Power card hits attacker. One Per Deck",Cost/Effect: -,Normal,Very Rare,,,,Special
Forge™,Forge-IQOP_cb20200901093821.jpg,https://cardguide.fandom.com/wiki/Forge_(IQOP),Forge,,Team's Basic Universe card bonuses are an additional +1.,Energy 5Fighting 5Strength 3Intellect 7,Normal,Rare,,,,Character
Forge™ - Cybernetic Limbs,ForgeCyberneticLimbs-IQOP_cb20200901153411.jpg,https://cardguide.fandom.com/wiki/Forge_-_Cybernetics_Limbs_(IQOP),Forge,BR,Forge may have 1 additional card Placed (sic) on him until Forge is KO'd. May be played from Reserve.,Cost/Effect: -,Normal,Common,,,,Special
Forge™ - Footsoldier Training,ForgeFootsoldierTraining-IQOP_cb20200904140007.jpg,https://cardguide.fandom.com/wiki/Forge_-_Footsoldier_Training_(IQOP),Forge,HF,Acts as as level 4 Fighting or Intellect attack.,"Cost/Effect: Fighting 4, Intellect 4",Normal,Common,,,,Special
Forge™ - The Maker,ForgeTheMaker-IQOP_cb20200904174245.jpg,https://cardguide.fandom.com/wiki/Forge_-_The_Maker_(IQOP),Forge,IF,Play when opponent concedes battle. Forge's team may discard any number of cards to top of Draw Pile.,Cost/Effect: -,Normal,Common,,,,Special
Forge™ - Cherokee Magic,ForgeCherokeeMagic-IQOP_cb20200904180813.jpg,https://cardguide.fandom.com/wiki/Forge_-_Cherokee_Magic_(IQOP),Forge,HE,Heroes on Opponent's Team with Strength 7 or 8 may not use cards with a Strength icon to attack for remainder of battle. One Per Deck,Cost/Effect: -,Normal,Very Rare,,,,Special
Forge™ - The Neutralizer,ForgeTheNeutralizer-IQOP_cb20200904180531.jpg,https://cardguide.fandom.com/wiki/Forge_-_The_Neutralizer_(IQOP),Forge,GA,Target character may not play Specials for remainder of battle.,Cost/Effect: -,Normal,Common,,,,Special
Ghost Rider™,GhostRider-IQOP_cb20200901094356.jpg,https://cardguide.fandom.com/wiki/Ghost_Rider_(IQOP),Ghost Rider,,May only be spectrum KO'd by four Power Types.,Energy 6Fighting 6Strength 6Intellect 2,Normal,Rare,,,,Character
Gambit™ - Kinetic Detonation,GambitKineticDetonation-IQOP_cb20200904180206.jpg,https://cardguide.fandom.com/wiki/Gambit_-_Kinetic_Detonation_(IQOP),Gambit,EJ,"Acts as a level 2 Energy attack. If successful, acts as a level 8 Fighting Power card.","Cost/Effect: Energy 2, Fighting 8",Normal,Uncommon,,,,Special
Gambit™ - Sinister Connection,GambitSinisterConnection-IQOP_cb20200904175033.jpg,https://cardguide.fandom.com/wiki/Gambit_-_Sinister_Connection_(IQOP),"Mister Sinister, Gambit",CF,Gambit may increase either his team's or opponent's ventured Mission cards by 1.,Cost/Effect: -,Normal,Uncommon,,,,Special
Gambit™,Gambit-IQOP_cb20200901094055.jpg,https://cardguide.fandom.com/wiki/Gambit_(IQOP),Gambit,,"May have duplicate ""Charge Object"" Specials.",Energy 6Fighting 6Strength 4Intellect 4,Normal,Rare,,,,Character
Ghost Rider™ - Skeletal Summoning,GhostRiderSkeletalSummoning-IQOP_cb20200904135244.jpg,https://cardguide.fandom.com/wiki/Ghost_Rider_-_Skeletal_Summoning_(IQOP),Ghost Rider,DS,Choose one Ghost Rider Special from Draw Pile and place in hand. Cannot be a duplicate. Reshuffle Draw Pile.,Cost/Effect: -,Normal,Uncommon,,,,Special
Ghost Rider™ - Spiritual Duality,GhostRiderSpiritualDuality-IQOP_cb20200904134909.jpg,https://cardguide.fandom.com/wiki/Ghost_Rider_-_Spiritual_Duality_(IQOP),Ghost Rider,FC,"Play with any Energy, Fighting or Strength Power card attack. Power card must be blocked twice.",Cost/Effect: -,Normal,Common,,,,Special
Green Goblin™,GreenGoblin-IQOP_cb20200901094841.jpg,https://cardguide.fandom.com/wiki/Green_Goblin_(IQOP),Green Goblin,,Intellect Power cards are +1 when used to attack.,Energy 4Fighting 4Strength 6Intellect 6,Normal,Uncommon,,,,Character
Green Goblin™ - Explosive Pumpkins,GreenGoblinExplosivePumpkins-IQOP_cb20200904135731.jpg,https://cardguide.fandom.com/wiki/Green_Goblin_-_Explosive_Pumpkins_(IQOP),Green Goblin,AR,Acts as a level 7 Strength attack.,Cost/Effect: Strength 7,Normal,Uncommon,,,,Special
Green Goblin™ - Flying Platform,GreenGoblinFlyingPlatform-IQOP_cb20200904134448.jpg,https://cardguide.fandom.com/wiki/Green_Goblin_-_Flying_Platform_(IQOP),Green Goblin,AG,Avoid 1 attack.,Cost/Effect: -,Normal,Common,,,,Special
Green Goblin™ - Gauntlet Blasters,GreenGoblinGauntletBlasters-IQOP_cb20200904134642.jpg,https://cardguide.fandom.com/wiki/Green_Goblin_-_Gauntlet_Blasters_(IQOP),Green Goblin,ID,"Acts as a level 1 Energy attack. May make 2 additional attacks at +1, or 1 additional attack at +2. Bonus not applied to damage, or Venture Total.",Cost/Effect: Energy 1,Normal,Common,,,,Special
Hawkeye™,Hawkeye-IQOP_cb20200901095145.jpg,https://cardguide.fandom.com/wiki/Hawkeye_(IQOP),Hawkeye,,"May play ""Dynamite Delivery"" from Reserve.",Energy 4Fighting 7Strength 4Intellect 2,Normal,Rare,,,,Character
Green Goblin™ - Goblin Legacy,GreenGolbinGoblinLegacy-IQOP_cb20200901142933.jpg,https://cardguide.fandom.com/wiki/Green_Goblin_-_Goblin_Legacy_(IQOP),Green Goblin,IC,"Green Goblin's ""Explosive Pumpkins"" and ""Gauntlet Blasters"" become Any Hero Specials for remainder of game One Per Deck",Cost/Effect: -,Normal,Very Rare,,,,Special
Hawkeye™ - Field Dressing,HawkeyeFieldDressing-IQOP_cb20200901201049.jpg,https://cardguide.fandom.com/wiki/Hawkeye_-_Field_Dressing_(IQOP),Hawkeye (Clint Barton),AL,Remove 1 Hit from Hawkeye's Hits From the Current Battle. Affects Venture Total.,Cost/Effect: -,Normal,Uncommon,,,,Special
Green Goblin™ - Murderous Ploy,GreenGoblinMurderousPloy-IQOP_cb20200901143415.jpg,https://cardguide.fandom.com/wiki/Green_Goblin_-_Murderous_Ploy_(IQOP),"Green Goblin, Gwen Stacy",IB,"Opponent must discard all placed Ally cards, and is -3 to Venture total.",Cost/Effect: -,Normal,Uncommon,,,,Special
Henry Pym™ - Yellowjacket,FandomFireLogo_cb20210713142711.png,https://cardguide.fandom.com/wiki/Henry_Pym_-_Yellowjacket_(IQOP)_(var),Yellowjacket (Henry Pym),AA,Acts as a level 4 Fighting attack. May make 1 additional attack.,Cost/Effect: Fighting 4,Normal,Common,,,Pink spotted variant,Special
Hawkeye™ - Quiver of Arrows,HawkeyeQuiverOfArrows-IQOP_cb20200901171627.jpg,https://cardguide.fandom.com/wiki/Hawkeye_-_Quiver_of_Arrows_(IQOP),Hawkeye (Clint Barton),HH,Hawkeye may have an unlimited number of Special cards Placed (sic) on him until Hawkeye is KO'd. Specials may not be duplicates,Cost/Effect: -,Normal,Uncommon,,,,Special
Henry Pym™ - Goliath,HenryPymGoliath-IQOP_cb20200901203205.jpg,https://cardguide.fandom.com/wiki/Henry_Pym_-_Goliath_(IQOP),"Thor (Thor Odinson), Goliath (Henry Pym)",EQ,"For remainder of battle, Henry Pym's Strength and Fighting actions are +3, Intellect actions are -2.",Cost/Effect: -,Normal,Common,,,,Special
Henry Pym™,HenryPym-IQOP_cb20200901095441.jpg,https://cardguide.fandom.com/wiki/Henry_Pym_(IQOP),Henry Pym,,MultiPower Power cards are +2 when used for defense.,Energy 3Fighting 4Strength 3Intellect 7,Normal,Rare,,,,Character
Henry Pym™ - Giant-Man,HenryPymGiantMan-IQOP_cb20200901203501.jpg,https://cardguide.fandom.com/wiki/Henry_Pym_-_Giant-Man_(IQOP),"Giant-Man (Henry Pym), Sentinel",AY,Henry Pym's Strength Rating increases to 7 for remainder of game. One Per Deck,Cost/Effect: -,Normal,Common,,,,Special
Henry Pym™ - Yellowjacket,HenryPymYellowjacket-IQOP_cb20200901202007.jpg,https://cardguide.fandom.com/wiki/Henry_Pym_-_Yellowjacket_(IQOP),Yellowjacket (Henry Pym),IC,Acts as a level 4 Fighting attack. May make 1 additional attack.,Cost/Effect: Fighting 4,Normal,Common,,,,Special
Henry Pym™ - Medical Knowledge,HenryPymMedicalKnowledge-IQOP_cb20200901202647.jpg,https://cardguide.fandom.com/wiki/Henry_Pym_-_Medical_Knowledge_(IQOP),"Henry Pym, Janet Van Dyne",ET,Remove up to 2 hits with a Strength icon from one teammate's Permanent Record.,Cost/Effect: -,Normal,Uncommon,,,,Special
Henry Pym™ - Ant-Man,HenryPymAntMan-IQOP_cb20200901201519.jpg,https://cardguide.fandom.com/wiki/Henry_Pym_-_Ant-Man_(IQOP),Ant-Man (Henry Pym),AD,Henry Pym may avoid any numerical attack,Cost/Effect: -,Normal,Common,,,,Special
Holocaust™ - Horrifying Image,HolocaustHorrifyingImage-IQOP_cb20200901171904.jpg,https://cardguide.fandom.com/wiki/Holocaust_-_Horrifying_Image_(IQOP),Holocaust,AR,Acts as a level 4 Intellect attack.,Cost/Effect: Intellect 4,Normal,Common,,,,Special
Hobgoblin™,Hobgoblin-IQOP_cb20200901102143.jpg,https://cardguide.fandom.com/wiki/Hobgoblin_(IQOP),Hobgoblin,,Strength Power cards are +1 when used to attack.,Energy 4Fighting 6Strength 6Intellect 3,Normal,Uncommon,,,,Character
Hobgoblin™ - Cybernetic Upgrade,HobgoblinCyberneticUpgrade-IQOP_cb20200901194151.jpg,https://cardguide.fandom.com/wiki/Hobgoblin_-_Cybernetic_Upgrade_(IQOP),Hobgoblin,ET,Remove up to 2 hits with a Fighting icon from Hobgoblin's Permanent Record.,Cost/Effect: -,Normal,Uncommon,,,,Special
Hobgoblin™ - Goblin Cache,HobgoblinGoblinCache-IQOP_cb20200901193931.jpg,https://cardguide.fandom.com/wiki/Hobgoblin_-_Goblin_Cache_(IQOP),"Hobgoblin, Green Goblin",HI,Hobgoblin may Place and play any Green Goblin Special cards for remainder of game.,Cost/Effect: -,Normal,Uncommon,,,,Special
Hulk™,Hulk-IQOP_cb20200901102530.jpg,https://cardguide.fandom.com/wiki/Hulk_(IQOP),Hulk,,,Energy 1Fighting 3Strength 8Intellect 6,Normal,Rare,,,,Character
Human Torch™,HumanTorch-IQOP_cb20200901103036.jpg,https://cardguide.fandom.com/wiki/Human_Torch_(IQOP),Human Torch,,May not be Cumulative KO'd with Energy Power cards.,Energy 7Fighting 4Strength 4Intellect 4,Normal,Rare,,,,Character
Human Torch™ - Hot Head,HumanTorchHotHead-IQOP_cb20200901200827.jpg,https://cardguide.fandom.com/wiki/Human_Torch_-_Hot_Head_(IQOP),Human Torch,EI,Acts as a level 2 Energy attack. May be made after opponent has conceded the battle. Opponent may defend.,Cost/Effect: Energy 2,Normal,Uncommon,,,,Special
Iceman™ - Ice Tactics,IcemanIceTactics-IQOP_cb20200901205030.jpg,https://cardguide.fandom.com/wiki/Iceman_-_Ice_Tactics_(IQOP),Iceman,AI,Target hero must discard 1 Placed card of Iceman's choice.,Cost/Effect: -,Normal,Common,,,,Special
Human Torch™ - Fire Cage,HumanTorchFireCage-IQOP_cb20200901200611.jpg,https://cardguide.fandom.com/wiki/Human_Torch_-_Fire_Cage_(IQOP),"Human Torch, unknown",AX,Human Torch and target Hero may not attack for remainder of battle.,Cost/Effect: -,Normal,Uncommon,,,,Special
Iceman™,Iceman-IQOP_cb20200901103249.jpg,https://cardguide.fandom.com/wiki/Iceman_(IQOP),Iceman,,"May have duplicate ""Snow Blind"" Specials.",Energy 7Fighting 4Strength 4Intellect 3,Normal,Rare,,,,Character
Hulk™ - Gamma Transfusion,HulkGammaTransfusion-IQOP_cb20200901194419.jpg,https://cardguide.fandom.com/wiki/Hulk_-_Gamma_Transfusion_(IQOP),"Jennifer Walters, Bruce Banner",HJ,Hulk may switch any two cards with an Intellect icon on the Permanent Record of any two Front Line heroes on his team.,Cost/Effect: -,Normal,Very Rare,,,,Special
Invisible Woman™,InvisibleWoman-IQOP_cb20200901103532.jpg,https://cardguide.fandom.com/wiki/Invisible_Woman_(IQOP),Invisible Woman,,Team is +2 to Venture Total per battle.,Energy 6Fighting 4Strength 3Intellect 6,Normal,Rare,,,,Character
Invisible Woman™ - Team Coordination,InvisibleWomanTeamCoordination-IQOP_cb20200901204516.jpg,https://cardguide.fandom.com/wiki/Invisible_Woman_-_Team_Coordination_(IQOP),"Invisible Woman, Power Man (Luke Cage), Medusa (Marvel Comics)",FE,Acts as a level 3 Intellect attack. Each Front Line teammate may make 1 additional attack.,Cost/Effect: Intellect 3,Normal,Uncommon,,,,Special
Iron Man™,IronMan-IQOP_cb20200901103810.jpg,https://cardguide.fandom.com/wiki/Iron_Man_(IQOP),Iron Man,,,Energy 5Fighting 3Strength 7Intellect 7,Normal,Very Rare,,,,Character
Invisible Woman™ - Protective Wall,InvisibleWomanProtectiveWall-IQOP_cb20200902142003.jpg,https://cardguide.fandom.com/wiki/Invisible_Woman_-_Protective_Wall_(IQOP),Invisible Woman,AD,Invisible Woman or teammate may avoid 1 attack of 9 or less.,Cost/Effect: -,Normal,Uncommon,,,,Special
Jean Grey™,JeanGrey-IQOP_cb20200901104119.jpg,https://cardguide.fandom.com/wiki/Jean_Grey_(IQOP),Jean Grey,,"May play ""Telepathic Unity"" from Reserve.",Energy 7Fighting 3Strength 2Intellect 4,Normal,Rare,,,,Character
Jean Grey™ - Phoenix Effect,JeanGreyPhoenixEffect-IQOP_cb20200903180435.jpg,https://cardguide.fandom.com/wiki/Jean_Grey_-_Phoenix_Effect_(IQOP),Phoenix (Jean Grey),AE,"Acts as a level 4 Any-Power attack. May combine with 1 Energy, Fighting, Strength or Intellect Power card for a single attack.",Cost/Effect: Any-Power 4,Normal,Uncommon,,,,Special
Jubilee™,Jubilee-IQOP_cb20200901104332.jpg,https://cardguide.fandom.com/wiki/Jubilee_(IQOP),Jubilee,,"May have duplicate ""Blinding Flare"" Specials.",Energy 6Fighting 4Strength 2Intellect 4,Normal,Rare,,,,Character
Jubilee™ - Wisecrack,JubileeWisecrack-IQOP_cb20200903214100.jpg,https://cardguide.fandom.com/wiki/Jubilee_-_Wisecrack_(IQOP),Jubilee,HK,Target hero must make as many attacks as possible. Jubilee's team may defend.,Cost/Effect: -,Normal,Uncommon,,,,Special
Iron Man™ - Stealth Armor,IronManStealthArmor-IQOP_cb20200901203918.jpg,https://cardguide.fandom.com/wiki/Iron_Man_-_Stealth_Armor_(IQOP),Iron Man (Tony Stark),AI,Target Hero must discard 1 Placed card of Iron Man's choice.,Cost/Effect: -,Normal,Common,,,,Special
Juggernaut™ - Magic Helm,JuggernautMagicHelm-IQOP_cb20200904132053.jpg,https://cardguide.fandom.com/wiki/Juggernaut_-_Magic_Helm_(IQOP),Juggernaut,CM,Opponent's team is -3 to all Intellect attacks against Juggernaut for remainder of battle.,Cost/Effect: -,Normal,Common,,,,Special
Juggernaut™,Juggernaut-IQOP_cb20200901105132.jpg,https://cardguide.fandom.com/wiki/Juggernaut_(IQOP),Juggernaut,,,Energy 4Fighting 5Strength 8Intellect 2,Normal,Rare,,,,Character
Iron Man™ - Weapons Inventor,IronManWeaponsInventor-IQOP_cb20200901204149.jpg,https://cardguide.fandom.com/wiki/Iron_Man_-_Weapons_Inventor_(IQOP),Iron Man (Tony Stark),AE,Acts as a level 4 Intellect attack. May combine with 1 Energy card for a single attack.,Cost/Effect: Intellect 4,Normal,Uncommon,,,,Special
Kingpin™ - Business Savvy,KingpinBusinessSavvy-IQOP_cb20200904132905.jpg,https://cardguide.fandom.com/wiki/Kingpin_-_Business_Savvy_(IQOP),Kingpin,HQ,Draw 3 cards. Discard duplicates.,Cost/Effect: -,Normal,Uncommon,,,,Special
Jean Grey™ - Psychic Soothing,JeanGreyPsychicSoothing-IQOP_cb20200903180832.jpg,https://cardguide.fandom.com/wiki/Jean_Grey_-_Psychic_Soothing_(IQOP),"Sabretooth, Jean Grey",ET,Remove up to 2 Hits with an Energy icon from one teammate's Permanent Record.,Cost/Effect: -,Normal,Uncommon,,,,Special
Jubilee™ - Troublemaker,JubileeTroublemaker-IQOP_cb20200903175051.jpg,https://cardguide.fandom.com/wiki/Jubilee_-_Troublemaker_(IQOP),Jubilee,DB,"Avoids all attacks from 1 Teamwork card, or target hero must discard 1 Placed Teamwork card.",Cost/Effect: -,Normal,Uncommon,,,,Special
Kingpin™ - Crime Magnate,KingpinCrimeMagnate-IQOP_cb20200913091504.jpg,https://cardguide.fandom.com/wiki/Kingpin_-_Crime_Magnate_(IQOP),Kingpin,HX,Kingpin's team is +1 to all numeric Special cards for remainder of battle. Bonus not applied to damage of Venture total. May be played from Reserve.,Cost/Effect: -,Normal,Very Rare,,,,Special
Kingpin™ - Crime Magnate,KingpinCrimeMagnate-IQOP_cb20200913091504.jpg,https://cardguide.fandom.com/wiki/Kingpin_-_Crime_Magnate_(IQOP)_(var),Kingpin,HX,Kingpin's team is +1 to all numeric Special cards for remainder of battle. Bonus not applied to damage of Venture total. May be played from Reserve One Per Deck,Cost/Effect: -,Normal,Very Rare,,,"""Pink"" spotted variant",Special
Kingpin™,Kingpin-IQOP_cb20200901105326.jpg,https://cardguide.fandom.com/wiki/Kingpin_(IQOP),Kingpin,,May play Teamwork cards from Reserve.,Energy 2Fighting 4Strength 5Intellect 6,Normal,Rare,,,,Character
Kingpin™ - Underworld Henchmen,KingpinUnderworldHenchmen-IQOP_cb20200914185102.jpg,https://cardguide.fandom.com/wiki/Kingpin_-_Underworld_Henchmen_(IQOP),"unknown, Kingpin",HL,Opponent's team may not use Fighting Power cards level 6 through 8 to attack for remainder of battle.,Cost/Effect: -,Normal,Common,,,,Special
Kingpin™ - Sumo Knowledge,KingpinSumoKnowledge-IQOP_cb20200913091837.jpg,https://cardguide.fandom.com/wiki/Kingpin_-_Sumo_Knowledge_(IQOP),Kingpin,AS,Acts as a level 9 Strength or Intellect attack. One Per Deck,Cost/Effect: Strength/Intellect 9,Normal,Very Rare,,,,Special
Kingpin™ - Walking Stick,KingpinWalkingStick-IQOP_cb20200913092034.jpg,https://cardguide.fandom.com/wiki/Kingpin_-_Walking_Stick_(IQOP),Kingpin,HF,Acts as a level 4 Energy or Strength attack.,Cost/Effect: Energy/Strength 4,Normal,Common,,,,Special
Longshot™,Longshot-IQOP_cb20200901105654.jpg,https://cardguide.fandom.com/wiki/Longshot_(IQOP),Longshot,,Opponent's Team is -2 to Venture Total per battle.,Energy 3Fighting 7Strength 4Intellect 3,Normal,Rare,,,,Character
Kristoff Vernard™,KristoffVarnard-IQOP_cb20170305013308.jpg,https://cardguide.fandom.com/wiki/Kristoff_Vernard_(IQOP),"Doctor Doom, Kristoff Vernard",,Teammate must play one Special card.,Cost/Effect: 8 Intellect to useActs as 3 Intellect attack,Normal,Common,Ally,,,Universe
Magneto™ - Magnetic Devastation (variant),MagnetoMagneticDevastation-IQOP_cb20200908180630.jpg,https://cardguide.fandom.com/wiki/Magneto_-_Magnetic_Devastation_(IQOP)_(var),Magneto,GJ,"Acts as a level 4 Energy, Strength, Fighting or Intellect attack. May make 1 additional attack.",Cost/Effect: Energy/Strength/Fighting/Intellect 4,Normal,Common,,,"""Pink"" spotted variant",Special
Magneto™ - Magnetic Devastation,MagnetoMagneticDevastation-IQOP_cb20200908180630.jpg,https://cardguide.fandom.com/wiki/Magneto_-_Magnetic_Devastation_(IQOP),Magneto,GJ,"Acts as a level 4 Energy, Strength, Fighting or Intellect attack. May make 1 additional attack.",Cost/Effect: Energy/Strength/Fighting/Intellect 4,Normal,Common,,,,Special
Longshot™ - Purity of Thought,LongshotPurityOfThought-IQOP_cb20200913090001.jpg,https://cardguide.fandom.com/wiki/Longshot_-_Purity_of_Thought_(IQOP),Longshot,HM,"Draw one card for each card discarded this battle, including duplicate and unusable cards. Do not discard if duplicate. One Per Deck",Cost/Effect: -,Normal,Very Rare,,,,Special
Magneto™,Magneto-IQOP_cb20200901105906.jpg,https://cardguide.fandom.com/wiki/Magneto_(IQOP),Magneto,,,Energy 8Fighting 5Strength 3Intellect 6,Normal,Rare,,,,Character
Magneto™ - Master of Magnetism,MagnetoMasterOfMagnetism-IQOP_cb20200913085525.jpg,https://cardguide.fandom.com/wiki/Magneto_-_Master_of_Magnetism_(IQOP),Magneto,HN,Acts as a level 11 Any-Power attack. Does not count toward Spectrum KO. One Per Deck,Cost/Effect: Any-Power 11,Normal,Very Rare,,,,Special
Longshot™ - Fortunate Accident,LongshotFortunateAccident-IQOP_cb20200913092358.jpg,https://cardguide.fandom.com/wiki/Longshot_-_Fortunate_Accident_(IQOP),Longshot,HL,Opponent's team may not use Energy Power cards level 6 through 8 to attack for remainder of battle.,Cost/Effect: -,Normal,Uncommon,,,,Special
Mandarin™,Mandarin-IQOP_cb20200901110135.jpg,https://cardguide.fandom.com/wiki/Mandarin_(IQOP),Mandarin,,Fighting Power cards are +2 when used for defense.,Energy 7Fighting 4Strength 3Intellect 5,Normal,Rare,,,,Character
Mandarin™ - Energy Void,MandarinEnergyVoid-IQOP_cb20200913090919.jpg,https://cardguide.fandom.com/wiki/Mandarin_-_Energy_Void_(IQOP),"Mandarin, Iron Man",HE,Heroes on Opponent's Team with energy 7 or 8 may not use cards with an Energy icon to attack for remainder of battle. One Per Deck,Cost/Effect: -,Normal,Very Rare,,,,Special
Mojo™,Mojo-IQOP_cb20200901110402.jpg,https://cardguide.fandom.com/wiki/Mojo_(IQOP),Mojo,,MultiPower Power cards are +1 when used to attack.,Energy 6Fighting 3Strength 1Intellect 6,Normal,Uncommon,,,,Character
Mary Jane Watson-Parker™,MaryJaneWatsonParker-IQOP_cb20170305010549.jpg,https://cardguide.fandom.com/wiki/Mary_Jane_Watson-Parker_(IQOP),"Mary Jane Watson, Spider-Man",,Teammate must play one Special card.,Cost/Effect: 6 Strength to useActs as 1 Strength attack,Normal,Uncommon,Ally,,,Universe
Morbius™ - Induce Panic,MorbiusInducePanic-IQOP_cb20200913102453.jpg,https://cardguide.fandom.com/wiki/Morbius_-_Induce_Panic_(IQOP),Morbius,HL,Opponent's team may not use Intellect Power cards level 6 through 8 to attack for remainder of battle.,Cost/Effect: -,Normal,Uncommon,,,,Special
Morbius™,Morbius-IQOP_cb20200901110649.jpg,https://cardguide.fandom.com/wiki/Morbius_(IQOP),Morbius,,May only be Cumulative KO'd by 30 or more points.,Energy 5Fighting 3Strength 6Intellect 5,Normal,Rare,,,,Character
Mojo™ - Director's Cut,MojoDirectorsCut-IQOP_cb20200913101946.jpg,https://cardguide.fandom.com/wiki/Mojo_-_Director%27s_Cut_(IQOP),Mojo,AO,Negates the effect of any 1 Special card played by opponent.,Cost/Effect: -,Normal,Uncommon,,,,Special
Mandarin™ - Master Tactician,MandarinMasterTactician-IQOP_cb20200913091255.jpg,https://cardguide.fandom.com/wiki/Mandarin_-_Master_Tactician_(IQOP),Mandarin,AE,Acts as a level 4 Fighting attack. May combine with 1 Intellect card for a single attack.,Cost/Effect: Fighting 4,Normal,Uncommon,,,,Special
Morph™,Morph-IQOP_cb20200901110907.jpg,https://cardguide.fandom.com/wiki/Morph_(IQOP),Morph,,May not be Spectrum KO'd with Intellect Power cards.,Energy 4Fighting 5Strength 3Intellect 6,Normal,Rare,,,,Character
Morbius™ - Shadowy Escape,MorbiusShadowyEscape-IQOP_cb20200913103050.jpg,https://cardguide.fandom.com/wiki/Morbius_-_Shadowy_Escape_(IQOP),Morbius,AD,Morbius may avoid any numerical attack.,Cost/Effect: -,Normal,Common,,,,Special
Moira MacTaggart™,MoiraMacTaggart-IQOP_cb20170305012747.jpg,https://cardguide.fandom.com/wiki/Moira_MacTaggart_(IQOP),"Professor X, Moira MacTaggart",,Teammate must play one Special card.,Cost/Effect: 8 Energy to useActs as 3 Energy attack,Normal,Common,Ally,,,Universe
Morph™ - Ridiculous Behavior,MorphRidiculousBehavior-IQOP_cb20200913102851.jpg,https://cardguide.fandom.com/wiki/Morph_-_Ridiculous_Behavior_(IQOP),Morph,AD,Avoid 1 attack that contains an Intellect icon.,Cost/Effect: -,Normal,Common,,,,Special
Mojo™ - Caught on Film,MojoCaughtOnFilm-IQOP_cb20200913102205.jpg,https://cardguide.fandom.com/wiki/Mojo_-_Caught_on_Film_(IQOP),"Mojo, Longshot (in camera lens)",HO,"Acts as a level 6 Intellect attack. If succesful, opponent -4 to Venture total.",Cost/Effect: Intellect 6,Normal,Uncommon,,,,Special
Morph™ - Substitute Death,MorphSubstituteDeath-IQOP_cb20200913093322.jpg,https://cardguide.fandom.com/wiki/Morph_-_Substitute_Death_(IQOP),"Morph, Wolverine (in outline)",HP,"Play in current battle, after one teammate is KO'd. Immediately exchange KO'd teammate and Morph. Discard all Placed cards. All Hits remain. One Per Deck",Cost/Effect: -,Normal,Very Rare,,,,Special
Mr. Fantastic™ - Fantastic Mind,MrFantasticFantasticMind-IQOP_cb20200913093737.jpg,https://cardguide.fandom.com/wiki/Mr._Fantastic_-_Fantastic_Mind_(IQOP),Mister Fantastic,AR,Acts as a level 7 Intellect attack.,Cost/Effect: Intellect 7,Normal,Uncommon,,,,Special
Mr. Fantastic™ - Inventive Genius,MrFantasticInventiveGenius-IQOP_cb20200913094008.jpg,https://cardguide.fandom.com/wiki/Mr._Fantastic_-_Inventive_Genius_(IQOP),Mister Fantastic,HQ,Draw 3 cards. Discard duplicates.,Cost/Effect: -,Normal,Uncommon,,,,Special
Mr. Fantastic™,MrFantastic-IQOP_cb20200901111521.jpg,https://cardguide.fandom.com/wiki/Mr._Fantastic_(IQOP),Mister Fantastic,,,Energy 2Fighting 5Strength 2Intellect 8,Normal,Very Rare,,,,Character
Mr. Sinister™ - Cloning Process,MrSinisterCloningProcess-IQOP_cb20200913093050.jpg,https://cardguide.fandom.com/wiki/Mr._Sinister_-_Cloning_Process_(IQOP),Mister Sinister,HS,Play in current battle. Do not discard duplicates in next battle. One Per Deck,Cost/Effect: -,Normal,Very Rare,,,,Special
Mr. Sinister™ - Marauder,MrSinisterMarauder-IQOP_cb20200913092836.jpg,https://cardguide.fandom.com/wiki/Mr._Sinister_-_Marauder_(IQOP),"Mister Sinister, Quicksilver, Forge",HR,Acts as a level 9 Energy or Intellect attack. One Per Deck,Cost/Effect: Energy/Intellect 9,Normal,Very Rare,,,,Special
Mr. Sinister™,MrSinister-IQOP_cb20200901111656.jpg,https://cardguide.fandom.com/wiki/Mr._Sinister_(IQOP),Mister Sinister,,,Energy 4Fighting 5Strength 4Intellect 8,Normal,Very Rare,,,,Character
Mysterio™ - Holographic Decoy,MysterioHolographicDecoy-IQOP_cb20200913092634.jpg,https://cardguide.fandom.com/wiki/Mysterio_-_Holographic_Decoy_(IQOP),Mysterio,AD,Mysterio may avoid any numerical attack.,Cost/Effect: -,Normal,Common,,,,Special
Mysterio™,Mysterio-IQOP_cb20200901112340.jpg,https://cardguide.fandom.com/wiki/Mysterio_(IQOP),Mysterio,,May not be Spectrum KO'd with Energy Power cards.,Energy 6Fighting 3Strength 4Intellect 6,Normal,Uncommon,,,,Character
Mysterio™ - Mysteryvision,MysterioMysteryvision-IQOP_cb20200912085958.jpg,https://cardguide.fandom.com/wiki/Mysterio_-_Mysteryvision_(IQOP),Mysterio,IC,Acts as a level 6 Intellect attack. Cannot be defended by a card with an Intellect icon.,Cost/Effect: Intellect 6,Normal,Uncommon,,,,Special
Namor™,Namor-IQOP_cb20200901112753.jpg,https://cardguide.fandom.com/wiki/Namor_(IQOP),Namor,,,Energy 2Fighting 7Strength 7Intellect 4,Normal,Rare,,,,Character
Mystique™ - Fatal Marksman,MystiqueFatalMarksman-IQOP_cb20200908193256.jpg,https://cardguide.fandom.com/wiki/Mystique_-_Fatal_Marksman_(IQOP),Mystique,EI,"Acts as a level 2 Fighting attack. May be made after opponent has conceded the battle, opponent may defend.",Cost/Effect: Fighting 2,Normal,Uncommon,,,,Special
Mystqiue™,Mystique-IQOP_cb20200901112544.jpg,https://cardguide.fandom.com/wiki/Mystique_(IQOP),Mystique,,Fighting Power cards are +1 when used to attack.,Energy 5Fighting 6Strength 3Intellect 6,Normal,Uncommon,,,,Character
Mystique™ - Government Agent,MystiqueGovernmentAgent-IQOP_cb20200908180932.jpg,https://cardguide.fandom.com/wiki/Mystique_-_Government_Agent_(IQOP),"unknown, Mystique",GD,"Acts as a level 5 Intellect attack. If successful, acts as a level 1 Energy or Strength Power card.","Cost/Effect: Intellect 5, Energy/Strength 1",Normal,Uncommon,,,,Special
Namor™ - Neptune's Armor,NamorNeptunesArmor-IQOP_cb20200908194807.jpg,https://cardguide.fandom.com/wiki/Namor_-_Neptune%27s_Armor_(IQOP),Namor,CD,Only Energy attacks may be played against Namor for remainder of battle.,Cost/Effect: -,Normal,Uncommon,,,,Special
Namor™ - Sub-Mariner,NamorSubMariner-IQOP_cb20200908194349.jpg,https://cardguide.fandom.com/wiki/Namor_-_Sub-Mariner_(IQOP),Namor,HG,Namor may use Strength Power cards level 6 through 8 to avoid any attack made against Namor or teammate for remainder of battle. One Per Deck,Cost/Effect: -,Normal,Very Rare,,,,Special
Nick Fury™,NickFury-IQOP_cb20200901112939.jpg,https://cardguide.fandom.com/wiki/Nick_Fury_(IQOP),Nick Fury,,,Energy 3Fighting 7Strength 4Intellect 6,Normal,Rare,,,,Character
Nick Fury™ - Howling Commando,NickFuryHowlingCommando-IQOP_cb20200908191226.jpg,https://cardguide.fandom.com/wiki/Nick_Fury_-_Howling_Commando_(IQOP),"Nick Fury, Dum-Dum Dugan, unknown",HN,Acts as a level 8 Any-Power attack. Does not count toward Spectrum KO.,Cost/Effect: Any-Power 8,Normal,Uncommon,,,,Special
Nick Fury™ - Infinity Formula,NickFuryInfinityFormula-IQOP_cb20200908181254.jpg,https://cardguide.fandom.com/wiki/Nick_Fury_-_Infinity_Formula_(IQOP),Nick Fury,ET,Remove up to 2 Hits with an Energy icon from Nick Fury's Permanent Record.,Cost/Effect: -,Normal,Uncommon,,,,Special
Nick Fury™ - Battle Strategy,NickFuryBattleStrategy-IQOP_cb20200908191944.jpg,https://cardguide.fandom.com/wiki/Nick_Fury_-_Battle_Strategy_(IQOP),Nick Fury,IE,"Play during battle. At end of battle, opponent may only move 1 Mission card. Other Mission cards return to pile Ventured from. One Per Deck",Cost/Effect: -,Normal,Very Rare,,,,Special
Nightcrawler™,Nightcrawler-IQOP_cb20200901113240.jpg,https://cardguide.fandom.com/wiki/Nightcrawler_(IQOP),Nightcrawler,,,Energy 6Fighting 7Strength 3Intellect 3,Normal,Rare,,,,Character
Nightcrawler™ - Acrobatic Precision,NightcrawlerAcrobaticPrecision-IQOP_cb20200908192339.jpg,https://cardguide.fandom.com/wiki/Nightcrawler_-_Acrobatic_Precision_(IQOP),Nightcrawler,HF,Acts as a level 4 Intellect or Strength attack.,Cost/Effect: Intellect/Strength 4,Normal,Common,,,,Special
Nightcrawler™ - Power 'Port,NightcrawlerPowerPort-IQOP_cb20200908192835.jpg,https://cardguide.fandom.com/wiki/Nightcrawler_-_Power_%27Port_(IQOP),Nightcrawler,HT,Choose 1 Power card not usable by Nightcrawler from Draw Pile and place in hand. May be duplicate. Reshuffle Draw Pile. One Per Deck,Cost/Effect: -,Normal,Very Rare,,,,Special
Omega Red™,OmegaRed-IQOP_cb20200901113535.jpg,https://cardguide.fandom.com/wiki/Omega_Red_(IQOP),Omega Red,,,Energy 6Fighting 7Strength 5Intellect 2,Normal,Rare,,,,Character
Nick Fury™ - Agent of S.H.I.E.L.D.,NickFuryAgentOfSHIELD-IQOP_cb20200908194103.jpg,https://cardguide.fandom.com/wiki/Nick_Fury_-_Agent_of_S.H.I.E.L.D._(IQOP),Nick Fury,CM,Opponent's Team is -2 to all attacks against Nick Fury for remainder of battle.,Cost/Effect: -,Normal,Common,,,,Special
Omega Red™ - Carbonadium Synthesizer,OmegaRedCarbonadiumSynthesizer-IQOP_cb20200908193034.jpg,https://cardguide.fandom.com/wiki/Omega_Red_-_Carbonadium_Synthesizer_(IQOP),Omega Red,EZ,Play in the current battle. Omega Red's Energy and Strength ratings are increased to 7 in the next battle. One Per Deck,Cost/Effect: -,Normal,Very Rare,,,,Special
Nick Fury™ - War Hero,NickFuryWarHero-IQOP_cb20200908190956.jpg,https://cardguide.fandom.com/wiki/Nick_Fury_-_War_Hero_(IQOP),Nick Fury,AA,Acts as a level 4 Fighting attack. May make 1 additional attack.,Cost/Effect: Fighting 4,Normal,Common,,,,Special
Onslaught™ - Cannon Fodder,OnslaughtCannonFodder-IQOP_cb20200912121254.jpg,https://cardguide.fandom.com/wiki/Onslaught_-_Cannon_Fodder_(IQOP),"Onslaught, unknown",CT,All attacks made on Onslaught are made on target teammate until teammate is KO'd. Teammate may defend. One Per Deck,Cost/Effect: -,Normal,Very Rare,,,,Special
Professor X™,ProfessorX-IQOP_cb20200901113941.jpg,https://cardguide.fandom.com/wiki/Professor_X_(IQOP),Professor X,,,Energy 8Fighting 2Strength 1Intellect 7,Normal,Rare,,,,Character
Post™ - Covert Manipulations,PostCovertManipulations-IQOP_cb20200912121630.jpg,https://cardguide.fandom.com/wiki/Post_-_Covert_Manipulations_(IQOP),"Post, unknown",AF,Opponent -2 to Venture total for this battle. May be played from Reserve.,Cost/Effect: -,Normal,Uncommon,,,,Special
Professor X™ - Psychic Shield,ProfessorXPsychicShield-IQOP_cb20200912104108.jpg,https://cardguide.fandom.com/wiki/Professor_X_-_Psychic_Shield_(IQOP),Professor X,AH,No Special cards may be played against Professor X for remainder of battle.,Cost/Effect: -,Normal,Uncommon,,,,Special
Psylocke™,Psylocke-IQOP_cb20200901114204.jpg,https://cardguide.fandom.com/wiki/Psylocke_(IQOP),Psylocke,,,Energy 7Fighting 6Strength 3Intellect 4,Normal,Rare,,,,Character
Omega Red™ - Twin Tentacles,OmegaRedTwinTentacles-IQOP_cb20200912122234.jpg,https://cardguide.fandom.com/wiki/Omega_Red_-_Twin_Tentacles_(IQOP),Omega Red,FC,Play with any Strength or Energy Power card attack. Power card must be blocked twice.,Cost/Effect: -,Normal,Common,,,,Special
Psylocke™ - Lady Mandarin,PsylockeLadyMandarin-IQOP_cb20200912121012.jpg,https://cardguide.fandom.com/wiki/Psylocke_-_Lady_Mandarin_(IQOP),"Psylocke, Lady Mandarin",HF,Acts as a level 4 Intellect or Strength attack.,"Cost/Effect: Intellect 4, Strength 4",Normal,Common,,,,Special
Psylocke™ - Crimson Dawn,PsylockeCrimsonDawn-IQOP_cb20200912120605.jpg,https://cardguide.fandom.com/wiki/Psylocke_-_Crimson_Dawn_(IQOP),Psylocke,EV,Psylocke may remove all hits with icon of Psylocke's choice from her Permanent Record. One Per Deck,Cost/Effect: -,Normal,Very Rare,,,,Special
Punisher™ - Outwit,PunisherOutwit-IQOP_cb20200912122941.jpg,https://cardguide.fandom.com/wiki/Punisher_-_Outwit_(IQOP),Punisher,ET,Remove up to 2 Hits with an Intellect icon from Punisher's Permanent Record.,Cost/Effect: -,Normal,Uncommon,,,,Special
Punisher™,Punisher-IQOP_cb20200901114348.jpg,https://cardguide.fandom.com/wiki/Punisher_(IQOP),Punisher,,May not be Cumulative KO'd with Fighting Power cards.,Energy 3Fighting 7Strength 4Intellect 4,Normal,Rare,,,,Character
Punisher™ - Dodge,PunisherDodge-IQOP_cb20200912132657.jpg,https://cardguide.fandom.com/wiki/Punisher_-_Dodge_(IQOP),Punisher,AD,Avoid any attack made with a Power card,Cost/Effect: -,Normal,Uncommon,,,,Special
Quicksilver™,Quicksilver-IQOP_cb20200901114557.jpg,https://cardguide.fandom.com/wiki/Quicksilver_(IQOP),Quicksilver,,,Energy 7Fighting 6Strength 3Intellect 2,Normal,Rare,,,,Character
Professor X™ - Mindwipe,ProfessorXMindwipe-IQOP_cb20200912120234.jpg,https://cardguide.fandom.com/wiki/Professor_X_-_Mindwipe_(IQOP),"unknown, Professor X",AQ,"Acts as a level 8 Energy, Strength, Fighting or Intellect attack. One Per Deck","Cost/Effect: Energy 8, Fighting 8, Strength 8, Intellect 8",Normal,Very Rare,,,,Special
Quicksilver™ - High Speed Impact,QuicksilverHighSpeedImpact-IQOP_cb20200912140338.jpg,https://cardguide.fandom.com/wiki/Quicksilver_-_High_Speed_Impact_(IQOP),Quicksilver,AS,Acts as a level 11 Strength attack. Quicksilver may not attack for remainder of battle. One Per Deck,Cost/Effect: Strength 11,Normal,Very Rare,,,,Special
Quicksilver™ - Rapid-Fire Punches,QuicksilverRapidFirePunches-IQOP_cb20200912133557.jpg,https://cardguide.fandom.com/wiki/Quicksilver_-_Rapid-Fire_Punches_(IQOP),"unknown, Quicksilver",DG,"Acts as a level 1 Fighting attack. May make 2 additional attacks at +1, or 1 additional attack at +2. Bonus not applied to damage, or Venture total.",Cost/Effect: Fighting 1,Normal,Common,,,,Special
Red Skull™,RedSkull-IQOP_cb20200901114919.jpg,https://cardguide.fandom.com/wiki/Red_Skull_(IQOP),Red Skull,,May not be Cumulative KO'd with Intellect Power cards.,Energy 3Fighting 5Strength 4Intellect 7,Normal,Rare,,,,Character
Red Skull™ - Cosmic Cube,RedSkullCosmicCube-IQOP_cb20200913084036.jpg,https://cardguide.fandom.com/wiki/Red_Skull_-_Cosmic_Cube_(IQOP),Red Skull,FD,"Only Red Skull and target hero may attack, be attacked or defend this battle. One Per Deck",Cost/Effect: -,Normal,Very Rare,,,,Special
Red Skull™ - Dust of Death,RedSkullDustOfDeath-IQOP_cb20200914182823.jpg,https://cardguide.fandom.com/wiki/Red_Skull_-_Dust_of_Death_(IQOP),"Ghost Rider, Red Skull",HY,"Acts as a level 6 Energy attack.If successful, target hero must discard 2 cards of opponents choice. Cards may be Placed or in hand.",Cost/Effect: Energy 6,Normal,Uncommon,,,,Special
Red Skull™ - Depraved Evil,RedSkullDepravedEvil-IQOP_cb20200913084321.jpg,https://cardguide.fandom.com/wiki/Red_Skull_-_Depraved_Evil_(IQOP),Red Skull,HZ,Sort through opponent's Dead Pile. Choose any 2 cards and put them into opponent's Draw Pile. Reshuffle Draw Pile.,Cost/Effect: -,Normal,Uncommon,,,,Special
Red Skull™ - Evil Super Soldier,RedSkullEvilSuperSoldier-IQOP_cb20200914202314.jpg,https://cardguide.fandom.com/wiki/Red_Skull_-_Evil_Super_Soldier_(IQOP),Red Skull,BA,Acts as a level 3 Strength attack. Can only be defended by a defensive Special card. One Per Deck,Cost/Effect: Strength 3,Normal,Very Rare,,,,Special
Rhino™,Rhino-IQOP_cb20200901115151.jpg,https://cardguide.fandom.com/wiki/Rhino_(IQOP),Rhino,,,Energy 2Fighting 6Strength 7Intellect 1,Normal,Rare,,,,Character
Rick Jones™,RickJones-IQOP_cb20170305013842.jpg,https://cardguide.fandom.com/wiki/Rick_Jones_(IQOP),"Hulk, Rick Jones",,Teammate must play one Special card.,Cost/Effect: 8 Strength to useActs as 3 Strength attack,Normal,Common,Ally,,,Universe
Rogue™,Rogue-IQOP_cb20200901115333.jpg,https://cardguide.fandom.com/wiki/Rogue_(IQOP),Rogue,,May not be Spectrum KO'd with Special cards.,Energy 4Fighting 4Strength 7Intellect 2,Normal,Rare,,,,Character
Red Skull™ - Master Racist,RedSkullMasterRacist-IQOP_cb20200914194811.jpg,https://cardguide.fandom.com/wiki/Red_Skull_-_Master_Racist_(IQOP),"Johann Shmidt, unknown",AG,Avoid 1 attack.,Cost/Effect: -,Normal,Uncommon,,,,Special
Rogue™ - Combination Punch,RogueCombinationPunch-IQOP_cb20200914191238.jpg,https://cardguide.fandom.com/wiki/Rogue_-_Combination_Punch_(IQOP),Rogue,AE,"Acts as a level 4 Any-Power attack. May combine with 1 Energy, Fighting, Strength or Intellect Power card for a single attack.",Cost/Effect: Any-Power 4,Normal,Common,,,,Special
Sabretooth™,Sabretooth-IQOP_cb20200901115530.jpg,https://cardguide.fandom.com/wiki/Sabretooth_(IQOP),Sabretooth,,,Energy 2Fighting 8Strength 6Intellect 3,Normal,Rare,,,,Character
Rogue™ - Southern Belle,RogueSouthernBelle-IQOP_cb20200914190917.jpg,https://cardguide.fandom.com/wiki/Rogue_-_Southern_Belle_(IQOP),Rogue,AZ,Target opponent may not attack Rogue for remainder of battle unless she attacks him first.,Cost/Effect: -,Normal,Common,,,,Special
Scarlet Witch™ - Witchcraft,ScarletWitchWitchcraft-IQOP_cb20200914213541.jpg,https://cardguide.fandom.com/wiki/Scarlet_Witch_-_Witchcraft_(IQOP),Scarlet Witch,AD,Scarlet Witch may avoid any numerical attack.,Cost/Effect: -,Normal,Common,,,,Special
Sabretooth™ - Dangerous Mind,SabretoothDangerousMind-IQOP_cb20200915133632.jpg,https://cardguide.fandom.com/wiki/Sabretooth_-_Dangeroud_Mind_(IQOP),Sabretooth,EJ,"Acts as a level 2 Fighting attack. If successful, acts as a level 8 Intellect Power card.","Cost/Effect: Fighting 2, Intellect 8",Normal,Common,,,,Special
Scarlet Spider™ - Clonal Confusion,ScarletSpiderClonalConfusion-IQOP_cb20200915133027.jpg,https://cardguide.fandom.com/wiki/Scarlet_Spider_-_Clonal_Confusion_(IQOP),"Spider-Man, Scarlet Spider",HU,"Scarlet Spider may Place and play Spider-Man ""Wall Crawl"" and ""Spider-Sense"" special cards for remainder of game.",Cost/Effect: -,Normal,Common,,,,Special
Rhino™ - Animal Stamina,RhinoAnimalStamina-IQOP_cb20200914202020.jpg,https://cardguide.fandom.com/wiki/Rhino_-_Animal_Stamina_(IQOP),Rhino,DQ,Rhino's hits to KO number is increased by 2 points for remainder of game.,Cost/Effect: -,Normal,Common,,,,Special
Sabretooth™ - Government Operative,SabretoothGovernmentOperative-IQOP_cb20200915134253.jpg,https://cardguide.fandom.com/wiki/Sabretooth_-_Government_Operative_(IQOP),Sabretooth,AD,Teammate may avoid 1 Fighting attack. May be played while Sabretooth is in Rerseve.,Cost/Effect: -,Normal,Uncommon,,,,Special
Scarlet Spider™,ScarletSpider-IQOP_cb20200901115749.jpg,https://cardguide.fandom.com/wiki/Scarlet_Spider_(IQOP),Scarlet Spider,,,Energy 3Fighting 7Strength 6Intellect 5,Normal,Rare,,,,Character
Scarlet Witch™,ScarletWitch-IQOP_cb20200901120002.jpg,https://cardguide.fandom.com/wiki/Scarlet_Witch_(IQOP),Scarlet Witch,,Opponent's team -5 to Venture Total when KO'd.,Energy 7Fighting 3Strength 2Intellect 5,Normal,Rare,,,,Character
Sentinels™,Sentinels-IQOP_cb20200901120246.jpg,https://cardguide.fandom.com/wiki/Sentinels_(IQOP),Sentinels,,,Energy 7Fighting 5Strength 7Intellect 1,Normal,Rare,,,,Character
Sentinels™ - Mutant Countermeasures,SentinelsMutantCountermeasures-IQOP_cb20200913201212.jpg,https://cardguide.fandom.com/wiki/Sentinels_-_Mutant_Countermeasures_(IQOP),"Sentinels, unknown",GA,Target character may not play Specials for remainder of battle.,Cost/Effect: -,Normal,Common,,,,Special
Shadowcat™ - Soulsword,ShadowcatSoulsword-IQOP_cb20200913200320.jpg,https://cardguide.fandom.com/wiki/Shadowcat_-_Soulsword_(IQOP),Shadowcat,EJ,Acts as a level 2 Energy attack. If successful acts as a level 10 Any-Power card.,"Cost/Effect: Energy 2, Any-Power 10",Normal,Common,,,,Special
Sentinels™ - Robot Mentality,SentinelsRobotMentality-IQOP_cb20200913200753.jpg,https://cardguide.fandom.com/wiki/Sentinels_-_Robot_Mentality_(IQOP),Sentinels,AR,Acts as a level 7 Intellect attack.,Cost/Effect: Intellect 7,Normal,Common,,,,Special
Shadowcat™,Shadowcat-IQOP_cb20200901120503.jpg,https://cardguide.fandom.com/wiki/Shadowcat_(IQOP),Shadowcat,,"May have duplicate ""Ghostly Phase"" Specials.",Energy 6Fighting 3Strength 3Intellect 6,Normal,Uncommon,,,,Character
Shadowcat™ - Electronic Scramble,ShadowcatElectronicScramble-IQOP_cb20200913195608.jpg,https://cardguide.fandom.com/wiki/Shadowcat_-_Electronic_Scramble_(IQOP),Shadowcat,AD,Teammate may avoid 1 Intellect attack. May be played while Shadowcat is in Reserve.,Cost/Effect: -,Normal,Uncommon,,,,Special
Shadowcat™ - Ghostly Phase,ShadowcatGhostlyPhase-IQOP_cb20200913203410.jpg,https://cardguide.fandom.com/wiki/Shadowcat_-_Ghostly_Phase_(IQOP),Shadowcat,AG,Avoid 1 attack.,Cost/Effect: -,Normal,Uncommon,,,,Special
Scarlet Witch™ - Impropability Hex,ScarletWitchImprobabilityHex-IQOP_cb20200915132503.jpg,https://cardguide.fandom.com/wiki/Scarlet_Witch_-_Impropability_Hex_(IQOP),Scarlet Witch,HL,Opponent's team may not use Strength Power cards level 6 through 8 to attack for remainder of battle.,Cost/Effect: -,Normal,Uncommon,,,,Special
Shadowcat™ - Computer Genius,ShadowcatComputerGenius-IQOP_cb20200913201003.jpg,https://cardguide.fandom.com/wiki/Shadowcat_-_Computer_Genius_(IQOP),Shadowcat,HQ,Draw 3 cards. Discard duplicates.,Cost/Effect: -,Normal,Common,,,,Special
Shadowcat™ - Pryde & Wisdom,ShadowcatPrydeAndWisdom-IQOP_cb20200913200122.jpg,https://cardguide.fandom.com/wiki/Shadowcat_-_Pryde_%26_Wisdom_(IQOP),Shadowcat (Kitty Pryde) Peter Wisdom,AE,Acts as a level 4 Energy attack. May combine with 1 Intellect card for a single attack.,Cost/Effect: Energy 4,Normal,Common,,,,Special
She Hulk™ (sic),SheHulk-IQOP_cb20200901122213.jpg,https://cardguide.fandom.com/wiki/She_Hulk_(IQOP),She-Hulk,,"May have duplicate ""Public Defender"" Specials.",Energy 1Fighting 4Strength 7Intellect 5,Normal,Rare,,,,Character
She Hulk™ - Brains & Brawn,SheHulkBrains_Brawn-IQOP_cb20200913201744.jpg,https://cardguide.fandom.com/wiki/She_Hulk_-_Brains_%26_Brawn_(IQOP),She-Hulk,CC,Acts as a level 5 Intellect Power card. May be used to attack or defend. May not be combined with Universe cards.,Cost/Effect: Intellect 5,Normal,Common,,,,Special
She Hulk™ - Public Defender,SheHulkPublicDefender-IQOP_cb20200913202054.jpg,https://cardguide.fandom.com/wiki/She_Hulk_-_Public_Defender_(IQOP),She-Hulk,AD,Teammate may avoid 1 Intellect attack. May be played while She Hulk is in Reserve.,Cost/Effect: -,Normal,Common,,,,Special
Silver Sable™ - Sandman,SilverSableSandman-IQOP_cb20200913202505.jpg,https://cardguide.fandom.com/wiki/Silver_Sable_-_Sandman_(IQOP),"Silver Sable, Sandman",EB,Play this card in front of Silver Sable. Silver Sable may not be attacked until this Special is attacked. Silver Sable may not defend this card.,Cost/Effect: -,Normal,Common,,,,Special
Silver Sable™,SilverSable-IQOP_cb20200901122626.jpg,https://cardguide.fandom.com/wiki/Silver_Sable_(IQOP),Silver Sable,,May play Fighting Teamwork cards from Reserve.,Energy 4Fighting 6Strength 2Intellect 6,Normal,Uncommon,,,,Character
Silver Surfer™ - Cosmic Awareness,SilverSurferCosmicAwareness-IQOP_cb20200913202723.jpg,https://cardguide.fandom.com/wiki/Silver_Surfer_-_Cosmic_Awareness_(IQOP),Silver Surfer,HF,Acts as a level 4 Energy or Intellect attack.,Cost/Effect: Energy/Intellect 4,Normal,Common,,,,Special
Spider-Man™,SpiderMan-IQOP_cb20200901130929.jpg,https://cardguide.fandom.com/wiki/Spider-Man_(IQOP),Spider-Man,,,Energy 3Fighting 7Strength 6Intellect 5,Normal,Very Rare,,,,Character
Spider-Man™ - Clonal Confusion,SpiderManClonalConfusion-IQOP_cb20200913203125.jpg,https://cardguide.fandom.com/wiki/Spider-Man_-_Clonal_Confusion_(IQOP),"Spider-Man, Scarlet Spider",HU,"Spider-Man may place and play Scarlet Spider ""Sticky Fingers"" and ""Scarlet Savior"" Special cards for remainder of game.",Cost/Effect: -,Normal,Common,,,,Special
Silver Surfer™,SilverSurfer-IQOP_cb20200901122842.jpg,https://cardguide.fandom.com/wiki/Silver_Surfer_(IQOP),Silver Surfer,,,Energy 7Fighting 3Strength 6Intellect 5,Normal,Rare,,,,Character
Spider-Man™ - Science Whiz,SpiderManScienceWhiz-IQOP_cb20200915144124.jpg,https://cardguide.fandom.com/wiki/Spider-Man_-_Science_Whiz_(IQOP),Spider-Man,DM,Spider-Man's Intellect Power cards are +2 for remainder of battle.,Cost/Effect: -,Normal,Common,,,,Special
Spider-Man™ - Science Whiz,SpiderManScienceWhiz-IQOP_cb20200915144124.jpg,https://cardguide.fandom.com/wiki/Spider-Man_-_Science_Whiz_(IQOP)_(var),Spider-Man,DM,Spider-Man's Intellect Power cards are +2 for remainder of battle.,Cost/Effect: -,Normal,Common,,,"""Pink"" spotted variant",Special
Silver Sable™ - Battle Plans,SilverSableBatttlePlans-IQOP_cb20200913201446.jpg,https://cardguide.fandom.com/wiki/Silver_Sable_-_Battle_Plans_(IQOP),Silver Sable,HV,Silver Sable may have an unlimited number of Teamwork cards placed on her until Silver Sable is KO'd. Teamwork cards may not be duplicates.,Cost/Effect: -,Normal,Common,,,,Special
Spider-Woman™,SpiderWoman-IQOP_cb20200901131123.jpg,https://cardguide.fandom.com/wiki/Spider-Woman_(IQOP),Spider-Woman (Julia Carpenter),,Energy Power cards are +1 when used to attack.,Energy 6Fighting 3Strength 6Intellect 4,Normal,Uncommon,,,,Character
Storm™,Storm-IQOP_cb20200901132142.jpg,https://cardguide.fandom.com/wiki/Storm_(IQOP),Storm,,Intellect Power cards are +2 when used for defense.,Energy 7Fighting 5Strength 3Intellect 4,Normal,Rare,,,,Character
Spider-Woman™ - Rescue Operation,SpiderWomanRescueOperation-IQOP_cb20200915163456.jpg,https://cardguide.fandom.com/wiki/Spider-Woman_-_Rescue_Operation_(IQOP),"Spider-Woman (Julia Carpenter), unknown",AD,Teammate may avoid 1 attack of 9 or less. May be played while Spider-Woman is in Reserve.,Cost/Effect: -,Normal,Common,,,,Special
Spider-Woman™ - Force Works,SpiderWomanForceWorks-IQOP_cb20200915135606.jpg,https://cardguide.fandom.com/wiki/Spider-Woman_-_Force_Works_(IQOP),"Spider-Woman (Julia Carpenter), unknown",AF,Add 3 to Venture total for this battle.,Cost/Effect: -,Normal,Common,,,,Special
Strong Guy™,StrongGuy-IQOP_cb20200901132402.jpg,https://cardguide.fandom.com/wiki/Strong_Guy_(IQOP),Strong Guy,,"May play ""Pile It On"" from Reserve.",Energy 3Fighting 4Strength 7Intellect 3,Normal,Rare,,,,Character
Strong Guy™ - Bodyguard,StrongGuyBodyguard-IQOP_cb20200915140105.jpg,https://cardguide.fandom.com/wiki/Strong_Guy_-_Bodyguard_(IQOP),Strong Guy,AD,Teammate may avoid 1 Strength attack. May be played while Strong Guy is in Reserve.,Cost/Effect: -,Normal,Common,,,,Special
Strong Guy™ - Simple Strategy,StrongGuySimpleStrategiy-IQOP_cb20200915143154.jpg,https://cardguide.fandom.com/wiki/Strong_Guy_-_Simple_Strategy_(IQOP),Strong Guy,AE,Acts as a level 4 Strength attack. May combine with 1 Intellect card for a single attack.,Cost/Effect: Strength 4,Normal,Common,,,,Special
Storm™ - Morlock Combat,StormMorlockCombat-IQOP_cb20200915144654.jpg,https://cardguide.fandom.com/wiki/Storm_-_Morlock_Combat_(IQOP),Storm (Marvel Comics),CD,Only Strength attacks may be played against Storm for remainder of battle.,Cost/Effect: -,Normal,Common,,,,Special
Super Skrull™ - Alien Methods,SuperSkrullAlienMethods-IQOP_cb20200915135838.jpg,https://cardguide.fandom.com/wiki/Super_Skrull_-_Alien_Methods_(IQOP),Super Skrull,HW,Sort through opponent's Dead Pile. Choose any two cards and put them into opponent's Draw Pile. Reshuffle Draw Pile.,Cost/Effect: -,Normal,Common,,,,Special
Thing™,Thing-IQOP_cb20200901133605.jpg,https://cardguide.fandom.com/wiki/Thing_(IQOP),Thing,,,Energy 1Fighting 5Strength 8Intellect 3,Normal,Rare,,,,Character
Thing™ - Bucket O' Shame,ThingBucketOShame-IQOP_cb20200915143615.jpg,https://cardguide.fandom.com/wiki/Thing_-_Bucket_O%27_Shame_(IQOP),Thing (Marvel Comics),DL,Thing is -2 to attacks/+2 to defense for remainder of battle.,Cost/Effect: -,Normal,Uncommon,,,,Special
Super Skrull™,SuperSkrull-IQOP_cb20200901133341.jpg,https://cardguide.fandom.com/wiki/Super_Skrull_(IQOP),Super Skrull,,,Energy 6Fighting 4Strength 7Intellect 4,Normal,Rare,,,,Character
Super Skrull™ - Fantastic Enemy,SuperSkrullFantasticEnemy-IQOP_cb20200915143405.jpg,https://cardguide.fandom.com/wiki/Super_Skrull_-_Fantastic_Enemy_(IQOP),Super Skrull,HN,Acts as a level 8 Any-Power attack. Does not count toward Spectrum KO.,Cost/Effect: Any-Power 8,Normal,Common,,,,Special
Thor™,Thor-IQOP_cb20200901133804.jpg,https://cardguide.fandom.com/wiki/Thor_(IQOP),Thor,,,Energy 7Fighting 5Strength 7Intellect 4,Normal,Very Rare,,,,Character
Storm™ - X-Men Leader,StormXMenLeader-IQOP_cb20200915144429.jpg,https://cardguide.fandom.com/wiki/Storm_-_X-Men_Leader_(IQOP),Storm (Marvel Comics),HF,Acts as a level 4 Intellect or Strength attack.,Cost/Effect: Intellect/Strength 4,Normal,Common,,,,Special
Thor™ - Viking Pyre,ThorVikingPyre-IQOP_cb20200915163944.jpg,https://cardguide.fandom.com/wiki/Thor_-_Viking_Pyre_(IQOP),Thor (Marvel Comics),IG,Remove any cards from Thor's Draw Pile and discard into Dead Pile. Reshuffle Draw Pile. One Per Deck,Cost/Effect: -,Normal,Very Rare,,,,Special
Thor™ - Gift of the Gods,ThorGiftOftheGods-IQOP_cb20200915143911.jpg,https://cardguide.fandom.com/wiki/Thor_-_Gift_of_the_Gods_(IQOP),Thor (Marvel Comics),DS,Choose one Thor Special from Draw Pile and place in hand. Cannot be a duplicate. Reshuffle Draw Pile.,Cost/Effect: -,Normal,Common,,,,Special
War Machine™,WarMachine-IQOP_cb20200901134514.jpg,https://cardguide.fandom.com/wiki/War_Machine_(IQOP),War Machine,,,Energy 5Fighting 4Strength 7Intellect 3,Normal,Rare,,,,Character
Venom™ - Healing Bond,VenomHealingBond-IQOP_cb20200915172218.jpg,https://cardguide.fandom.com/wiki/Venom_-_Healing_Bond_(IQOP),Venom,ET,Remove up to 2 Hits with a Strength icon from Venom's Permanent Record.,Cost/Effect: -,Normal,Uncommon,,,,Special
Vision™ - Android Avenger,VisionAndroidAvenger-IQOP_cb20200915164231.jpg,https://cardguide.fandom.com/wiki/Vision_-_Android_Avenger_(IQOP),Vision,AE,"Acts as a level 4 Any-Power attack. May combine with 1 Energy, Fighting, Strength or Intellect Power card for a single attack.",Cost/Effect: Any-Power 4,Normal,Common,,,,Special
Venom™ - Eddie Brock: Reporter,VenomEddieBrockReporter-IQOP_cb20200915165207.jpg,https://cardguide.fandom.com/wiki/Venom_-_Eddie_Brock:_Reporter_(IQOP),Eddie Brock; Venom,EM,"Acts as a level 4 Intellect attack. If successful, opponent must discard 1 card of opponent's choice from hand.",Cost/Effect: Intellect 4,Normal,Common,,,,Special
Vision™ - Calculated Attack,VisionCalculatedAttack-IQOP_cb20200915164511.jpg,https://cardguide.fandom.com/wiki/Vision_-_Calculated_Attack_(IQOP),Vision,AA,Acts as a level 4 Intellect attack. May make 1 additional attack.,Cost/Effect: Intellect 4,Normal,Common,,,,Special
Vision™,Vision-IQOP_cb20200901134255.jpg,https://cardguide.fandom.com/wiki/Vision_(IQOP),Vision,,"May play ""Android Endurance"" from Reserve.",Energy 5Fighting 4Strength 6Intellect 6,Normal,Rare,,,,Character
Venom™,Venom-IQOP_cb20200901134100.jpg,https://cardguide.fandom.com/wiki/Venom_(IQOP),Venom,,,Energy 5Fighting 6Strength 7Intellect 2,Normal,Rare,,,,Character
War Machine™ - War Drone,WarMachineWarDrone-IQOP_cb20200915164734.jpg,https://cardguide.fandom.com/wiki/War_Machine_-_War_Drone_(IQOP),War Machine,BR,War Machine may have 1 additional card Placed on him until War Machine is KO'd. May be played from Reserve.,Cost/Effect: -,Normal,Uncommon,,,,Special
White Queen™,WhiteQueen-IQOP_cb20200901134722.jpg,https://cardguide.fandom.com/wiki/White_Queen_(IQOP),"White Queen, Emma Frost",,,Energy 7Fighting 2Strength 2Intellect 6,Normal,Rare,,,,Character
White Queen™ - Mental Override,WhiteQueenMentalOverride-IQOP_cb20200916130252.jpg,https://cardguide.fandom.com/wiki/White_Queen_-_Mental_Override_(IQOP),White Queen (Emma Frost),AA,Acts as a level 4 Energy attack. May make 1 additional attack.,Cost/Effect: Energy 4,Normal,Common,,,,Special
Wolverine™ - Canucklehead,WolverineCanucklehead-IQOP_cb20200916132802.jpg,https://cardguide.fandom.com/wiki/Wolverine_-_Canucklehead_(IQOP),"Shadowcat, Wolverine",HG,Wolverine may use Fighting Power cards level 6 through 8 to avoid any attack made against Wolverine or teammate for remainder of battle. One Per Deck,Cost/Effect: -,Normal,Very Rare,,,,Special
White Queen™ - Telepathic Manipulator,WhiteQueenTelepathicManipulator-IQOP_cb20200916131804.jpg,https://cardguide.fandom.com/wiki/White_Queen_-_Telepathic_Manipulator_(IQOP),White Queen (Emma Frost),IA,Target Hero must discard all Placed cards and move into Reserve for remainder of battle. One Per Deck,Cost/Effect: -,Normal,Very Rare,,,,Special
Wolverine™,Wolverine-IQOP_cb20200901134958.jpg,https://cardguide.fandom.com/wiki/Wolverine_(IQOP),Wolverine,,,Energy 2Fighting 8Strength 5Intellect 4,Normal,Rare,,,,Character
White Queen™ - Cold-Hearted Enemy,WhiteQueenColdHeartedEnemy-IQOP_cb20200916130508.jpg,https://cardguide.fandom.com/wiki/White_Queen_-_Cold-Hearted_Enemy_(IQOP),White Queen (Emma Frost),GG,All cards currently in opponents Dead Pile are removed from the game. One Per Deck,Cost/Effect: -,Normal,Common,,,,Special
White Queen™ - Hellfire Leader,WhiteQueenHellfireLeader-IQOP_cb20200915172759.jpg,https://cardguide.fandom.com/wiki/White_Queen_-_Hellfire_Leader_(IQOP),White Queen (Emma Frost),AN,"Acts as a level 6 Intellect attack. May be used against opponent in Reserve, who may defend.",Cost/Effect: Intellect 6,Normal,Common,,,,Special
White Queen™ - Mutant Headmistress,WhiteQueenMutantHeadmistress-IQOP_cb20200916132503.jpg,https://cardguide.fandom.com/wiki/White_Queen_-_Mutant_Headmistress_(IQOP),"White Queen (Emma Frost), Magik, Jubilee, Nightcrawler, 8 unknowns",FA,White Queen may not attack or be attacked for remainder of battle.,Cost/Effect: -,Normal,Common,,,,Special
Wolverine™ - Savage Regression,WolverineSavageRegression-IQOP_cb20200916133020.jpg,https://cardguide.fandom.com/wiki/Wolverine_-_Savage_Regression_(IQOP),Wolverine,EQ,"For remainder of battle, Wolverine's Strength and Energy actions are +2. Intellect actions are -2.",Cost/Effect: -,Normal,Uncommon,,,,Special
