Name,ImageName,PageURL,Character List,Characters,Control,Game Text,Illustrators,Numbers,Printing,Rarity,Source,Subtype,Traits,Trivia,Type
"Asteroid ""M"" - Orbital Hideout",Asteroidmorbitalhideout-XMOP_cb20220904181550.jpg,https://cardguide.fandom.com/wiki/Asteroid_%22M%22_-_Orbital_Hideout_(XMOP),,Magneto,C1,"For remainder of game, Asteroid ""M''s team may draw 1 card from top of Draw Pile immediately after blocking an attack using a Fighting Power card. Discard if duplicate. One Per Deck",,Cost/Effect: -,Normal,Uncommon,,,,,Aspect
Age of Apocalypse - Historical Twist,Ageofapocalypsehistoricaltwist-XMOP_cb20220828182937.jpg,https://cardguide.fandom.com/wiki/Age_of_Apocalypse_-_Historical_Twist_(XMOP),,"Iceman, Rogue, Colossus, Beast, unknown, Gambit, Blink",B4,Age of Apocalypse's team may rearrange all Hits in the Permanent Records of all Front Line Characters.,,Cost/Effect: -,Normal,Rare,,,,,Aspect
Adamantium,Adamantium-XMOP_cb20220728125632.jpg,https://cardguide.fandom.com/wiki/Adamantium_(XMOP),,"Sabretooth, Wolverine",,Teammate may attack the Reserve with Power cards for remainder of game.,,Cost/Effect: 6 Intellect and Teammate with 6 Strength or greater to use,Normal,Uncommon,,Artifact,,,Tactic
Any Homebase - A-Next,Anyhomebaseanext-XMOP_cb20220828184409.jpg,https://cardguide.fandom.com/wiki/Any_Homebase_-_A-Next_(XMOP),,"Stinger; J2, Jubilee, Speedball, Mainframe; Thunderstrike",C2,Acts as a level 4 Strength attack. Any Front Line Character may make 1 additional attack. One Per Deck,,Cost/Effect: Strength 4,Normal,Rare,,,,,Aspect
Angel: The Fallen,Angelthefallen-XMOP_cb20220923193404.jpg,https://cardguide.fandom.com/wiki/Angel:_The_Fallen_(XMOP),,Angel (Warren Worthington III),,-,,Energy 6Fighting 7Strength 4Intellect 3,Normal,Uncommon,,,"Marvel Comics, Male",,Character
Any Character - Devourer of Worlds,Anycharacterdevourerofworlds-XMOP_cb20221007142517.jpg,https://cardguide.fandom.com/wiki/Any_Character_-_Devourer_of_Worlds_(XMOP),,Galactus,OD,Play during battle. Opponent must use Activator cards for remainder of game or until this Special has been attacked with 4 Activator card attacks. This Special may not be negated. One Per Deck,,Cost/Effect: -,Normal,Rare,,,,,Special
Ship - Celestial Origin,Shipclestialorigin-XMOP_cb20220828181829.jpg,https://cardguide.fandom.com/wiki/%22SHIP%22_-_Celestial_Origin_(XMOP),,"Ship, Gammenon the Gatherer",A4,"For remainder of game, ""Ship'""s team may use Intellect Power cards to remove 1 Hit from the Permanent Record of any Front Line Character.","Paul Smith, Al Milgrom, Tom Vincent",Cost/Effect: -,Normal,Uncommon,"X-Factor #43 (August, 198)",Aspect,,,Location
Alpha Flight - Vindicator,Alphaflightvindicator-XMOP_cb20221007141739.jpg,https://cardguide.fandom.com/wiki/Alpha_Flight_-_Vindicator_(XMOP),,Vindicator (Heather McNeil),MA,Acts as a level 5 Strength or Intellect attack. May not be defended by a card from a Battlesite.,,"Cost/Effect: Strength 5, Intellect 5",Normal,Common,,,,,Special
Angel - Neuro-Toxin,Angelneurotoxin-XMOP_cb20221007142228.jpg,https://cardguide.fandom.com/wiki/Angel_-_Neuro-Toxin_(XMOP),,Archangel,HO,"Acts as a level 6 Energy attack. If succesful, Opponent is -4 to Venture.",,Cost/Effect: Energy 6,Normal,Common,,,,,Special
Avalon - Mutant Refuge,Avalonmutantrefuge-XMOP_cb20220904182119.jpg,https://cardguide.fandom.com/wiki/Avalon_-_Mutant_Refuge_(XMOP),,"Cyclops, unknowns",B6,"For remainder of game, both players must draw 1 card from top of Draw Pile for each Activator card played by Opponent. Draw card before resolving Opponent's action. Discard duplicates. One Per Deck",,Cost/Effect: -,Normal,Rare,,,,,Aspect
Cape Citadel - The Benassi Rocket,Capecitadelthebenassirocket-XMOP_cb20220904182515.jpg,https://cardguide.fandom.com/wiki/Cape_Citadel_-_The_Benassi_Rocket_(XMOP),,-,A6,"Acts as a level 7 Any-Power attack. If successful, Opponent must discard all Special cards and Activator cards in Hand. One Per Deck",,Cost/Effect: Any-Power 7,Normal,Rare,,,,,Aspect
Captain Britain,Captainbritain-XMOP_cb20220924192104.jpg,https://cardguide.fandom.com/wiki/Captain_Britain_(XMOP),,Captain Britain (Brian Braddock),,-,,Energy 4Fighting 4Strength 7Intellect 6,Normal,Uncommon,,,"Marvel Comics, Male",,Character
Bastion,Bastion-XMOP_cb20220923194019.jpg,https://cardguide.fandom.com/wiki/Bastion_(XMOP),,Bastion (Sebastion Gilberti),,"May play any ""Sentinels"" Special cards. Attack made with Intellect Power cards may not be moved or shifted from Target Character.",,Energy 3Fighting 2Strength 4Intellect 7,Normal,Uncommon,,,"Marvel Comics, Male",,Character
Beast: The Brute,Beastthebrute-XMOP_cb20220924190528.jpg,https://cardguide.fandom.com/wiki/Beast:_The_Brute_(XMOP),,Brute (Hank McCoy),,-,,Energy 3Fighting 6Strength 7Intellect 1,Normal,Uncommon,,,"Marvel Comics, Male",,Character
"Amos ""Fred"" Duncan",Amosfredduncan-XMOP_cb20220728120141.jpg,https://cardguide.fandom.com/wiki/Amos_%22Fred%22_Duncan_(XMOP),,"Fred Duncan, Professor X",,Teammate must play one Special card.,,Cost/Effect: 6 Any-Power to useActs as 1 Fighting attack,Normal,Common,,Ally,,,Universe
Cape Citadel,Capecitadel-XMOP_cb20221007135117.jpg,https://cardguide.fandom.com/wiki/Cape_Citadel_(XMOP),Crux Grey King Landslide Mercury Rapture Xaos,unknowns,,"During discard phase, after discarding 1 or more duplicate or unusable cards, sort through Power Pack and draw any 1 card. May not be duplicate.",,,Normal,Uncommon,,,,,Location
Callisto,Callisto-XMOP_cb20220924190920.jpg,https://cardguide.fandom.com/wiki/Callisto_(XMOP),,Callisto,,"May play any ""Morlocks"" Special cards. May play ""Caliban"" from Reserve.",,Energy 2Fighting 6Strength 3Intellect 5,Normal,Common,,,"Marvel Comics, Female",,Character
Captain Britain - Prodigious Strength,Alphaflightvindicator-XMOP_cb20221007141739.jpg,https://cardguide.fandom.com/wiki/Captain_Britain_-_Prodigious_Strength_(XMOP),,Captain Britain (Brian Braddock),NG,"Acts as a level 5 Fighting attack. If succesful, Target Character loses Inherent Ability and is considered to have no Inherent Ability for remainder of battle.",,Cost/Effect: Fighting 5,Normal,Uncommon,,,,,Special
Captain Britain - Battleworthy,Captainbritainbattleworthy-XMOP_cb20221007153721.jpg,https://cardguide.fandom.com/wiki/Captain_Britain_-_Battleworthy_(XMOP),,"Captain Britain (Brian Braddock), unknowns",KL,"Opponent must immediately discard all Special cards in play that affect the ""remainder of battle"" or the ""remainder of the game""",,Cost/Effect: -,Normal,Uncommon,,,,,Special
Captain Britain - Physics Genius,Captainbritainphysicsgenius-XMOP_cb20221007154053.jpg,https://cardguide.fandom.com/wiki/Captain_Britain_-_Physics_Genius_(XMOP),,Captain Britain (Brian Braddock),NP,Captain Britain's team's Basic Universe cards used to attack count toward Damage and Venture Total for remainder of game.,,Cost/Effect: -,Normal,Common,,,,,Special
Cerebro,Cerebro-XMOP_cb20220924192413.jpg,https://cardguide.fandom.com/wiki/Cerebro_(XMOP),,Professor X (Charles Xavier),,-,,Energy 6Fighting 3Strength 3Intellect 8,Normal,Rare,,,"Marvel Comics, Male",,Character
Captain Britain - Supersonic,Captainbritainsupersonic-XMOP_cb20221122195704.jpg,https://cardguide.fandom.com/wiki/Captain_Britain_-_Supersonic_(XMOP),,Captain Britain (Brian Braddock),HR,Acts as a level 9 Energy or Strength attack. One Per Deck,,Cost/Effect: Energy 9; Strength 9,Normal,Rare,,,,,Special
Captain Britain - Super Endurance,Captainbritainsuperendurance-XMOP_cb20221122164848.jpg,https://cardguide.fandom.com/wiki/Captain_Britain_-_Super_Endurance_(XMOP),,Captain Britain (Brian Braddock),FL,"For remainder of game, cards on Captain Britain's Hits to Current Battle with Energy or Fighting icons do not count towards Opponent's Venture Total. One Per Deck",,Cost/Effect: -,Normal,Rare,,,,,Special
Cerebro - Computer Origin,Cerebrocomputerorigin-XMOP_cb20221122200741.jpg,https://cardguide.fandom.com/wiki/Cerebro_-_Computer_Origin_(XMOP),,The Founder,BS,"For remainder of battle, if Cerebro can block a Power card attack with an equal value Power card, Cerebro's Power card hits attacker. One Per Deck",,Cost/Effect: -,Normal,Rare,,,,,Special
Cerebro - Sentinel Evolution,Cerebrosentinelevolution-XMOP_cb20221122201520.jpg,https://cardguide.fandom.com/wiki/Cerebro_-_Sentinel_Evolution_(XMOP),,Bastion,FM,Opponent may not play any Aspect cards for remainder of battle.,,Cost/Effect: -,Normal,Common,,,,,Special
Chief Authier,Chiefauthier-XMOP_cb20220728121209.jpg,https://cardguide.fandom.com/wiki/Chief_Authier_(XMOP),,Chief Authier,,Teammate must play one Special card.,,Cost/Effect: 6 Any-Power to useActs as 1 Strength attack,Normal,Common,,Ally,,,Universe
Crux,Crux-XMOP_cb20220924193000.jpg,https://cardguide.fandom.com/wiki/Crux_(XMOP),,Crux (Cristal Lemieux),,Crux may avoid any attack with a level 1 Intellect Power card.,,Energy 6Fighting 6Strength 2Intellect 3,Normal,Common,,,"Marvel Comics, Female",,Character
Cerebro - Mutant Seeker,Cerebromutantseeker-XMOP_cb20221122201206.jpg,https://cardguide.fandom.com/wiki/Cerebro_-_Mutant_Seeker_(XMOP),,"Professor X, Jean Grey",NO,"Acts as a level 2 Intellect attack. If successful, attacks made on Target Character may not be moved to any Target's teammates for remainder of game.",,Cost/Effect: Intellect 2,Normal,Common,,,,,Special
Crux - Heatforce,Cruxheatforce-XMOP_cb20230427155821.jpg,https://cardguide.fandom.com/wiki/Crux_-_Heatforce_(XMOP),,"Crux, unknown characters",GJ,Acts as a level 4 Fighting or Intellect attack. May make 1 additional attack.,,"Cost/Effect: Fighting 4, Intellect 4",Normal,Common,,,Marvel Comics; Attack special,,Special
Crux - Payback,Cruxpayback-XMOP_cb20230427160352.jpg,https://cardguide.fandom.com/wiki/Crux_-_Payback_(XMOP),,Crux,BL,Play when Opponent consedes battle. Opponent may not concede battle. One Per Deck,,Cost/Effect: -,Normal,Rare,,,Marvel Comics,,Special
Colossus: Age of Apocalypse,Colossusageofapocalypse-XMOP_cb20220924192727.jpg,https://cardguide.fandom.com/wiki/Colossus:_Age_of_Apocalypse_(XMOP),,Colossus (Piotr Rasputin),,Attacks made with Strength Power cards may not be moved or shifted from Target Character.,,Energy 2Fighting 5Strength 7Intellect 3,Normal,Uncommon,,,"Marvel Comics, Male",,Character
Crux - Precision Agility,Cruxprecisionagility-XMOP_cb20230427160726.jpg,https://cardguide.fandom.com/wiki/Crux_-_Precision_Agility_(XMOP),,Crux,NO,"Acts as a level 2 Energy attack. If successful, attacks made on Target Character may not be moved to any of Target's teammates for remainder of game.",,Cost/Effect: Energy 2,Normal,Common,,,"Marvel Comics, Remainder of game-related, Teammate-related",,Special
Cerebro - The Founder,Cerebrothefounder-XMOP_cb20221122201851.jpg,https://cardguide.fandom.com/wiki/Cerebro_-_The_Founder_(XMOP),,"Professor X, Nightcrawler, Colossus, Rogue, Blink, Wolverine, Storm",MA,"Cerebro may Place and play Professor X's ""Cerebro"", ""Psychic Shield"" and ""X-Men Founder"" Special cards for remainder of game.",,Cost/Effect: -,Normal,Common,,,,,Special
Dazzler - Pinpoint Laser,Dazzlerpinpointlaser-XMOP_cb20230429152823.jpg,https://cardguide.fandom.com/wiki/Dazzler_-_Pinpoint_Laser_(XMOP),,"Dazzler, Colossus",NJ,Acts as a level 4 Energy or Strength attack. Attack is not affected by Special cards already in play,,"Cost/Effect: Energy 4, Strength 4",Normal,Common,,,Marvel Comics,,Special
Crux - Coldforce,Cruxcoldforce-XMOP_cb20230404132858.jpg,https://cardguide.fandom.com/wiki/Crux_-_Coldforce_(XMOP),,Crux (Cristal Lemieux),GJ,Acts as a level 4 Energy or Strength attack. May make 1 additional attack.,,"Cost/Effect: Energy 4, Strength 4",Normal,Common,,,Marvel Comics,,Special
Crux - Thermodynamics,Cruxthermodynamics-XMOP_cb20230427161120.jpg,https://cardguide.fandom.com/wiki/Crux_-_Thermodynamics_(XMOP),,Crux,NU,Acts as a level 0 Strength attack. May only be defended using a Power card with a value of 5 or greater.,,Cost/Effect: Strength 0,Normal,Common,,,Marvel Comics,,Special
Deathbird,Deathbird-XMOP_cb20220924193425.jpg,https://cardguide.fandom.com/wiki/Deathbird_(XMOP),,Deathbird (Cal'syee Neramani),,"May play any ""Shi-Ar"" Special cards. May defend Front Line with Power cards from Reserve.",,Energy 3Fighting 7Strength 3Intellect 3,Normal,Uncommon,,,,,Character
Cerebro - Catalogue,Cerebrocatalogue-XMOP_cb20221122200053.jpg,https://cardguide.fandom.com/wiki/Cerebro_-_Catalogue_(XMOP),,Professor X,NI,"Acts as a level 5 Fighting attack. If succesful, Opponent must discard all Activator cards from Hand.",,Cost/Effect: Fighting 5,Normal,Uncommon,,,,,Special
Department H - Secret Directive,Departmenthsecretdirective-XMOP_cb20220922171005.jpg,https://cardguide.fandom.com/wiki/Department_H_-_Secret_Directive_(XMOP),,Director X,A2,Department H's team's successful Hits made with Power cards are +1 to Venture Total for remainder of game. One Per Deck,,Cost/Effect: -,Normal,Uncommon,,,,,Aspect
Donald Pierce,Donaldpierce-XMOP_cb20220924193758.jpg,https://cardguide.fandom.com/wiki/Donald_Pierce_(XMOP),,Donald Pierce,,"May play any ""Reavers"" Special cards.",,Energy 4Fighting 2Strength 6Intellect 7,Normal,Common,,,,,Character
Fall's Edge Compound - Quarantine,Fallsedgecompoundquarantine-XMOP_cb20220922171648.jpg,https://cardguide.fandom.com/wiki/Fall%27s_Edge_Compound_-_Quarantine_(XMOP),,unknown,A9,"Acts as a level 6 Energy attack. If successful, Target Character must discard all Placed Cards and move into Reserve for remainder of battle.",,Cost/Effect: Energy 6,Normal,Common,,,,,Aspect
Goblyn Queen (sic),Goblynqueen-XMOP_cb20220924194054.jpg,https://cardguide.fandom.com/wiki/Goblyn_Queen_(XMOP),,Goblin Queen,,Attacks made with Energy Power cards may not be moved or shifted from Target Character.,,Energy 7Fighting 5Strength 2Intellect 5,Normal,Uncommon,,,,,Character
Goblyn Queen - Inferno,Goblynqueeninferno-XMOP_cb20230429155012.jpg,https://cardguide.fandom.com/wiki/Goblyn_Queen_-_Inferno_(XMOP),,Goblin Queen (Madelyne Pryor),MB,"Acts as a level 6 Any-Power attack. If successful, Target Character is KO'd by next level 2 Energy Power card Hit, regardless of Inherent Abilities and other Special cards. One Per Deck",,Cost/Effect: Any-Power 6,Normal,Rare,,,"Marvel Comics, One Per Deck",,Special
Goblyn Queen - Dark Magic,Goblynqueendarkmagic-XMOP_cb20230429154144.jpg,https://cardguide.fandom.com/wiki/Goblyn_Queen_-_Dark_Magic_(XMOP),,Goblin Queen (Madelyne Pryor),NG,"Acts as a level 5 Energy attack. If successful, Target Character loses Inherent Ability and is considered to have no Inherent Ability for remainder of battle.",,Cost/Effect: Energy 5,Normal,Uncommon,,,"Marvel Comics, Remainder of battle-related",,Special
Goblyn Queen - Clonal Origin,Goblynqueenclonalorigin-XMOP_cb20230429153158.jpg,https://cardguide.fandom.com/wiki/Goblyn_Queen_-_Clonal_Origin_(XMOP),,Goblin Queen (Madelyne Pryor),HU,"Goblyn Queen may Place and play Jean Grey's ""Phoenix Effect,"" ""Mental Deflection,"" and ""Mind Over Matter"" Special cards for remainder of game.",,Cost/Effect: -,Normal,Common,,,"Marvel Comics, Remainder of game-related",,Special
Goblyn Queen - Goblyn Armada,Goblynqueengoblynarmada-XMOP_cb20230429154615.jpg,https://cardguide.fandom.com/wiki/Goblyn_Queen_-_Goblyn_Armada_(XMOP),,Goblyn Queen (Madelyne Pryor),NS,"Opponent may not play any Special cards that affect ""the remainder of the battle"" or the ""remainder of the game"" for the remainder of the game.",,Cost/Effect: -,Normal,Common,,,"Marvel Comics, Remainder of battle-related, Remainder of game related",,Special
Grey King,Greyking-XMOP_cb20220924194543.jpg,https://cardguide.fandom.com/wiki/Grey_King_(XMOP),,Grey King (Addison Falk),,-,,Energy 6Fighting 3Strength 5Intellect 7,Normal,Uncommon,,,,,Character
Goblyn Queen - Phoenix Lifeforce,Goblynqueenphoenixlifeforce-XMOP_cb20230429155525.jpg,https://cardguide.fandom.com/wiki/Goblyn_Queen_-_Phoenix_Lifeforce_(XMOP),,Goblin Queen (Madelyne Pryor),NY,"Play during battle. On your turn, after Goblyn Queen is KO'd, discard this Special to move Goblyn Queen from Defeated Characters Pile to Reserve. Play as normal. One Per Deck",,Cost/Effect: -,Normal,Rare,,,"Marvel Comics, One Per Deck",,Special
Grey King - Carrier Wave,Greykingcarrierwave-XMOP_cb20230429160636.jpg,https://cardguide.fandom.com/wiki/Grey_King_-_Carrier_Wave_(XMOP),,Grey KIng (Addison Falk),AG,Avoid 1 attack,,Cost/Effect: -,Normal,Common,,,Marvel Comics,,Special
Grey King - Psychic Neutralizer,Greykingpsychicneutralizer-XMOP_cb20230429162452.jpg,https://cardguide.fandom.com/wiki/Grey_King_-_Psychic_Neutralizer_(XMOP),,Grey King (Addison Falk),NG,"Acts as a level 5 Intellect attack. If successful, Target Character loses Inherent Ability and is considered to have no Inherent Ability for remainder of battle.",,Cost/Effect: Intellect 5,Normal,Uncommon,,,"Marvel Comics, Remainder of battle-related",,Special
Grey King - TK Beam,Greykingtkbeam-XMOP_cb20230429162757.jpg,https://cardguide.fandom.com/wiki/Grey_King_-_TK_Beam_(XMOP),,Grey King (Addison Falk),AS,"Acts as a level 8 Intellect attack, +1 for each Hit and Grey King's Permanent Record. One Per Deck",,Cost/Effect: Intellect 8,Normal,Rare,,,Marvel Comics,,Special
Havok - Mutant X,Havokmutantx-XMOP-special_cb20230506133218.jpg,https://cardguide.fandom.com/wiki/Havok_-_Mutant_X_(XMOP),,Havok,FI,"Acts as a level 3 Intellect attack. If successful, Havok may immediately draw 2 cards from top of Draw Pile. Discard if duplicate.",,Cost/Effect: Intellect 3,Normal,Common,,,Marvel Comics,,Special
Havok: Mutant X,Havokmutantx-XMOP_cb20220924194816.jpg,https://cardguide.fandom.com/wiki/Havok:_Mutant_X_(XMOP),,Havok,,Team +3 to Venture Total when a teammate is KO'd.,,Energy 7Fighting 3Strength 4Intellect 5,Normal,Uncommon,,,,,Character
Image Inducer,Imageinducer-XMOP_cb20220728133518.jpg,https://cardguide.fandom.com/wiki/Image_Inducer_(XMOP),,Nightcrawler,,Teammate may discard 2 cards from top of Draw Pile to Dead Pile to move any attack made on any Front Line Character onto Character with Image Inducer. Character may defend.,,Cost/Effect: 6 Energy and Teammate with 5 Any-Power to use,Normal,Common,,Artifact,,,Tactic
Iceman: The Ice-Man,Icemantheiceman-XMOP_cb20220924202445.jpg,https://cardguide.fandom.com/wiki/Iceman:_The_Ice-Man_(XMOP),,Iceman,,+1 to Venture Total for each Hit in Iceman: The Iceâ€‘Man's Hits to Current Battle.,,Energy 7Fighting 5Strength 3Intellect 3,Normal,Uncommon,,,,,Character
Grey King - Leader,Greykingleader-XMOP_cb20230429160845.jpg,https://cardguide.fandom.com/wiki/Grey_King_-_Leader_(XMOP),,Grey King (Addison Falk),BK,Grey King may increase either his team's or Opponent's Ventured Mission cards by 1.,,Cost/Effect: -,Normal,Common,,,Marvel Comics,,Special
Grey King - Analytical Genius,Greykinganalyticalgenius-XMOP_cb20230429160342.jpg,https://cardguide.fandom.com/wiki/Grey_King_-_Analytical_Genius_(XMOP),,Grey King (Addison Falk),NL,"Play in current battle. Next battle, neither player may Venture more than 2 Mission cards.",,Cost/Effect: -,Normal,Common,,,Marvel Comics,,Special
Jean Grey: Dark Phoenix,Jeangreydarkphoenix-XMOP_cb20220924202807.jpg,https://cardguide.fandom.com/wiki/Jean_Grey:_Dark_Phoenix_(XMOP),,"Jean Grey, Dark Phoenix",,-,,Energy 8Fighting 4Strength 6Intellect 3,Normal,Rare,,,,,Character
Krakoa,Krakoa-XMOP_cb20221007135810.jpg,https://cardguide.fandom.com/wiki/Krakoa_(XMOP),Sunfire Thunderbird Angel Polaris Colossus Wolverine,"Angel, Storm, Krakoa, Wolverine",,Krakoa's Team Energy Power cards are +1 to attack.,,,Normal,Common,,,,,Location
Krakoa - The Living Island,Krakoathelivingsiland-XMOP_cb20220923134930.jpg,https://cardguide.fandom.com/wiki/Krakoa_-_The_Living_Island_(XMOP),,"Emma Frost, Callisto, Wolverine, Kitty Pryde",B9,Attack made on any of Krakoa's Front Line Characters is now made on Krakoa. Krakoa may not defend or be KO'd. Hit counts towards Venture Total.,,Cost/Effect: -,Normal,Common,,,,,Aspect
"Landau, Luckman & Lake - Warp Chamber",Landauluckman_lakewarpchamber-XMOP_cb20220923135400.jpg,"https://cardguide.fandom.com/wiki/Landau,_Luckman_%26_Lake_-_Warp_Chamber_(XMOP)",,Jubilee,B1,"Remove all Hits from any of Landau, Luckman & Lake's Front Line Character's Permanent Record and Current Battle, and switch places with the Landau, Luckman & Lake's Reserve. One Per Deck",,Cost/Effect: -,Normal,Rare,,,,,Aspect
Lila Cheney,LilaCheney-XMOP_cb20220728122621.jpg,https://cardguide.fandom.com/wiki/Lila_Cheney_(XMOP),,"unknowns, Lila Cheney, Guardian",,Teammate must play one Special card.,,Cost/Effect: 6 Any-Power to use Acts as 1 Energy attack,Normal,Common,,Ally,,,Universe
"Landau, Luckman & Lake",Landauluckman_lake-XMOP_cb20221007140313.jpg,"https://cardguide.fandom.com/wiki/Landau,_Luckman_%26_Lake_(XMOP)",Wolverine Deadpool Venom Expediter Psylocke Captain America,"Deadpool, unknown",,"Landau, Luckman & Lake Team's MultiPower Power cards are +1 to attack.",,,Normal,Common,,,,,Location
Landslide,Landslide-XMOP_cb20220924203104.jpg,https://cardguide.fandom.com/wiki/Landslide_(XMOP),,Landslide (Lee Broder),,Opponent is -3 to Venture Total when Landslide's teammate is KO'd.,,Energy 6Fighting 4Strength 6Intellect 2,Normal,Common,,,,,Character
Landslide - Massive Speed,Landslidemassivespeed-XMOP_cb20230506140834.jpg,https://cardguide.fandom.com/wiki/Landslide_-_Massive_Speed_(XMOP),,Landslide (Lee Broder),MA,Acts as a level 5 Energy or Strength attack. May not be defended by a card from a Battlesite.,,"Cost/Effect: Energy 5, Strength 5",Normal,Common,,,Marvel Comics,,Special
Landslide - Big Bully,Landslidebigbully-XMOP_cb20230506135207.jpg,https://cardguide.fandom.com/wiki/Landslide_-_Big_Bully_(XMOP),,Landslide (Lee Broder),NV,"Acts as a level 5 Fighting attack. If successful, Target Character may not play Activator cards for remainder of battle.",,Cost/Effect: Fighting 5,Normal,Uncommon,,,"Marvel Comics, Remainder of battle-related",,Special
Landslide - Wallop,Landslidewallop-XMOP_cb20230506141806.jpg,https://cardguide.fandom.com/wiki/Landslide_-_Wallop_(XMOP),,Landslide (Lee Broder),NU,Acts as a level 0 Intellect attack. May only be defended using a Power card with a value of 5 or greater.,,Cost/Effect: Intellect 0,Normal,Common,,,Marvel Comics,,Special
Madripoor - Underworld Center,Ageofapocalypsehistoricaltwist-XMOP_cb20220828182937.jpg,https://cardguide.fandom.com/wiki/Madripoor_-_Underworld_Center_(XMOP),,"unknowns, Wolverine",B3,"Play during battle on any of Madripoor's Front Line Characters. At end of battle, no Hits are added to Character's Permanent Record. Discard end of battle. Does not affect Venture total.",,Cost/Effect: -,Normal,Common,,,,,Aspect
Landslide - Appetite for Destruction,Landslideappetitefordestruction-XMOP_cb20230506133844.jpg,https://cardguide.fandom.com/wiki/Landslide_-_Appetite_for_Destruction_(XMOP),,Landslide (Lee Broder),NN,"Play during battle. For remainder of battle, any Special card played must be a Special card that acts as an attack. Other Special cards may not be played.",,Cost/Effect: -,Normal,Common,,,Marvel Comics,,Special
Landslide - Short Fuse,Landslideshortfuse-XMOP_cb20230506141206.jpg,https://cardguide.fandom.com/wiki/Landslide_-_Short_Fuse_(XMOP),,Landslide (Lee Broder),BV,Landslide may make as many Power card attacks as possible. Opponent may defend. One Per Deck,,Cost/Effect: -,Normal,Rare,,,"Marvel Comics, One Per Deck",,Special
M'Krann Fragment,Mkrannfragment-XMOP_cb20220828180255.jpg,https://cardguide.fandom.com/wiki/M%27Krann_Fragment_(XMOP),,X-Man,,"Teammate may discard 2 cards from top of Draw Pile to Dead Pile after Placing Phase, before Venture Phase, each battle to Venture 3 Mission cards with no penalty that battle. One Per Deck",,Cost/Effect: 6 Strength and Teammate with 6 Energy or greater to use,Normal,Very Rare,,Artifact,,,Tactic
Marrow - Battlebones,Marrowbattlebones-XMOP_cb20230506142723.jpg,https://cardguide.fandom.com/wiki/Marrow_-_Battlebones_(XMOP),,Marrow,NK,"Acts as a level 3 Strength attack. If attack is defended, Marrow may draw 1 card fro top of Draw Pile. Discard duplicates.",,Cost/Effect: Strength 3,Normal,Common,,,Marvel Comics,,Special
Maverick,Maverick-XMOP_cb20220925110733.jpg,https://cardguide.fandom.com/wiki/Maverick_(XMOP),,Maverick,,-,,Energy 5Fighting 8Strength 3Intellect 3,Normal,Rare,,,,,Character
Marvel Manhattan - Excelsior!,Marvelmanhattanexcelsior-XMOP_cb20220923144945.jpg,https://cardguide.fandom.com/wiki/Marvel_Manhattan_-_Excelsior_(XMOP),,Stan Lee,A1,Each player is =3 to Venture Total for each Special card in play at end of battle.,,Cost/Effect: -,Normal,Common,,,,,Aspect
Maverick - Kinetic Absorption,Maverickkineticabsorption-XMOP_cb20230506160950.jpg,https://cardguide.fandom.com/wiki/Maverick_-_Kinetic_Absorption_(XMOP),,"Maverick, unknown",LO,Avoid 1 attack made with a Power card. Maverick may draw 1 card from the top of the Draw Pile. Discard duplicates.,,Cost/Effect: -,Normal,Common,,,Marvel Comics,,Special
Marvel Universe - Excelsior!,Marveluniverseexcelsior-XMOP_cb20220923145636.jpg,https://cardguide.fandom.com/wiki/Marvel_Universe_-_Excelsior_(XMOP),,Stan Lee,A1,Each player is =3 to Venture Total for each Special card in play at end of battle.,,Cost/Effect: -,Normal,Common,,,,,Aspect
Maverick - Power Channel,Maverickpowerchannel-XMOP_cb20230506161603.jpg,https://cardguide.fandom.com/wiki/Maverick_-_Power_Channel_(XMOP),,Maverick,NZ,"Remove 1 hit from Maverick's Hits to Current Battle. Maverick may make 1 attack with any card, usable by Maverick and in Hand, of equal or less Value than removed Hit.",,Cost/Effect: -,Normal,Uncommon,,,"Marvel Comics, Attack Specials, Maverick usable cards",,Special
Maverick - Freelance Spy,Maverickfreelancespy-XMOP_cb20230506160633.jpg,https://cardguide.fandom.com/wiki/Maverick_-_Freelance_Spy_(XMOP),,Maverick,BG,Team gains +2 to all actions. One Per Deck,,Cost/Effect: -,Normal,Rare,,,"Marvel Comics, One Per Deck",,Special
Maverick - Legacy Regression,Mavericklegacyregression-XMOP_cb20230506161251.jpg,https://cardguide.fandom.com/wiki/Maverick_-_Legacy_Regression_(XMOP),,"Maverick, Christoph Nord)",GI,Maverick is not affected by Event cards for remainder of game.,,Cost/Effect: -,Normal,Common,,,"Marvel Comics, Remainder of game-related",,Special
Maggot - Infestinal Fortitude,Maggotintestinalfortitude-XMOP_cb20230506142304.jpg,https://cardguide.fandom.com/wiki/Maggot_-_Infestinal_Fortitude_(XMOP),,Maggott,OA,"Acts as a level 7 Strength attack. If successful, Opponent must sort through Draw Pile and discard first 3 Special cards into Dead Pile. Reshuffle Draw Pile. One Per Deck",,Cost/Effect: Strenght 7,Normal,Rare,,,"Marvel Comics, One Per Deck",,Special
Mercury,Mercury-XMOP_cb20220925111517.jpg,https://cardguide.fandom.com/wiki/Mercury_(XMOP),,Mercury (Cerebro's X-Men),,-,,Energy 6Fighting 7Strength 5Intellect 4,Normal,Uncommon,,,,,Character
Maverick - Combat Armor,Maverickcombatarmor-XMOP_cb20230506155808.jpg,https://cardguide.fandom.com/wiki/Maverick_-_Combat_Armor_(XMOP),,Maverick,MA,Acts as a level 5 Fighting or Intellect attack. May not be defended by a card from a Battlesite.,,"Cost/Effect: Fighting 5, Intellect 5",Normal,Common,,,"Marvel Comics, Attack Specials",,Special
Mercury - Soldier-of-Fortune,Mercurysoldieroffortune-XMOP_cb20230506181145.jpg,https://cardguide.fandom.com/wiki/Mercury_-_Soldier-of-Fortune_(XMOP),,Mercury (Cerebro's X-Men),NM,Sort through Draw Pile card by card. Remove first card with an attack Value. Add Value to Mercury's Venture Total for current battle. Reshuffle Draw Pile. One Per Deck,,Cost/Effect: -,Normal,Rare,,,"Marvel Comics, One Per Deck",,Special
Mercury - Combat Experience,Mercurycombatexperience-XMOP_cb20230506162427.jpg,https://cardguide.fandom.com/wiki/Mercury_-_Combat_Experience_(XMOP),,Mercury (Cerebro's X-Men),KL,"Opponent must immediately discard all Special cards in play that affect the ""remainder of battle"" or the ""remainder of the game.""",,Cost/Effect: -,Normal,Uncommon,,,"Marvel Comics, Remainder of battle-related; remainder of game-related;",,Special
Mercury - Mercuric Blades,Mercurymercuricblades-XMOP_cb20230506164401.jpg,https://cardguide.fandom.com/wiki/Mercury_-_Mercuric_Blades_(XMOP),,Mercury (Cerebro's X-Men),AB,Acts as a level 5 Fighting attack. May make 1 addtional Fighting attack,,Cost/Effect: Fighting 5,Normal,Common,,,Marvel Comics; Attack Specials,,Special
Mojoworld - TV Dimension,Mojoworldtvdimension-XMOP_cb20220923154537.jpg,https://cardguide.fandom.com/wiki/Mojoworld_-_TV_Dimension_(XMOP),,"Storm, Cyclops, Colossus, Wolverine, Nightcrawler, Banshee",B2,"For remainder of game, Mojoworld's team may draw 1 card from top of Draw Pile immediately after playing any Basic Universe card. Discard if duplicate. One Per Deck",,Cost/Effect: -,Normal,Uncommon,,,,,Aspect
Mercury - Metallic Control,Mercurymetalliccontrol-XMOP_cb20230506164656.jpg,https://cardguide.fandom.com/wiki/Mercury_-_Metallic_Control_(XMOP),,Mercury (Cerebro's X-Men),AD,Avoid 1 attack made with an Aspect card.,,Cost/Effect: -,Normal,Common,,,Marvel Comics,,Special
Muir Island - Genetic Research,Muirislandgeneticresearch-XMOP_cb20220923161113.jpg,https://cardguide.fandom.com/wiki/Muir_Island_-_Genetic_Research_(XMOP),,"Jubilee, unknowns",C1,"For remainder of game, Muir Island's team may draw 1 card from top op Draw Pile immediately after blocking an attack using an Intellect Power card. Discard if duplicate. One Per Deck",,Cost/Effect: -,Normal,Uncommon,,,,Missing shadow on second line of card text.,Aspect
Multiple Man - Duplicate Self,Multiplemanduplicateself-XMOP_cb20230507154530.jpg,https://cardguide.fandom.com/wiki/Multiple_Man_-_Duplicate_Self_(XMOP),,Multiple Man,EB,"Play during battle. For remainder of battle, any attack made on Multiple Man may be moved to Duplicate Self. Multiple Man's team may not defend. Duplicate Self is KO'd with 1 Hit.",,Cost/Effect: -,Normal,Common,,,"Marvel Comics; Attack Specials, Remainder of battle-related",,Special
Multiple Man - Legacy Survivor,Multiplemanlegacysurvivor-XMOP_cb20230507160416.jpg,https://cardguide.fandom.com/wiki/Multiple_Man_-_Legacy_Survivor_(XMOP),,Multiple Man,JB,"Remove all Hits from Multiple Man's Permanent Record and Current Battle, and switch places with Reserve. One Per Deck",,Cost/Effect: -,Normal,Rare,,,Marvel Comics; One Per Deck,,Special
Morlock Tunnels - Hidden World,Morlocktunnelshiddenworld-XMOP_cb20220923160725.jpg,https://cardguide.fandom.com/wiki/Morlock_Tunnels_-_Hidden_World_(XMOP),,-,B5,Morlock Tunnels' team may play numerical attacks face down for remainder of battle. Opponent must guess defense. One Per Deck,,Cost/Effect: -,Normal,Uncommon,,,,,Aspect
Multiple Man,Multipleman-XMOP_cb20220925111820.jpg,https://cardguide.fandom.com/wiki/Multiple_Man_(XMOP),,Multiple Man,,May make one or both follow up attacks to any Universe: Teamwork card.,,Energy 6Fighting 6Strength 3Intellect 3,Normal,Common,,,,,Character
Mercury - Mercenary Code,Mercurymercenarycode-XMOP_cb20230506162757.jpg,https://cardguide.fandom.com/wiki/Mercury_-_Mercenary_Code_(XMOP),,Mercury (Cerebro's X-Men),NT,"Acts as a level 6 Intellect attack. If successful, Opponent must discard from Hand until both players have an equal number of cards in Hand. Opponent's choice.",,Cost/Effect: Intellect 6,Normal,Common,,,Marvel Comics; Attack Specials,,Special
Multiple Man - Multiply and Conquer,Multiplemanmultiplyandconquer-XMOP_cb20230507160711.jpg,https://cardguide.fandom.com/wiki/Multiple_Man_-_Multiple_and_Conquer_(XMOP),,Multiple Man,NR,Discard 1 Strength Power card usable by Multiple Man. Show Opponent up to 5 cards usable by Multiple Man from Hand. Draw equal number from Draw Pile. Discard duplicates. One Per Deck,,Cost/Effect: -,Normal,Rare,,,Marvel Comics; One Per Deck,,Special
Multiple Man - Outnumber,Multiplemanoutnumber-XMOP_cb20230507162938.jpg,https://cardguide.fandom.com/wiki/Multiple_Man_-_Outnumber_(XMOP),,"Multiple Man, unknown",NH,"Acts as a level 3 Fighting attack. If successful, Target Character may not make any follow up attacks from Teamwork or Special cards for remainder of battle.",,Cost/Effect: Fighting 3,Normal,Common,,,Marvel Comics; Attack Specials; Remainder of battle-related,,Special
Onslaught's Citadel - Electromagnetic Pulse,Onslaughtscitadelelectromagneticpulse-XMOP_cb20220923161510.jpg,https://cardguide.fandom.com/wiki/Onslaught%27s_Citadel_-_Electromagnetic_Pulse_(XMOP),,Onslaught,A7,"Add 4 to Onslaught's Citadel's team's Venture Total, or Opponent is -4 to Venture Total for this battle.",,Cost/Effect: -,Normal,Common,,,,Missing shadow on part of rule 2 of the game text.,Aspect
Multiple Man - Team Madrox,Multiplemanteammadrox-XMOP_cb20230507163418.jpg,https://cardguide.fandom.com/wiki/Multiple_Man_-_Team_Madrox_(XMOP),,Multiple Man,BV,Play with any Power card attack. Multiple Man may make as many additional Fighting or Strength Power card attacks as possible. Opponent may defend.,,Cost/Effect: -,Normal,Common,,,Marvel Comics; Attack Specials,,Special
Phoenix,Phoenix-XMOP_cb20220925112838.jpg,https://cardguide.fandom.com/wiki/Phoenix_(XMOP),,Phoenix (Rachel Summers),,"When KO'd, Phoenix may continue to fight and is not discarded until end of battle.",,Energy 7Fighting 5Strength 4Intellect 3,Normal,Uncommon,,,,,Character
Namor: Sub-Mariner,Namorsubmariner-XMOP_cb20220925112545.jpg,https://cardguide.fandom.com/wiki/Namor:_Sub-Mariner_(XMOP),,Namor,,-,,Energy 3Fighting 5Strength 8Intellect 4,Normal,Rare,,,,,Character
Phoenix - Telepathic Power,Phoenixtelepathicpower-XMOP_cb20230513151214.jpg,https://cardguide.fandom.com/wiki/Phoenix_-_Telepathic_Power_(XMOP),,Phoenix (Rachel Summers),AR,Acts as a level 7 Fighting attack.,,Cost/Effect: Fighting 7,Normal,Common,,,Marvel Comics; Attack Specials,,Special
Phoenix - Manifested Phoenix,Phoenixmanifestedphoenix-XMOP_cb20230513150238.jpg,https://cardguide.fandom.com/wiki/Phoenix_-_Manifest_Phoenix_(XMOP),,Phoenix (Rachel Summers),MC,"Acts as a level 11 Energy, Strength, or Intellect attack. Phoenix's team may not attack for remainder of battle. One Per Deck",,"Cost/Effect: Energy 11, Strength 11, Intellect 11",Normal,Rare,,,Marvel Comics; Attack Specials; Remainder of battle-related,,Special
Phoenix - Mutant Hound,Phoenixmutanthound-XMOP_cb20230513150840.jpg,https://cardguide.fandom.com/wiki/Phoenix_-_Mutant_Hound_(XMOP),,"Phoenix (Rachel Summers), Sentinels",MI,"Play on Target Character as an attack. Attacks made on Target Character, including ""Mutant Hound,"" may not be moved to any of Target's teammates for remainder of game.",,Cost/Effect: -,Normal,Common,,,Marvel Comics; Attack Specials; Teammate-related; Remainder of game-related,,Special
Phoenix - Askani Founder,Phoenixaskanifounder-XMOP_cb20230507163653.jpg,https://cardguide.fandom.com/wiki/Phoenix_-_Askani_Founder_(XMOP),,Phoenix (Rachel Summers),CW,Avoid 1 attack. May not be attacked for remainder of battle. One Per Deck,,Cost/Effect: -,Normal,Rare,,,Marvel Comics; Remainder of battle-related,,Special
Polaris,Polaris-XMOP_cb20220925113208.jpg,https://cardguide.fandom.com/wiki/Polaris_(XMOP),,Polaris,,May attack with Energy Power cards while in Reserve.,,Energy 7Fighting 3Strength 3Intellect 4,Normal,Uncommon,,,,,Character
Polaris - Ensnare,Polarisensnare-XMOP_cb20230513155813.jpg,https://cardguide.fandom.com/wiki/Polaris_-_Ensnare_(XMOP),,"Polaris, Sabretooth",FN,Target Character may not attack or play Special Cards for remainder of battle. One Per Deck,,Cost/Effect: -,Normal,Uncommon,,,Marvel Comics; Attack Specials; Remainder of battle-related; One Per Deck,,Special
Polaris - Energy Warp,Polarisenergywarp-XMOP_cb20230513151502.jpg,https://cardguide.fandom.com/wiki/Polaris_-_Energy_Warp_(XMOP),,Polaris,GF,"Acts as a level 4 Energy attack. If successful, move all Hits from Polaris's Hits from Current Battle into Permanent Record. Affects Venture Total.",,Cost/Effect: Energy 4,Normal,Common,,,Marvel Comics; Attack Specials,,Special
Phoenix - Child of the Future,Phoenixchildofthefuture-XMOP_cb20230513145848.jpg,https://cardguide.fandom.com/wiki/Phoenix_-_Child_of_the_Future_(XMOP),,Phoenix (Rachel Summers),BZ,Opponent must reveal Hand and play open handed for remainder of battle. One Per Deck,,Cost/Effect: -,Normal,Rare,,,Marvel Comics; Remainder of battle-related; One Per Deck,,Special
Polaris - Manipulate Magnetism,Polarismanipulatemagnetism-XMOP_cb20230513161419.jpg,https://cardguide.fandom.com/wiki/Polaris_-_Manipulate_Magnetism_(XMOP),,Polaris,DB,"Avoid all attacks from 1 Teamwork card, or Target Character must discard 1 Placed Teamwork card.",,Cost/Effect: -,Normal,Common,,,Marvel Comics; Attack Specials,,Special
Psylocke: Betsy Braddock,Psylockebetsybraddock-XMOP_cb20220925113602.jpg,https://cardguide.fandom.com/wiki/Psylocke:_Betsy_Braddock_(XMOP),,Psylocke (Betsy Braddock),,Psylocke's Basic Universe cards count toward Damage and Venture Total.,,Energy 6Fighting 3Strength 2Intellect 5,Normal,Common,,,,,Character
Polaris - Magnetic Field,Polarismagneticfield-XMOP_cb20230513160803.jpg,https://cardguide.fandom.com/wiki/Polaris_-_Magnetic_Field_(XMOP),,Polaris,JW,Acts as a level 5 Fighting attack. Attack may not be defended with a Special card.,,Cost/Effect: Fighting 5,Normal,Common,,,Marvel Comics; Attack Specials,,Special
Polaris - Reverse Polarity,Polarisreversepolarity-XMOP_cb20230513162422.jpg,https://cardguide.fandom.com/wiki/Polaris_-_Reverse_Polarity_(XMOP),,Polaris,KB,"Acts as a level 2 Energy attack. If successful, acts as a level 8 Fighting Hit. Hit goes on Target Character's Permanent Record. Does not count for Venture Total.",,"Cost/Effect: Energy 2, Fighting 8",Normal,Common,,,Marvel Comics; Attack Specials,,Special
Princess Bar,Princessbar-XMOP_cb20221007141023.jpg,https://cardguide.fandom.com/wiki/Princess_Bar_(XMOP),Wolverine Shadowcat Sabretooth The Hand Silver Samurai Viper,"Wolverine, unknowns",,Princess Bar Team's Energy Power cards are +2 to defense.,,,Normal,Common,,,,,Location
Rapture - Avian Mutation,Raptureavianmutation-XMOP_cb20230513163438.jpg,https://cardguide.fandom.com/wiki/Rapture_-_Avian_Mutation_(XMOP),,Rapture,BR,Rapture may have 1 additional Special card Placed on her until KO'd. May not be duplicate.,,Cost/Effect: -,Normal,Common,,,Marvel Comics,,Special
Rapture,Rapture-XMOP_cb20220925113859.jpg,https://cardguide.fandom.com/wiki/Rapture_(XMOP),,Rapture (Sister Joy),,+1 to all attacks vs. Characters with Intellect Power Grid 7 or 8.,,Energy 5Fighting 7Strength 2Intellect 3,Normal,Uncommon,,,,,Character
Rapture - Mercy Killing,Rapturemercykilling-XMOP_cb20230923171044.jpg,https://cardguide.fandom.com/wiki/Rapture_-_Mercy_Killing_(XMOP),,Rapture (Sister Joy),NW,"Acts as a level 5 Strength attack. If successful and Target Hits totaling 15 or more, then Target is KO'd regardless of Inherent Abilities and other Special cards. One Per Deck",,Cost/Effect: Strength 5,Normal,Rare,,,Marvel Comics; Attack Specials; One Per Deck,,Special
Rapture - Flightpath,Raptureflightpath-XMOP_cb20230923170743.jpg,https://cardguide.fandom.com/wiki/Rapture_-_Flightpath_(XMOP),,Rapture (Sister Joy),LO,Avoid 1 attack made with a Power card. Rapture may draw 1 card from the top of the Draw Pile. Discard duplicates.,,Cost/Effect: -,Normal,Common,,,Marvel Comics; Attack special,,Special
Reyes - Triage,Reyestriage-XMOP_cb20230923172002.jpg,https://cardguide.fandom.com/wiki/Reyes_-_Triage_(XMOP),,Cecilia Reyes,EE,Avoid 1 attack made with a Power card or remove 1 Power card Hit from Reyes or teammate.,,Cost/Effect: -,Normal,Common,,,Marvel Comics; Teammate-related,,Special
Rapture - Release Soul,Rapturereleasesoul-XMOP_cb20230923171720.jpg,https://cardguide.fandom.com/wiki/Rapture_-_Release_Soul_(XMOP),,Rapture (Sister Joy),BA,Acts as a level 2 Fighting attack. If successful acts as a level 8 Intellect Hit. Hit goes on Target Character's Permanent Record. Does not count for Venture Total.,,Cost/Effect: Fighting 2; Intellect 8,Normal,Common,,,Marvel Comics; Attack Specials,,Special
Sabra,Sabra-XMOP_cb20220925115109.jpg,https://cardguide.fandom.com/wiki/Sabra_(XMOP),,Sabra,,-,,Energy 3Fighting 7Strength 6Intellect 3,Normal,Uncommon,,,,,Character
Rogue: Brotherhood of Evil Mutants,Roguebrotherhoodofevilmutants-XMOP_cb20220925114638.jpg,https://cardguide.fandom.com/wiki/Rogue:_Brotherhood_of_Evil_Mutants_(XMOP),,Rogue,,May not be Cumulative KO'd with Special cards.,,Energy 6Fighting 5Strength 3Intellect 2,Normal,Common,,,,,Character
Sabra - Bladefire,Sabrabladefire-XMOP_cb20230923172512.jpg,https://cardguide.fandom.com/wiki/Sabra_-_Bladefire_(XMOP),,Sabra,HR,Acts as a level 9 Energy or Fighting attack. One Per Deck,,Cost/Effect: Energy 9; Fighting 9,Normal,Rare,,,Marvel Comics; Attack Specials; One Per Deck,,Special
Rapture - Psychic Sword,Rapturepsychicsword-XMOP_cb20230923171437.jpg,https://cardguide.fandom.com/wiki/Rapture_-_Psychic_Sword_(XMOP),,Rapture (Sister Joy),BA,Acts as a level 0 Fight or Strength attack. May only be defended by a Special card.,,Cost/Effect: Fighting 0; Strength 0,Normal,Common,,,Marvel Comics; Attack Specials,,Special
Sabra - High Durability,Sabrahighdurability-XMOP_cb20230923173121.jpg,https://cardguide.fandom.com/wiki/Sabra_-_High_Durability_(XMOP),,Sabra,EK,Sabra may not be Cumulative KO'd for remainder of game. One Per Deck,,Cost/Effect: -,Normal,Rare,,,Marvel Comics; Remainder of game-related; One Per Deck,,Special
Sabra - Mossad,Sabramossad-XMOP_cb20230923173605.jpg,https://cardguide.fandom.com/wiki/Sabra_-_Mossad_(XMOP),,Sabra,NV,"Acts as a level 5 Intellect attack. If successful, Target Character may not play Activator cards for remainder of battle.",,Cost/Effect: Intellect 5,Normal,Uncommon,,,Marvel Comics; Attack Specials; Remainder of battle-related,,Special
Sabra - Lethal Agent,Sabralethalagent-XMOP_cb20230923173315.jpg,https://cardguide.fandom.com/wiki/Sabra_-_Lethal_Agent_(XMOP),,Sabra,NW,"Acts as a level 5 Energy attack. If successful and Target Hits totaling 15 or more, then Target is KO'd regardless of Inherent Abilities and other Special cards. One Per Deck",,Cost/Effect: Energy 5,Normal,Rare,,,Marvel Comics; Attack Specials; One Per Deck,,Special
Sabra - Mutant Musculature,Sabramutantmusculature-XMOP_cb20230923173924.jpg,https://cardguide.fandom.com/wiki/Sabra_-_Mutant_Musculature_(XMOP),,Sabra,AB,Acts as a level 5 Strength attack. May make 1 additional Strength attack.,,Cost/Effect: Strength 5,Normal,Common,,,Marvel Comics; Attack Specials,,Special
Shadow King,Shadowking-XMOP_cb20220925115337.jpg,https://cardguide.fandom.com/wiki/Shadow_King_(XMOP),,Shadow King,,-,,Energy 7Fighting 1Strength 1Intellect 7,Normal,Uncommon,,,,,Character
Shadow King - Astral Lifeform,Shadowkingastrallifeform-XMOP_cb20230923174215.jpg,https://cardguide.fandom.com/wiki/Shadow_King_-_Astral_Lifeform_(XMOP),,Shadow King,HY,"Acts as a level 6 Intellect attack. If successful, Target Character discard 2 cards of Opponent's choice. Cards may not be Placed or in Hand.",,Cost/Effect: Intellect 6,Normal,Common,,,Marvel Comics; Attack Specials; Shadow King special;,,Special
Shadow King - Possess Others,Shadowkingpossessothers-XMOP_cb20230923174645.jpg,https://cardguide.fandom.com/wiki/Shadow_King_-_Possess_Others_(XMOP),,Shadow King; Psylocke (Betsy Braddock),MF,Target teammate may play any Shadow King Special cards for remainder of game. One Per Deck,,Cost/Effect: -,Normal,Rare,,,Marvel Comics; Teammate-related; Remainder of game-related; One Per Deck; Shadow King special,,Special
Shadow King - Twist Desire,Shadowkingtwistdesitre-XMOP_cb20230923193153.jpg,https://cardguide.fandom.com/wiki/Shadow_King_-_Twist_Desire_(XMOP),,Havok (Alex Summers); Shadow King,KK,Play during battle. Both players move all Mission cards to Reserve Missions Pile. Mission cards Ventured this battle are now Ventured from Reserve Missions Pile. One Per Deck,,Cost/Effect: -,Normal,Rare,,,Marvel Comics; One Per Deck,,Special
Shadow King - Psi-Screen,Shadowkingpsiscreen-XMOP_cb20230923183006.jpg,https://cardguide.fandom.com/wiki/Shadow_King_-_Psi-Screen_(XMOP),,Phoenix (Jean Grey); Shadow King,LO,Avoid 1 attack made with a Special card. Shadow King may draw 1 card from the top of the Draw Pile. Discard duplicates.,,Cost/Effect: -,Normal,Common,,,Marvel Comics; Shadow King special,,Special
Spider-Girl,Spidergirl-XMOP_cb20220925115646.jpg,https://cardguide.fandom.com/wiki/Spider-Girl_(XMOP),,Spider-Girl (Mayday Parker),,Attacks made with Power cards may not be defended using Activator cards.,,Energy 4Fighting 6Strength 5Intellect 3,Normal,Common,,,,,Character
Spider-Girl - Clever Fighter,Spidergirlcleverfighter-XMOP_cb20230923193536.jpg,https://cardguide.fandom.com/wiki/Spider-Girl_-_Clever_Fighter_(XMOP),,Spider-Girl (May Parker),LY,"Play with any Power card usable by Spider-Girl. For remainder of game, Spider-Girl does not have to discard duplicates of chosen Power card's Power Type and Value.",,Cost/Effect: -,Normal,Common,,,Marvel Comics; Remainder of game-related,,Special
Spider-Girl - Web Action,Spidergirlwebaction-XMOP_cb20231001160711.jpg,https://cardguide.fandom.com/wiki/Spider-Girl_-_Web_Action_(XMOP),,Spider-Girl (May Parker),NG,"Acts as a level 5 Strength attack. If successful, Target Character loses Inherent Ability and is considered to have no Inherent Ability for remainder of battle.",,Cost/Effect: Strength 5,Normal,Uncommon,,,Marvel Comics; Attack Special; Remainder of battle-related,,Special
Spider-Girl - Wall Walker,Spidergirlwallwalker-XMOP_cb20231001155218.jpg,https://cardguide.fandom.com/wiki/Spider-Girl_-_Wall_Walker_(XMOP),,Spider-Girl (May Parker),BJ,Teammate may not be attacked for remainder of battle. One Per Deck,,Cost/Effect: -,Normal,Rare,,,Marvel Comics; Teammate-related; Remainder of battle-related; One Per Deck,,Special
Spider-Girl - Mayday,Spidergirlmayday-XMOP_cb20231001152938.jpg,https://cardguide.fandom.com/wiki/Spider-Girl_-_Mayday_(XMOP),,Spider-Girl (May Parker),NT,"For remainder of game, cards on Spider-Girl's Hits to Current Battle with Strength or Intellect icons do not count towards Opponent's Venture Total. One Per Deck",,Cost/Effect: -,Normal,Rare,,,Marvel Comics; Remainder of game-related; One Per Deck,,Special
Storm: Bloodstorm,Stormbloodstorm-XMOP_cb20220925120034.jpg,https://cardguide.fandom.com/wiki/Storm:_Bloodstorm_(XMOP),,Bloodstorm (Ororo Munroe),,-,,Energy 7Fighting 6Strength 5Intellect 3,Normal,Uncommon,,,,,Character
Spider-Girl - Spider Mobility,Spidergirlspidermobility-XMOP_cb20231001155001.jpg,https://cardguide.fandom.com/wiki/Spider-Girl_-_Spider_Mobility_(XMOP),,Spider-Girl (May Parker),AD,Spider-Girl or teammate may avoid 1 attack of 9 or less.,,Cost/Effect: -,Normal,Common,,,Marvel Comics; Teammate-related,,Special
Storm: Neutralized,Stormneutralized-XMOP_cb20220925120318.jpg,https://cardguide.fandom.com/wiki/Storm:_Neutralized_(XMOP),,Storm,,"May play any ""Morlocks"" non-One-Per-Deck Special cards.",,Energy 1Fighting 6Strength 4Intellect 5,Normal,Common,,,,,Character
Shadow King - Telepathic Manipulator,Shadowkingtelepathicmanipulator-XMOP_cb20230923183604.jpg,https://cardguide.fandom.com/wiki/Shadow_King_-_Telepathic_Manipulator_(XMOP),,Shadow King; unknown,NU,Acts as a level 0 Fighting attack. May only be bedefended using a Power card with a Value of 5 or greater.,,Cost/Effect: Fighting 0,Normal,Common,,,"Marvel Comics; Attack Specials, Shadow King special",,Special
Sunfire,Sunfire-XMOP_cb20220925120626.jpg,https://cardguide.fandom.com/wiki/Sunfire_(XMOP),,Sunfire,,"May play ""Solar Flare"" from Reserve.",,Energy 7Fighting 5Strength 4Intellect 4,Normal,Uncommon,,,,,Character
Sunfire - Atomic Flare,Sunfireatomicflare-XMOP_cb20231001163448.jpg,https://cardguide.fandom.com/wiki/Sunfire_-_Atomic_Flame_(XMOP),,Sunfire (Shiro Yoshida),FJ,"Acts as a level 9 Energy, Fighting, Strength, or Intellect attack. Sunfire may not attack for remainder of battle. One Per Deck",,Cost/Effect: Energy 9; Strength 9; Fighting 9; Intellect 9,Normal,Rare,,,Marvel Comics; Attack Special; One Per Deck; Remainder of battle-related,,Special
Sunfire - Ionize Matter,Sunfireionizematter-XMOP_cb20231001164021.jpg,https://cardguide.fandom.com/wiki/Sunfire_-_Ionize_Matter_(XMOP),,Sunfire (Shiro Yoshida),NJ,Acts as a level 4 or Fighting attack. Attack not affected by Special cards already in play.,,Cost/Effect: Energy 4; Fighting 4,Normal,Common,,,Marvel Comics; Attack Special,,Special
Sunfire - Nationalist Zeal,Sunfirenationalistzeal-XMOP_cb20231001164440.jpg,https://cardguide.fandom.com/wiki/Sunfire_-_Nationalist_Zeal_(XMOP),,Sunfire (Shiro Yoshida),AM,Sunfire is +2 to defense for remainder of battle.,,Cost/Effect: -,Normal,Common,,,Marvel Comics; Remainder of battle-related,,Special
Taskmaster,Taskmaster-XMOP_cb20220925121010.jpg,https://cardguide.fandom.com/wiki/Taskmaster_(XMOP),,Taskmaster,,May use Intellect Power cards to avoid any Fighting attack.,,Energy 3Fighting 7Strength 4Intellect 5,Normal,Uncommon,,,,,Character
Sunfire - Radiate Heat,Sunfireradiateheat-XMOP_cb20231001164706.jpg,https://cardguide.fandom.com/wiki/Sunfire_-_Radiate_Heat_(XMOP),,Sunfire (Shiro Yoshida),FO,"Target Character must discard 1 Placed card. If successful, Opponent must discard 1 card from Hand for each Hit on Sunfire's Permanent Record. One Per Deck",,Cost/Effect: -,Normal,Rare,,,Marvel Comics; One Per Deck,,Special
Taskmaster - Replica Shield,Taskmasterreplicashield-XMOP_cb20231001182040.jpg,https://cardguide.fandom.com/wiki/Taskmaster_-_Replica_Shield_(XMOP),,Taskmaster (Tony Masters),HU,"Taskmaster may Place and Play Captain America's ""Ricochet Shield"", ""Stars & Stripes"", and ""Mighty Shield"" Special card for remainder of game.",,Cost/Effect: -,Normal,Common,,,Marvel Comics; Remainder of game-related,,Special
Taskmaster - Photographic Reflexes,Taskmasterphotographicreflexes-XMOP_cb20231001181617.jpg,https://cardguide.fandom.com/wiki/Taskmaster_-_Photographic_Reflexes_(XMOP),,Taskmaster (Tony Masters),BQ,Plays during battle. Taskmaster may exchange this card for any 1 Special card in Dead Pile not playable by Taskmaster and play it immediately. One Per Deck,,Cost/Effect: -,Normal,Rare,,,Marvel Comics; One Per Deck,,Special
Taskmaster - Spy Camera,Taskmasterspycamera-XMOP_cb20231001182643.jpg,https://cardguide.fandom.com/wiki/Taskmaster_-_Spy_Camera_(XMOP),,Taskmaster (Tony Masters),FK,Look at top 8 cards of Draw Pile and choose any 4 cards. Reshuffle Draw Pile. Put four chosen cards on top of Draw Pile. One Per Deck,,Cost/Effect: -,Normal,Rare,,,Marvel Comics; One Per Deck,,Special
Taskmaster - Trained Lackeys,Taskmastertrainedlackeys-XMOP_cb20231001182901.jpg,https://cardguide.fandom.com/wiki/Taskmaster_-_Trained_Lackeys_(XMOP),,"Taskmaster (Tony Masters), unknowns",EB,"Play during battle. For remainder of battle, any attack made on Taskmaster may be moved to Trained Lackeys. Taskmaster's team may not defend. Trained Lackeys are KO'd with 1 Hit.",,Cost/Effect: -,Normal,Common,,,Marvel Comics; Remainder of battle-related,,Special
Sunfire - Solar Flare,Sunfiresolarflare-XMOP_cb20231001165130.jpg,https://cardguide.fandom.com/wiki/Sunfire_-_Solar_Flare_(XMOP),,Sunspot (Shiro Yoshida),FG,"Acts as a level 3 Fighting attack. If not successful, Opponent is -1 to Venture.",,Cost/Effect: Fighting 3,Normal,Common,,,Marvel Comics; Attack Special;,,Special
Taskmaster - Weapons Master,Taskmasterweaponsmaster-XMOP_cb20231001184500.jpg,https://cardguide.fandom.com/wiki/Taskmaster_-_Weapons_Master_(XMOP),,Taskmaster (Tony Masters),NJ,Acts as a level 4 Fighting or Intellect attack. Attack not affected by Special cards already in play.,,Cost/Effect: Fighting 4; Intellect 4,Normal,Common,,,Marvel Comics; Attack Special;,,Special
The Danger Room - Holographic Attackers,Thedangerroomholographicattackers-XMOP_cb20220923162141.jpg,https://cardguide.fandom.com/wiki/The_Danger_Room_-_Holographic_Attackers_(XMOP),,"Professor X, Jubilee",A3,"For remainder of game, The Danger Room team's attacks made with Power cards may not be defended by Opponent's team's Special cards already in play. One Per Deck",,Cost/Effect: -,Normal,Rare,,,,Shadows on part of game text rule are missing.,Aspect
The Hellfire Club - Von Roehm,Thehellfireclubvonroehm-XMOP_cb20231001185938.jpg,https://cardguide.fandom.com/wiki/The_Hellfire_Club_-_Von_Roehm_(XMOP),,Black Rook (Friedrich von Roehm),MB,"Acts as a level 6 Any-Power attack. If successful, Target Character is KO'd by next level 2 Strength Power card Hit, regardless of Inherent Abilities and other Special cards. One Per Deck",,Cost/Effect: Any-Power 6,Normal,Rare,,,Marvel Comics; Attack Special; One Per Deck,,Special
The Outback - Pirate Technology,Theoutbackpiratetechnology-XMOP_cb20220923165031.jpg,https://cardguide.fandom.com/wiki/The_Outback_-_Pirate_Technology_(XMOP),,unknown,A5,The Outback's team Basic Universe cards used to attack count toward Damage and Venture Total for remainder of game. One Per Deck,,Cost/Effect: -,Normal,Uncommon,,,,,Aspect
Acolytes - Amelia Voght,Acolytesameliavoght-XMOP_cb20231001185244.jpg,https://cardguide.fandom.com/wiki/The_Acolytes_-_Amelia_Voght_(XMOP),,Amelia Voght,HK,Target Character must make as many attacks as possible. Acolytes' team my defend.,,Cost/Effect: -,Normal,Common,,,Marvel Comics;,,Special
Morlocks - Run from Slaughter,Morlocksrunfromslaughter-XMOP_cb20231001191515.jpg,https://cardguide.fandom.com/wiki/The_Morlocks_-_Run_from_Slaughter_(XMOP),,Unknowns,AL,Remove 1 Hit from Morlock's or teammate's Permanent Record or Hits from Current Battle.,,Cost/Effect: -,Normal,Common,,,Marvel Comics; Teammate-related,,Special
Marauders - Prism,Maraudersprism-XMOP_cb20231001190534.jpg,https://cardguide.fandom.com/wiki/The_Marauders_-_Prism_(XMOP),,"Prism (Robbie), unknown",KB,"Acts as a level 7 Strength attack. If successful, acts as a level 3 Energy Hit. Hit goes on Permanent Record. Does not count towards Venture Total.",,Cost/Effect: Strength 7; Energy 3,Normal,Common,,,Marvel Comics; Attack Special;,,Special
The Princess Bar - Identity Swap,Theprincessbaridentityswap-XMOP_cb20220923165329.jpg,https://cardguide.fandom.com/wiki/The_Princess_Bar_-_Identity_Swap_(XMOP),,"Kitty Pride, Wolverine",B7,Switch entire Permanent Record of any of The Princess Bar's Front Line Characters with Permanent Record of any Front Line teammate.,,Cost/Effect: -,Normal,Common,,,,,Aspect
Reavers - Cybernetic Rebirth,Reaverscyberneticrebirth-XMOP_cb20231001192643.jpg,https://cardguide.fandom.com/wiki/The_Reavers_-_Cybernetic_Rebirth_(XMOP),,Lady Deathstrike (Yuriko Oyama),LG,"Play during battle. In the battle that Reavers are KO'd, Reavers may continue to fight and are not discarded until the end of the battle.",,Cost/Effect: -,Normal,Uncommon,,,Marvel Comics,,Special
Shi'ar - Fang,Shiarfang-XMOP_cb20231001193300.jpg,https://cardguide.fandom.com/wiki/The_Shi%27ar_-_Fang_(XMOP),,Fang II (Nev-Darr),JW,Acts as a level 5 Strength attack. Attack may not be defended with a Special card.,,Cost/Effect: Strength 5,Normal,Common,,,Marvel Comics; Attack Special,,Special
The Siege Perilous,Thesiegeperilous-XMOP_cb20220828181023.jpg,https://cardguide.fandom.com/wiki/The_Siege_Perilous_(XMOP),,Roma,,"Teammate may discard 3 cards from top of Draw Pile after Draw Phase, before Events are played, each battle to remove any Hit from Permanent Record.",,Cost/Effect: 6 Intellect and Teammate with 5 Intellect or less to use,Normal,Uncommon,,Artifact,,,Tactic
Thunderbird,Thunderbird-XMOP_cb20220925121402.jpg,https://cardguide.fandom.com/wiki/Thunderbird_(XMOP),,Thunderbird (John Proudstar),,-,,Energy 2Fighting 6Strength 7Intellect 3,Normal,Uncommon,,,,,Character
Starjammers - Majestrix Lilandra,Starjammersmajestrixlilandra-XMOP_cb20231001193659.jpg,https://cardguide.fandom.com/wiki/The_Starjammers_-_Majestrix_Lilandra_(XMOP),,Majestrix Lilandra (Lilandra Neramani),KB,"Acts as a level 2 Intellect attack. If successful, acts as a level 8 Intellect Hit. Hit goes on Target Character's Permanent Record. Does not count for Venture Total.",,Cost/Effect: Intellect 2; Intellect 8,Normal,Common,,,Marvel Comics; Attack Special;,,Special
Thunderbird - Ultimate Sacrifice,Thunderbirdultimatesacrifice-XMOP_cb20231228163647.jpg,https://cardguide.fandom.com/wiki/Thunderbird_-_Ultimate_Sacrifice_(XMOP),,Thunderbird (John Proudstar),NQ,Move any 1 Hit from teammate to Thunderbird. Repeat until Thunderbird is KO'd or all Hits are on Thunderbird. Does not affect Venture Total. May be played from Reserve. One Per Deck,,Cost/Effect: -,Normal,Rare,,,Marvel Comics; Teammate-related; One Per Deck,,Special
Typhoid Mary - Bloody Mary,Typhoidmarybloodymary-XMOP_cb20231228164512.jpg,https://cardguide.fandom.com/wiki/Typhoid_Mary_-_Bloody_Mary_(XMOP),,Typhoid Mary (Mary Walker),BL,Play when Opponent concedes battle. Opponent may not concede battle. One Per Deck,,Cost/Effect: -,Normal,Rare,,,Marvel Comics; One Per Deck,,Special
Thunderbird - Keen Senses,Thunderbirdkeensenses-XMOP_cb20231228163036.jpg,https://cardguide.fandom.com/wiki/Thunderbird_-_Keen_Senses_(XMOP),,Thunderbird (John Proudstar),LO,Avoid 1 attack with a Fighting icon. Thunderbird may draw 1 card from the top of the Draw Pile. Discard duplicates.,,Cost/Effect: -,Normal,Common,,,Marvel Comics,,Special
Thunderbird - Apache Warrior,Thunderbirdapachewarrior-XMOP_cb20231001194538.jpg,https://cardguide.fandom.com/wiki/Thunderbird_-_Apache_Warrior_(XMOP),,Thunderbird (John Proudstar),NK,"Acts as a level 3 Fighting attack. If attack is defended, Thunderbird may draw 1 card from top of Draw Pile. Discard duplicates",,Cost/Effect: Fighting 3,Normal,Common,,,Marvel Comics; Attack Special;,,Special
Thunderbird - Cellular Density,Thunderbirdcellulardensity-XMOP_cb20231001194946.jpg,https://cardguide.fandom.com/wiki/Thunderbird_-_Cellular_Density_(XMOP),,Thunderbird (John Proudstar),FH,"Acts as a level 2 Strength attack. If successful, remove all Strength Power card Hits from Thunderbird and teammate's Permanent Record and Hits from Current Battle.",,Cost/Effect: Strength 2,Normal,Common,,,Marvel Comics; Attack Special; Teammate-related,,Special
Trish Tilby,Trishtilby-XMOP_cb20220728123004.jpg,https://cardguide.fandom.com/wiki/Trish_Tilby_(XMOP),,"Deathbird, Trish Tilby",,Teammate must play one Special card.,,Cost/Effect: 6 Any-Power to use Acts as 1 Intellect attack,Normal,Common,,Ally,,,Universe
Typhoid Mary,Typhoidmary-XMOP_cb20220925121641.jpg,https://cardguide.fandom.com/wiki/Typhoid_Mary_(XMOP),,Typhoid Mary,,Attacks made with Fighting Power cards may not be moved or shifted from Target Character.,,Energy 5Fighting 7Strength 3Intellect 2,Normal,Uncommon,,,,,Character
Typhoid Mary - Assassinate,Typhoidmaryassassinate-XMOP_cb20231228164137.jpg,https://cardguide.fandom.com/wiki/Typhoid_Mary_-_Assassinate_(XMOP),,Typhoid Mary (Mary Walker),N0,"Acts as a level 2 Fighting attack. If successful, attack made on Target Character may not be moved to any of Target's teammates for remainder of game.",,Cost/Effect: Fighting 2,Normal,Common,,,Marvel Comics; Attack Specials; Teammate-related; Remainder of game-related,,Special
Wolverine: Age of Apocalypse,Wolverineageofapocalypse-XMOP_cb20220925121955.jpg,https://cardguide.fandom.com/wiki/Wolverine:_Age_of_Apocalypse_(XMOP),,Wolverine,,-,,Energy 2Fighting 8Strength 4Intellect 5,Normal,Rare,,,,,Character
Typhoid Mary - Sociopath,Typhoidmarysociopath-XMOP_cb20231228172051.jpg,https://cardguide.fandom.com/wiki/Typhoid_Mary_-_Sociopath_(XMOP),,Typhoid Mary (Mary Walker),NU,Acts as a level 0 Intellect attack. May only be defended using a Power card with a Value of 5 or greater.,,Cost/Effect: Intellect 0,Normal,Common,,,Marvel Comics; Attack Specials,,Special
X-Babies - Li'l Phoenix,Xbabieslilphoenix-XMOP_cb20231228172322.jpg,https://cardguide.fandom.com/wiki/X-Babies_-_Li%27l_Phoenix_(XMOP),,Marvel Girl (Jean Grey),CC,Acts as a level 7 Any-Power card. May be used to attack or defend. May not be combined with Universe cards.,,Cost/Effect: Any-Power 7,Normal,Common,,,Marvel Comics; Attack Specials,,Special
X-Man - Apocalyptic Survival,Xmanapocalypticsurvival-XMOP_cb20231228172659.jpg,https://cardguide.fandom.com/wiki/X-Man_-_Apocalyptic_Survival_(XMOP),,X-Man (Nathaniel Grey),GJ,"Acts as a level 5 Energy, Fighting, Strength, or Intellect attack. May make 1 additional attack.",,"Cost/Effect: Energy 4, Strength 4, Fighting 4, Intellect 4",Normal,Common,,,Marvel Comics; Attack Specials,,Special
X-Man,Xman-XMOP_cb20220925122202.jpg,https://cardguide.fandom.com/wiki/X-Man_(XMOP),,X-Man,,-,,Energy 8Fighting 3Strength 3Intellect 3,Normal,Rare,,,,,Character
Thunderbird - Powerhouse,Thunderbirdpowerhouse-XMOP_cb20231228163330.jpg,https://cardguide.fandom.com/wiki/Thunderbird_-_Powerhouse_(XMOP),,Thunderbird (John Proudstar),JW,Acts as a level 5 Energy attack. Attack may not be defended with a Special card.,,Cost/Effect: Energy 5,Normal,Common,,,"Marvel Comics, Attack Specials",,Special
Typhoid Mary - Dressed to Kill,Typhoidmarydressedtokill-XMOP_cb20231228171348.jpg,https://cardguide.fandom.com/wiki/Typhoid_Mary_-_Dressed_to_Kill_(XMOP),,Typhoid Mary (Mary Walker),HR,Acts as a level 9 Fighting or Intellect attack. One Per Deck,,Cost/Effect: Fighting 9; Intellect 9,Normal,Rare,,,Marvel Comics; Attack Specials; One Per Deck,,Special
Wundagore Mountain - The Knights of Wundagore,Wundagoremountain-XMOP_cb20220923191508.jpg,https://cardguide.fandom.com/wiki/Wundagore_Mountain_-_The_Knights_of_Wundagore_(XMOP),,"unknown, Lord Gator, Sir Ram, Lord Tygar, Lady Ursula",A8,Acts as a level 7 Any-Power card. May be used to attack or defend. May not be combined with Universe cards.,,Cost/Effect: Any-Power 7,Normal,Common,,,,,Aspect
X-Man - Illusory Reality,Xmanillusoryreality-XMOP_cb20231228173124.jpg,https://cardguide.fandom.com/wiki/X-Man_-_Illusory_Reality_(XMOP),,X-Man (Nathaniel Grey),CW,Avoid 1 attack. May not be attacked for remainder of battle. One Per Deck,,Cost/Effect: -,Normal,Rare,,,Marvel Comics; Remainder of battle-related; One Per Deck,,Special
X-Man - Street Prophet,Xmanstreetprophet-XMOP_cb20231228174059.jpg,https://cardguide.fandom.com/wiki/X-Man_-_Street_Prophet_(XMOP),,X-Man (Nathaniel Grey),EE,Avoid 1 attack made with a Power card or remove 1 Power card Hit from X-Man or teammate.,,Cost/Effect: -,Normal,Uncommon,,,Marvel Comics; Teammate-related,,Special
X-Men: Original Team - Angel,Xmenoriginalteamangel-XMOP_cb20231228174919.jpg,https://cardguide.fandom.com/wiki/X-Men:_Original_Team_-_Angel_(XMOP),,Angel (Warren Worthington III); Beast (Hank McCoy),AD,Teammate may avoid 1 attack.,,Cost/Effect: -,Normal,Common,,,Marvel Comics; Teammate-related,,Special
X-Man - Sinister Creation,Xmansinistercreation-XMOP_cb20231228173431.jpg,https://cardguide.fandom.com/wiki/X-Man_-_Sinister_Creation_(XMOP),,Mister Sinister (Nathaniel Essex),FF,X-Man Hits to KO is reduced by 5 points and Energy Power cards are +3 for remainder of battle.,,Cost/Effect: -,Normal,Common,,,Marvel Comics; Remainder of battle-related,,Special
X-Mansion - Mutant Schooling,Xmansionmutantschooling-XMOP_cb20220923192346.jpg,https://cardguide.fandom.com/wiki/X-Mansion_-_Mutant_Schooling_(XMOP),,"Iceman, Kitty Pryde, Sunspot, Karma, Magik, Cannonball, Magma, Warlock",B2,"For remainder of game, X-Mansion's team may draw 1 card from top of Draw Pile immediately after playing any Tactic: Doubleshot cards. Discard if duplicate. One Per Deck",,Cost/Effect: -,Normal,Uncommon,,,,,Aspect
X-Men - Ultimate Potential,Xmanultimatepotential-XMOP_cb20231228174506.jpg,https://cardguide.fandom.com/wiki/X-Man_-_Ultimate_Potential_(XMOP),,X-Man (Nathaniel Grey),MC,"Acts as a level 11 Energy, Fighting, or Strength attack. X-Man's team may not attack for remainder of battle. One Per Deck",,"Cost/Effect: Energy 11, Strength 11, Fighting 11",Normal,Rare,,,Marvel Comics; Attack Specials; Remainder of battle-related; One Per Deck,,Special
Typhoid Mary - Fractured Personality,Typhoidmaryfracturedpersonality-XMOP_cb20231228171702.jpg,https://cardguide.fandom.com/wiki/Typhoid_Mary_-_Fractured_Personality_(XMOP),,Typhoid Mary (Mary Walker),JW,Acts as a level 5 Intellect attack. Attack may not be defended with a Special card.,,Cost/Effect: Intellect 5,Normal,Common,,,Marvel Comics; Attack Specials,,Special
X-Men: Original Team,Xmenoriginalteam-XMOP_cb20220925122439.jpg,https://cardguide.fandom.com/wiki/X-Men:_Original_Team_(XMOP),,"Iceman, Angel, Beast, Marvel Girl, Cyclops",,"May play any ""Professor X"" One-Per-Deck Special cards.",,Energy 7Fighting 2Strength 4Intellect 5,Normal,Uncommon,,,,,Character
X-Men: Original Team - Cyclops,Xmenoriginalteamcyclops-XMOP_cb20231228180258.jpg,https://cardguide.fandom.com/wiki/X-Men:_Original_Team_-_Cyclops_(XMOP),,Cyclops (Scott Summers),MA,Acts as a level 5 Energy or Fighting attack. May not be defended by a card from a Battlesite.,,"Cost/Effect: Energy 5, Fighting 5",Normal,Common,,,Marvel Comics; Attack Specials,,Special
X-Men: Original Team - Beast,Xmenoriginalteambeast-XMOP_cb20231228175623.jpg,https://cardguide.fandom.com/wiki/X-Men:_Original_Team_-_Beast_(XMOP),,Beast (Hank McCoy),NV,"Acts as a level 5 Strength attack. If successful, Target Character may not play Activator cards for remainder of battle.",,Cost/Effect: Strength 5,Normal,Uncommon,,,Marvel Comics; Remainder of battle-related,,Special
X-Men: Original Team - Iceman,Xmenoriginalteamiceman-XMOP_cb20231228180842.jpg,https://cardguide.fandom.com/wiki/X-Men:_Original_Team_-_Iceman_(XMOP),,Iceman (Bobby Drake),FG,"Acts as a level 3 Strength attack. If not successful, Opponent is -1 to Venture",,Cost/Effect: Strength 3,Normal,Common,,,Marvel Comics; Attack Specials,,Special
X-World - Parallel Dimensions,Xworldparalleldimension-XMOP_cb20220923192929.jpg,https://cardguide.fandom.com/wiki/X-World_-_Parallel_Dimension_(XMOP),,"Gambit, Quicksilver",B8,Play during battle to exchange any of X-World's Front Line Characters with KO'd teammate. Discard all Hits to Permanent Record and Placed cards. One Per Deck,,Cost/Effect: -,Normal,Uncommon,,,,,Aspect
Xaos,Xaos-XMOP_cb20220925122819.jpg,https://cardguide.fandom.com/wiki/Xaos_(XMOP),,Xaos (Daniel Dash),,Draw 1 card when Xaos' teammate is KO'd.,,Energy 7Fighting 4Strength 4Intellect 1,Normal,Uncommon,,,,,Character
X-Men: Original Team - Marvel Girl,Xmenoriginalteammarvelgirl-XMOP_cb20231228181045.jpg,https://cardguide.fandom.com/wiki/X-Men:_Original_Team_-_Marvel_Girl_(XMOP),,Marvel Girl (Jean Grey),EN,Play on your turn to concede battle. X-Men: Original Team's Mission cards return to pile Ventured from. Opponent's Mission cards advance as normal. One Per Deck,,Cost/Effect: -,Normal,Rare,,,Marvel Comics; One Per Deck,,Special
X-world,Xworld-XMOP_cb20221007141413.jpg,https://cardguide.fandom.com/wiki/X-World_(XMOP),Havok Goblyn Queen Iceman Beast Angel Storm,unknowns,,X-World's Power card attacks are not affected by Special cards already in play.,,,Normal,Uncommon,,,,,Location
Xaos - Autistic Withdrawal,Xaosautisticwithdrawal-XMOP_cb20231228181445.jpg,https://cardguide.fandom.com/wiki/Xaos_-_Autistic_Withdrawal_(XMOP),,Xaos (Daniel Dash),HK,Target Character must make as many attacks as possible. Xaos' team may defend,,Cost/Effect: -,Normal,Common,,,Marvel Comics; Attack Specials,,Special
Xaos - Chaos Burst,Xaoschaosburst-XMOP_cb20231228195438.jpg,https://cardguide.fandom.com/wiki/Xaos_-_Chaos_Burst_(XMOP),,Xaos (Daniel Dash),NI,"Acts as a level 5 Strength attack. If successful, Opponent must discard all Activator cards from Hand.",,Cost/Effect: Strength 5,Normal,Uncommon,,,Marvel Comics; Attack Specials,,Special
Xaos - Protective Instinct,Xaosprotectiveinstinct-XMOP_cb20231228195949.jpg,https://cardguide.fandom.com/wiki/Xaos_-_Protective_Instinct_(XMOP),,Xaos (Daniel Dash),AD,Xaos or teammate may avoid 1 attack of 9 or less.,,Cost/Effect: -,Normal,Common,,,Marvel Comics; Teammate-related,,Special
Xaos - Fractal Plasma,Xaosfractalplasma-XMOP_cb20231228195755.jpg,https://cardguide.fandom.com/wiki/Xaos_-_Fractal_Plasma_(XMOP),,Xaos (Daniel Dash),AB,Acts as a level 5 Energy attack. May make 1 additional attack.,,Cost/Effect: Energy 5,Normal,Common,,,Marvel Comics; Attack Specials,,Special
Xaos - The Evil Eye,Xaostheevileye-XMOP_cb20231228200157.jpg,https://cardguide.fandom.com/wiki/Xaos_-_The_Evil_Eye_(XMOP),,Xaos (Daniel Dash),AN,"Acts as a level 4 Energy, Fighting or Strength attack. May be used against Character in Reserve, who may defend.",,"Cost/Effect: Energy 4, Strength 4, Fighting 4",Normal,Common,,,Marvel Comics; Attack Specials,,Special
