Name,ImageName,PageURL,Character,Character List,Characters,Control,Flavor Text,Game Text,Illustrator,Numbers,Printing,Rarity,Subtype,Traits,Type
1 MultiPower,1multipower-IMOP_cb20211215204022.jpg,https://cardguide.fandom.com/wiki/1_MultiPower_(IMOP),,,"Valaria, Janus (Image Comics)",,,-,,,Normal,Common,,,Power
2 Intellect,2intellect-IMOP_cb20211215150234.jpg,https://cardguide.fandom.com/wiki/2_Intellect_(IMOP),,,Violator,,,-,,,Normal,Common,,,Power
2 Energy,2energy-IMOP_cb20211215131348.jpg,https://cardguide.fandom.com/wiki/2_Energy_(IMOP),,,Jamie Forester,,,-,,,Normal,Common,,,Power
1 Intellect,1intellect-IMOP_cb20211215145824.jpg,https://cardguide.fandom.com/wiki/1_Intellect_(IMOP),,,Grunge,,,-,,,Normal,Common,,,Power
1 Strength,1strength-IMOP_cb20211218121708.jpg,https://cardguide.fandom.com/wiki/1_Strength_(IMOP),,,Twitch Williams,,,-,,,Normal,Common,,,Power
1 Energy,1energy-IMOP_cb20211215130524.jpg,https://cardguide.fandom.com/wiki/1_Energy_(IMOP),,,Harry Houdini,,,-,,,Normal,Common,,,Power
2 Fighting,2fighting-IMOP_cb20211215143347.jpg,https://cardguide.fandom.com/wiki/2_Fighting_(IMOP),,,Curse,,,-,,,Normal,Common,,,Power
2 MultiPower,2multipower-IMOP_cb20211215204535.jpg,https://cardguide.fandom.com/wiki/2_MultiPower_(IMOP),,,Threshold,,,-,,,Normal,Common,,,Power
2 Strength,2strength-IMOP_cb20211218122235.jpg,https://cardguide.fandom.com/wiki/2_Strength_(IMOP),,,Rapture,,,-,,,Normal,Common,,,Power
3 Fighting,3fighting-IMOP_cb20211215143644.jpg,https://cardguide.fandom.com/wiki/3_Fighting_(IMOP),,,ShadowHawk,,,-,,,Normal,Common,,,Power
3 Energy,3energy-IMOP_cb20211215131658.jpg,https://cardguide.fandom.com/wiki/3_Energy_(IMOP),,,Ian Nottingham,,,-,,,Normal,Common,,,Power
4 Energy,4energy-IMOP_cb20211215131931.jpg,https://cardguide.fandom.com/wiki/4_Energy_(IMOP),,,Rainmaker,,,-,,,Normal,Common,,,Power
3 Intellect,3intellect-IMOP_cb20211215150357.jpg,https://cardguide.fandom.com/wiki/3_Intellect_(IMOP),,,Killrazor,,,-,,,Normal,Common,,,Power
1 Fighting,1fighting-IMOP_cb20211215132207.jpg,https://cardguide.fandom.com/wiki/1_Fighting_(IMOP),,,Clown,,,-,,,Normal,Common,,,Power
3 MultiPower,3multipower-IMOP_cb20211215205041.jpg,https://cardguide.fandom.com/wiki/3_MultiPower_(IMOP),,,Sara Pezzini,,,-,,,Normal,Common,,,Power
3 Strength,3strength-IMOP_cb20211218122420.jpg,https://cardguide.fandom.com/wiki/3_Strength_(IMOP),,,Freefall,,,-,,,Normal,Common,,,Power
4 Fighting,4fighting-IMOP_cb20211215143959.jpg,https://cardguide.fandom.com/wiki/4_Fighting_(IMOP),,,Spawn,,,-,,,Normal,Common,,,Power
4 Intellect,4intellect-IMOP_cb20211215150803.jpg,https://cardguide.fandom.com/wiki/4_Intellect_(IMOP),,,Grifter,,,-,,,Normal,Common,,,Power
4 Strength,4strength-IMOP_cb20211218122611.jpg,https://cardguide.fandom.com/wiki/4_Strength_(IMOP),,,Tremor (Image Comics),,,-,,,Normal,Common,,,Power
4 MultiPower,4multipower-IMOP_cb20211215205226.jpg,https://cardguide.fandom.com/wiki/4_MultiPower_(IMOP),,,Spartan,,,-,,,Normal,Common,,,Power
5 MultiPower,5multipower-IMOP_cb20211215205459.jpg,https://cardguide.fandom.com/wiki/5_MultiPower_(IMOP),,,Tiffany,,,One Per Deck,,,Normal,Very Rare,,,Power
6 Energy Intellect/Strength +1 +2,FandomFireLogo_cb20210713142711.png,https://cardguide.fandom.com/wiki/6_Energy_Intellect/Strength_%2B1_%2B2_(IMOP),,,Spawn; Nicholas Cogliostro; Zeus,,,-,,Cost/Effect: 6 Energy to use acts as 6 Energy attackor +1 Intellect to 1st teammate acts as +2 Strength to 2nd teammateor +1 Strength to 1st teammate acts as +2 Intellect to 2nd teammate,Normal,Common,Teamwork,,Universe
5 Strength,5strength-IMOP_cb20211218122836.jpg,https://cardguide.fandom.com/wiki/5_Strength_(IMOP),,,Ripclaw,,,-,,,Normal,Common,,,Power
5 Intellect,5intellect-IMOP_cb20211215161034.jpg,https://cardguide.fandom.com/wiki/5_Intellect_(IMOP),,,Fairchild,,,-,,,Normal,Common,,,Power
5 Energy,5energy-IMOP_cb20211215142436.jpg,https://cardguide.fandom.com/wiki/5_Energy_(IMOP),,,Backlash (Marc Slayton),,,-,,,Normal,Common,,,Power
6 Fighting Energy/Stength +1 +2,FandomFireLogo_cb20210713142711.png,https://cardguide.fandom.com/wiki/6_Fighting_Strength/Energy_%2B1_%2B2_(IMOP),,,"Cyblade, Huntsman, Stryker (Image Comics)",,,-,,Cost/Effect: 6 Fighting to use acts as 6 Fighting attack or +1 Strength to 1st teammate acts as +2 Energy to 2nd teammate or +1 Energy to 1st teammate acts as +2 Strenght to 2nd teammate,Normal,Common,Teamwork,,Universe
6 Energy,6energy-IMOP_cb20211215142656.jpg,https://cardguide.fandom.com/wiki/6_Energy_(IMOP),,,Fahrenheit,,,-,,,Normal,Common,,,Power
5 Fighting,5fighting-IMOP_cb20211215144243.jpg,https://cardguide.fandom.com/wiki/5_Fighting_(IMOP),,,She-Dragon,,,-,,,Normal,Common,,,Power
6 Intellect,6intellect-IMOP_cb20211215161222.jpg,https://cardguide.fandom.com/wiki/6_Intellect_(IMOP),,,Ordnance,,,-,,,Normal,Common,,,Power
6 Energy Intellect/Strength +1 +2,FandomFireLogo_cb20210713142711.png,https://cardguide.fandom.com/wiki/6_Intellect_Energy/Fighting_%2B1_%2B2_(IMOP),,,"Ricochet, Barbaric, Dart, SuperPatriot",,,-,,Cost/Effect: 6 Intellect to use acts as 6 Intellect attack or +1 Fighting to 1st teammate acts as +2 Energy to 2nd teammate or +1 Energy to 1st teammate acts as +2 Fighting to 2nd teammate,Normal,Common,Teamwork,,Universe
6 Fighting,6fighting-IMOP_cb20211215145115.jpg,https://cardguide.fandom.com/wiki/6_Fighting_(IMOP),,,"Black Anvil, unknown",,,-,,,Normal,Common,,,Power
6 Strength Fighting/Intellect +1+2,FandomFireLogo_cb20210713142711.png,https://cardguide.fandom.com/wiki/6_Strength_Fighting/Intellect_%2B1_%2B2_(IMOP),,,"Burnout, Ethan York, Caitlin Fairchild",,,-,,Cost/Effect: 6 Strength to use acts as 6 Strength attackor +1 Intellect to 1st teammate acts as +2 Fighting to 2nd teammateor +1 Fighting to 1st teammate acts as +2 Intellect to 2nd teammate,Normal,Common,Teamwork,,Universe
7 Energy,7energy-IMOP_cb20211215142912.jpg,https://cardguide.fandom.com/wiki/7_Energy_(IMOP),,,Misery,,,-,,,Normal,Common,,,Power
7 Fighting,7fighting-IMOP_cb20211215145444.jpg,https://cardguide.fandom.com/wiki/7_Fighting_(IMOP),,,Mr. Majestic,,,-,,,Normal,Common,,,Power
7 Strength,7strength-IMOP_cb20211218184804.jpg,https://cardguide.fandom.com/wiki/7_Strength_(IMOP),,,Overtkill,,,-,,,Normal,Common,,,Power
7 Intellect,7intellect-IMOP_cb20211215203451.jpg,https://cardguide.fandom.com/wiki/7_Intellect_(IMOP),,,Jason Wynn,,,-,,,Normal,Common,,,Power
8 Any Power,8anypower-IMOP_cb20211215131050.jpg,https://cardguide.fandom.com/wiki/8_Any_Power_(IMOP),,,Union,,,Does not count for Spectrum KO. One Per Deck,,,Normal,Very Rare,,,Power
Any Character - Massive Muscles,Anycharactermassivemuscles-IMOP_cb20211218190132.jpg,https://cardguide.fandom.com/wiki/Any_Character_-_Massive_Muscles_(IMOP),,,ShadowHawk,AG,,"Acts as a level 7 Strength attack. Counts as a duplicate of all ""Any Hero/Character"" AR Special Cards. One Per Deck",,Cost/Effect: Strength 7,Normal,Rare,,,Special
6 Strength,6strength-IMOP_cb20211218184547.jpg,https://cardguide.fandom.com/wiki/6_Strength_(IMOP),,,Stryker (Image Comics),,,-,,,Normal,Common,,,Power
Backlash,Backlash-IMOP_cb20211112190228.jpg,https://cardguide.fandom.com/wiki/Backlash_(IMOP),,,Backlash (Marc Slayton),,,Counts as 18 points for Tournament Deckbuilding.,,Energy 5Fighting 6Strength 5Intellect 6,Normal,Common,,"Image Comics, Male",Character
Any Character - Super Speed,Anycharactersuperspeed-IMOP_cb20211218190408.jpg,https://cardguide.fandom.com/wiki/Any_Character_-_Super_Speed_(IMOP),,,Velocity,AA,,"Acts as a level 4 Fighting attack. May make 1 additional attack. Counts as a duplicate of all ""Any Hero/Character"" AA Special Cards. One Per Deck",,Cost/Effect: Fighting 4,Normal,Rare,,,Special
Backlash - Altered Physiology,Backlashalteredphysiology-IMOP_cb20211218190844.jpg,https://cardguide.fandom.com/wiki/Backlash_-_Altered_Physiology_(IMOP),,,Backlash,AG,,Avoid 1 attack.,,Cost/Effect: -,Normal,Common,,,Special
8 Intellect,8intellect-IMOP_cb20211215203730.jpg,https://cardguide.fandom.com/wiki/8_Intellect_(IMOP),,,Malebolgia,,,-,,,Normal,Common,,,Power
8 Energy,8energy-IMOP_cb20211215143056.jpg,https://cardguide.fandom.com/wiki/8_Energy_(IMOP),,,Redeemer,,,-,,,Normal,Common,,,Power
8 Fighting,8fighting-IMOP_cb20211215145649.jpg,https://cardguide.fandom.com/wiki/8_Fighting_(IMOP),,,Zealot,,,-,,,Normal,Common,,,Power
Black King,Brass-P_cb20160915095219.jpg,https://cardguide.fandom.com/wiki/Brass_(P),Brass (Hershel Goldstein),,,,,,,Energy 7Fighting 5Strength 6Intellect 3,Chromium,Promo,,,Character
Any Character - Flight,Anycharacterflight-IMOP_cb20211218185536.jpg,https://cardguide.fandom.com/wiki/Any_Character_-_Flight_(IMOP),,,Angelus (Image Comics),AG,,"Avoid 1 attack. Counts as a duplicate of all ""Any Hero/Character"" AG Special Cards. One Per Deck",,Cost/Effect: -,Normal,Rare,,,Special
8 Strength,8strength-IMOP_cb20211218185031.jpg,https://cardguide.fandom.com/wiki/8_Strength_(IMOP),,,Cy-Gor,,,-,,,Normal,Common,,,Power
Backlash - Combat Agility,Backlashcombatagility-IMOP_cb20211218191029.jpg,https://cardguide.fandom.com/wiki/Backlash_-_Combat_Agility_(IMOP),,,"3 unknowns, Backlash",AE,,"Acts as a level 4 Any-Power attack, may combine with 1 Energy, Fighting, Strength, or Intellect Power card for a single attack.",,Cost/Effect: Any-Power 4,Normal,Uncommon,,,Special
Brass - Armored Powerhouse,Brassarmoredpowerhouse-IMOP_cb20211218195015.jpg,https://cardguide.fandom.com/wiki/Brass_-_Armored_Powerhouse_(IMOP),,,Brass,MB,,"Acts as level 6 Any-Power attack. If successful, Target Character is KO'd by next level 2 Energy Power Card Hit, regarless of Inherent Abilities and other Special cards. One Per Deck",,Cost/Effect: Any-Power 6,Normal,Rare,,,Special
Backlash - Psi-Whips,Backlashpsiwhips-IMOP_cb20211218191743.jpg,https://cardguide.fandom.com/wiki/Backlash_-_Psi-Whips_(IMOP),,,Backlash,LQ,,"Acts as a level 4 Intellect attack. If successful, may make 1 additional Intellect attack against same Character. Additional attack may not be defended. One Per Deck",,Cost/Effect: Intellect 4,Normal,Rare,,,Special
Backlash - Mist Body,Backlashmistbody-IMOP_cb20211218191511.jpg,https://cardguide.fandom.com/wiki/Backlash_-_Mist_Body_(IMOP),,,Backlash,MM,,Play during battle. All Hits in Backlash's Hits from Current Battle do not count for Venture Total and are subtracted from Opponent's Venture Total. One Per Deck,,Cost/Effect: -,Normal,Rare,,,Special
Backlash - Government Trooper,Backlashgovernmenttrooper-IMOP_cb20211218191303.jpg,https://cardguide.fandom.com/wiki/Backlash_-_Government_Trooper_(IMOP),,,Backlash,LT,,"Acts as a level 3 Strength attack, +1 for each Mission card in Backlash's Defeated Missions Pile.",,Cost/Effect: Strength 3,Normal,Uncommon,,,Special
Chip,Chip-IMOP_cb20211107173619.jpg,https://cardguide.fandom.com/wiki/Chip_(IMOP),,,Chip McNally,,,Teammate must play 1 Special card.,,Cost/Effect: 6 Intellect to useActs as 1 Intellect attack,Normal,Common,Ally,,Universe
Backlash - Team 7,Backlashteam7-IMOP_cb20211218194616.jpg,https://cardguide.fandom.com/wiki/Backlash_-_Team_7_(IMOP),,,"Deathblow, Grifter, Backlash",MA,,Acts as a level 5 Fighting or Strength attack. May not be defended by a card from a Battlesite.,,Cost/Effect: Fighting 5; Strength 5,Normal,Uncommon,,,Special
Brass - Computer Tracking,Brasscomputertracking-IMOP_cb20211218195402.jpg,https://cardguide.fandom.com/wiki/Brass_-_Computer_Tracking_(IMOP),,,Brass,MI,,"Play on Target Character as an attack. Attacks made on Target Character, including ""Computer Tracking,"" may not be moved to any of Target's teammates for remainder of game.",,Cost/Effect: -,Normal,Uncommon,,,Special
Christina Reid,Christinareid-IMOP_cb20211112162346.jpg,https://cardguide.fandom.com/wiki/Christina_Reid_(IMOP),,,"Christina Reid, ShadowHawk (robot)",,,Teammate must play 1 Special card.,,Cost/Effect: 5 Intellect or less to useActs as 3 Intellect attack,Normal,Common,Ally,,Universe
Daemonite Voodoo™,Daemonitevoodoo-P_cb20160916205002.jpg,https://cardguide.fandom.com/wiki/Daemonite_Voodoo_(P),Voodoo (Priscilla Kitaen),,,,,May play any Voodoo Special Cards.,,Energy 3Fighting 6Strength 7Intellect 2,Chromium,Promo,,,Character
Curse,Curse-IMOP_cb20211112191253.jpg,https://cardguide.fandom.com/wiki/Curse_(IMOP),,,The Curse,,,May attack the Reserve with Strength Power cards.,,Energy 3Fighting 5Strength 4Intellect 6,Normal,Common,,,Character
Cog,Cog-IMOP_cb20211112170444.jpg,https://cardguide.fandom.com/wiki/Cog_(IMOP),,,Cogliostro,,,Teammate must play 1 Special card.,,Cost/Effect: 6 Energy to useActs as 1 Energy attack,Normal,Common,Ally,,Universe
Curse - Exoskeleton,Curseexoskeleton-IMOP_cb20211218200542.jpg,https://cardguide.fandom.com/wiki/Curse_-_Exoskeleton_(IMOP),,,The Curse,AG,,Avoid 1 attack.,,Cost/Effect: -,Normal,Common,,,Special
Curse - Brutal Dissection,Cursebrutaldissection-IMOP_cb20211218200304.jpg,https://cardguide.fandom.com/wiki/Curse_-_Brutal_Dissection_(IMOP),,,"unknown, The Curse",NF,,"Target Character must discard all Placed cards. Target Character may only have 1 card Placed to him at any time, for remainder of game. One Per Deck",,Cost/Effect: -,Normal,Rare,,,Special
Coda Island,Codaisland-IMOP_cb20211123205112.jpg,https://cardguide.fandom.com/wiki/Coda_Island_(IMOP),,Zealot Grifter Voodoo Fairchild Grunge Spartan,"Zealot, Voodoo",,,Coda Island Team's Intellect Power cards are +1 to attack.,,,Normal,Uncommon,,,Location
Curse - Appendage of Death,Curseappendageofdeath-IMOP_cb20211218200028.jpg,https://cardguide.fandom.com/wiki/Curse_-_Appendage_of_Death_(IMOP),,,The Curse,CZ,,"Acts as a level 4 Energy attack. If successful, Target Character must discard all placed cards into Dead Pile. One Per Deck",,Cost/Effect: Energy 4,Normal,Rare,,,Special
Curse - Religious Zeal,Cursereligiouszeal-IMOP_cb20211218200724.jpg,https://cardguide.fandom.com/wiki/Curse_-_Religious_Zeal_(IMOP),,,Phillip Krahn,LT,,Acts as a level 3 Strength attack +1 for each Mission card in Opponent's Completed Missions Pile.,,Cost/Effect: Strength 3,Normal,Uncommon,,,Special
Curse - Techno-Life,Cursetechnolife-IMOP_cb20211218201122.jpg,https://cardguide.fandom.com/wiki/Curse_-_Techno-Life_(IMOP),,,The Curse,DM,,Opponent's Team is -2 to all attacks against Curse for remainder of battle.,,Cost/Effect: -,Normal,Common,,,Special
Curse - Wrist Rockets,Cursewristrockets-IMOP_cb20211219112839.jpg,https://cardguide.fandom.com/wiki/Curse_-_Wrist_Rockets_(IMOP),,,The Curse,LZ,,"Acts as a level 4 Fighting attack. May be used against Reserve, who may defend. If successful against Reserve, Curse may attack Reserve for remainder of game.",,Cost/Effect: Fighting 4,Normal,Common,,,Special
Fairchild - Fist Full of Danger,Fairchildfistfullofdanger-IMOP_cb20211219113520.jpg,https://cardguide.fandom.com/wiki/Fairchild_-_Fist_Full_of_Danger_(IMOP),,,"Fairchild, unknown",JC,,Acts as a level 3 Intellect attack. Fairchild may make 1 additional attack with a Teammate's Special card.,,Cost/Effect: Intellect 3,Normal,Uncommon,,,Special
Fairchild,Fairchild-IMOP_cb20211112214922.jpg,https://cardguide.fandom.com/wiki/Fairchild_(IMOP),,,Fairchild (Caitlin Fairchild),,,May have 2 Universe cards Placed. May not be duplicates.,,Energy 1Fighting 4Strength 7Intellect 5,Normal,Rare,,,Character
Future Backlash™,Futurebacklash-P_cb20160916211347.jpg,https://cardguide.fandom.com/wiki/Future_Backlash_(P),Backlash (Jodi Slayton),,,,,May play any Backlash Special Cards.,,Energy 6Fighting 4Strength 3Intellect 7,Normal,Promo,,,Character
Fairchild - Gen-Active,Fairchildgenactive-IMOP_cb20211219113735.jpg,https://cardguide.fandom.com/wiki/Fairchild_-_Gen-Active_(IMOP),,,Fairchild,MQ,,"Play during battle. Fairchild may defend any Front Line teammate that also has a ""Gen-Active Special in play for remainder of game.",,Cost/Effect: -,Normal,Common,,,Special
Fairchild - Pure Muscle,Fairchildpuremuscle-IMOP_cb20211219120217.jpg,https://cardguide.fandom.com/wiki/Fairchild_-_Pure_Muscle_(IMOP),,,Fairchild,MR,,"Plays during battle. For remainder of game, any Strength attack made by Fairchild may not be moved from Target Character.",,Cost/Effect: -,Normal,Uncommon,,,Special
Fairchild - Super Smarts,Fairchildsupersmarts-IMOP_cb20211219120457.jpg,https://cardguide.fandom.com/wiki/Fairchild_-_Super_Smarts_(IMOP),,,"Caitlin Fairchild, 2 unknowns",MB,,"Acts as a level 6 Any-Power attack. If successful, Target Character is KO'd by next level 2 Intellect Power Card Hit, regardless of Inherent Abilities and other Special Cards. One Per Deck",,Cost/Effect: Any-Power 6,Normal,Rare,,,Special
Fairchild - Level-Headed Leader,Fairchildlevelheadedleader-IMOP_cb20211219115637.jpg,https://cardguide.fandom.com/wiki/Fairchild_-_Level-Headed_Leader_(IMOP),,,"Burnout, Fairchild, Freefall, Grunge",DB,,"Avoid all attacks from 1 Teamwork card, or Target character must discard 1 Placed Teamwork card.",,Cost/Effect: -,Normal,Uncommon,,,Special
Grifter,Grifter-IMOP_cb20211113125825.jpg,https://cardguide.fandom.com/wiki/Grifter_(IMOP),,,Grifter,,,May not be Spectrum or Cumulative KO'd with Universe: Teamwork cards.,,Energy 4Fighting 7Strength 4Intellect 4,Normal,Rare,,,Character
Grifter - Nerves of Steel,Grifternervesofsteel-IMOP_cb20211219121541.jpg,https://cardguide.fandom.com/wiki/Grifter_-_Nerves_of_Steel_(IMOP),,,Grifter,MN,,Acts as a level 12 Intellect attack. May only be played if Grifter has Hits totaling 15 or more in his Permanent Record. One Per Deck,,Cost/Effect: Intellect 12,Normal,Rare,,,Special
Grifter - Bull's-Eye Shot,Grifterbullseyeshot-IMOP_cb20211219120934.jpg,https://cardguide.fandom.com/wiki/Grifter_-_Bull%27s-Eye_Shot_(IMOP),,,Grifter,MB,,"Acts as a level 6 Any-Power attack. If successful, Target Character is KO'd by next level 2 Fighting Power Card Hit, regardless of Inherent Abilities or other Special Cards. One Per Deck",,Cost/Effect: Any-Power 6,Normal,Rare,,,Special
Grifter - Smart-Ass,Griftersmartass-IMOP_cb20211219122127.jpg,https://cardguide.fandom.com/wiki/Grifter_-_Smart-Ass_(IMOP),,,"Cole Cash, unknown",EX,,Target Character may not use cards with an Intellect icon for remainder of battle.,,Cost/Effect: -,Normal,Uncommon,,,Special
Grifter - WildC.A.T.,Grifterwildcat-IMOP_cb20211219124423.jpg,https://cardguide.fandom.com/wiki/Grifter_-_WildC.A.T._(IMOP),,,"2 unknowns, Grifter",AD,,Teammate may avoid 1 attack.,,Cost/Effect: -,Normal,Common,,,Special
Grifter - Coda Training,Griftercodatraining-IMOP_cb20211219121247.jpg,https://cardguide.fandom.com/wiki/Grifter_-_Coda_Training_(IMOP),,,"Grifter, Zealot",AA,,Acts as a level 4 Intellect attack. May make 1 additional attack.,,Cost/Effect: Intellect 4,Normal,Uncommon,,,Special
Grifter - Team 7,Grifterteam7-IMOP_cb20211219122401.jpg,https://cardguide.fandom.com/wiki/Grifter_-_Team_7_(IMOP),,,Grifter,MA,,Acts as a level 5 Energy or Intellect attack. May not be defended by a card from a Battlesite.,,"Cost/Effect: Energy 5, Intellect 5",Normal,Uncommon,,,Special
Fairchild - Impenetrable,Fairchildimpenetrable-IMOP_cb20211219115306.jpg,https://cardguide.fandom.com/wiki/Fairchild_-_Impenetrable_(IMOP),,,Fairchild,CW,,Avoid 1 attack. May not be attacked for remainder of battle. One Per Deck,,Cost/Effect: -,Normal,Rare,,,Special
Grunge,Grunge-IMOP_cb20211113130200.jpg,https://cardguide.fandom.com/wiki/Grunge_(IMOP),,,Grunge,,,Must have a MultiPower card Hit to be KO'd.,,Energy 6Fighting 5Strength 4Intellect 2,Normal,Uncommon,,,Character
Grunge - Danger Seeker,Grungedangerseeker-IMOP_cb20211219125355.jpg,https://cardguide.fandom.com/wiki/Grunge_-_Danger_Seeker_(IMOP),,,Grunge,KC,,"All attacks by Opponent's team must be made against Grunge, at -2, until Grunge is KO'd or cannot be attacked. One Per Deck",,Cost/Effect: -,Normal,Rare,,,Special
Grunge - Dense,Grungedense-IMOP_cb20211219125600.jpg,https://cardguide.fandom.com/wiki/Grunge_-_Dense_(IMOP),,,Percival Chang,LO,,Avoid 1 attack with an Intellect icon. Grunge may draw 1 card from the top of the Draw Pile. Discard duplicates.,,Cost/Effect: -,Normal,Uncommon,,,Special
Grunge - Lover Boy,Grungeloverboy-IMOP_cb20211219130041.jpg,https://cardguide.fandom.com/wiki/Grunge_-_Lover_Boy_(IMOP),,,"unknown, Percival Chang, unknown",MD,,Adds 3 to Venture Total for this battle. Grunge may play with Intellect or MultiPower cards usable by Grunge. Value of Power Card is also added to Venture Total for this battle.,,Cost/Effect: -,Normal,Common,,,Special
Grunge - Molecular Assimilation,Grungemolecularassimilation-IMOP_cb20211219130710.jpg,https://cardguide.fandom.com/wiki/Grunge_-_Molecular_Assimilation_(IMOP),,,Grunge,DY,,This Special is identical to any Hit in Grunge's Hits for the Current Battle or Permanent Record. One Per Deck,,Cost/Effect: -,Normal,Rare,,,Special
Grunge - Martial Arts Training,Grungemartialartstraining-IMOP_cb20211219130502.jpg,https://cardguide.fandom.com/wiki/Grunge_-_Martial_Arts_Training_(IMOP),,,Grunge,JC,,Acts as a level 3 Strength attack. Grunge may make 1 additional attack with a Teammate's Special card.,,Cost/Effect: Strength 3,Normal,Common,,,Special
Killrazor - Biomorphic Blades,Killrazorbiomorphicblades-IMOP_cb20211219130946.jpg,https://cardguide.fandom.com/wiki/Killrazor_-_Biomorphic_Blades_(IMOP),,,Killrazor,AR,,Acts as a level 7 Energy attack.,,Cost/Effect: Energy 7,Normal,Rare,,,Special
Grunge - Gen-Active,Grungegenactive-IMOP_cb20211219125801.jpg,https://cardguide.fandom.com/wiki/Grunge_-_Gen-Active_(IMOP),,,Grunge,MQ,,"Play during battle. Grunge may defend any Front Line teammate that also has a ""Gen-Active"" Special in play for remainder of game.",,Cost/Effect: -,Normal,Uncommon,,,Special
Killrazor,Killrazor-IMOP_cb20211113130749.jpg,https://cardguide.fandom.com/wiki/Killrazor_(IMOP),,,Killrazor,,,Strength Power cards are +2 when used for defense.,,Energy 3Fighting 7Strength 5Intellect 4,Normal,Common,,,Character
Killrazor - Deadly Mutation,Killrazordeadlymutation-IMOP_cb20211219131145.jpg,https://cardguide.fandom.com/wiki/Killrazor_-_Deadly_Mutation_(IMOP),,,Killrazor,AB,,Acts as level 5 Fighting attack. May make 1 additional Fighting attack.,,Cost/Effect: Fighting 5,Normal,Common,,,Special
Killrazor - Inner Peace,Killrazorinnerpeace-IMOP_cb20211219131947.jpg,https://cardguide.fandom.com/wiki/Killrazor_-_Inner_Peace_(IMOP),,,Killrazor,MK,,Avoid 1 Intellect attack. Remove all Hits with an Intellect icon from Permanent Record of Killrazor and Killrazor's team. One Per Deck,,Cost/Effect: -,Normal,Rare,,,Special
Killrazor - Strykeforce,Killrazorstrykeforce-IMOP_cb20211219143927.jpg,https://cardguide.fandom.com/wiki/Killrazor_-_Strykeforce_(IMOP),,,"Bloodbow, Killrazor, Tempest (Image Comics)",MR,,"Play during battle. For remainder of game, any Fighting attack made by Killrazor may not be moved from Target Character.",,Cost/Effect: -,Normal,Common,,,Special
Killrazor - Outer Fury,Killrazorouterfury-IMOP_cb20211219132154.jpg,https://cardguide.fandom.com/wiki/Killrazor_-_Outer_Fury_(IMOP),,,Killrazor,JU,,Killrazor may make 1 or 2 follow up attacks after Killrazor plays a Universe: Teamwork card for remainder of game. One Per Deck,,Cost/Effect: -,Normal,Rare,,,Special
Linkstone,Linkstone-IMOP_cb20211112184739.jpg,https://cardguide.fandom.com/wiki/Linkstone_(IMOP),,,unknown,,,"On his turn, Teammate may discard 1 card from top of Draw Pile to Dead Pile to immediately play any card Placed to any Front Line character.",,Cost/Effect: 6 Intellect and teammate with 6 Any-Power or greater to use,Normal,Very Rare,Artifact,,Tactic
Killrazor - Will Power,Killrazorwillpower-IMOP_cb20211219144535.jpg,https://cardguide.fandom.com/wiki/Killrazor_-_Will_Power_(IMOP),,,"unknown, Killrazor",MS,,Remove 1 Special card Hit from Killrazor's Permanent Record.,,Cost/Effect: -,Normal,Common,,,Special
Malebolgia,Malebolgia-IMOP_cb20211113131031.jpg,https://cardguide.fandom.com/wiki/Malebolgia_(IMOP),,,Malebolgia,,,Counts as 23 points for Tournament Deckbuilding. May not use Intellect Power cards for Defense.,,Energy 7Fighting 4Strength 6Intellect 8,Normal,Very Rare,,,Character
Malebolgia - Infernal Pact,Malebolgiainfernalpact-IMOP_cb20211219145425.jpg,https://cardguide.fandom.com/wiki/Malebolgia_-_Infernal_Pact_(IMOP),,,"Spawn, Malebolgia",ME,,"Play during battle on Teammate, before Teammate is KO'd. When Target Teammate is KO'd, Malebolgia is +5 to Ventura Total.",,Cost/Effect: -,Normal,Uncommon,,,Special
Malebolgia - Demonic Magick,Malebolgiademonicmagick-IMOP_cb20211219144839.jpg,https://cardguide.fandom.com/wiki/Malebolgia_-_Demonic_Magick_(IMOP),,,Malebolgia,DZ,,Target Character may not attack or be attacked for remainder of battle.,,Cost/Effect: -,Normal,Common,,,Special
Malebolgia - Master of the Darklands,Malebolgiamasterofthedarklands-IMOP_cb20211219145833.jpg,https://cardguide.fandom.com/wiki/Malebolgia_-_Master_of_the_Darklands_(IMOP),,,Malebolgia,EK,,Malebolgia cannot be Cumulative KO'd for remainder of game. One Per Deck,,Cost/Effect: -,Normal,Rare,,,Special
Malebolgia - Hellbent,Malebolgiahellbent-IMOP_cb20211219145113.jpg,https://cardguide.fandom.com/wiki/Malebolgia_-_Hellbent_(IMOP),,,Malebolgia,AR,,Acts as a level 4 Fighting attack.,,Cost/Effect: Fighting 4,Normal,Uncommon,,,Special
Malebolgia - Reign of Fire,Malebolgiareignoffire-IMOP_cb20211227174048.jpg,https://cardguide.fandom.com/wiki/Malebolgia_-_Reign_of_Fire_(IMOP),,,Malebolgia,MD,,Play with Energy Power card usable by Malebolgia. Value of Power Card is added to Venture Total for this battle.,,Cost/Effect: -,Normal,Uncommon,,,Special
Malebolgia - Signed in Blood,Malebolgiasignedinblood-IMOP_cb20211227174549.jpg,https://cardguide.fandom.com/wiki/Malebolgia_-_Signed_in_Blood_(IMOP),,,Malebolgia,LV,,Choose one Tactic Artifact card from Dead pile and place in hand. Cannot be a duplicate.,,Cost/Effect: -,Normal,Rare,,,Special
Link,Link-IMOP_cb20211112165358.jpg,https://cardguide.fandom.com/wiki/Link_(IMOP),,,"Lincoln ""Link"" Adams",,,Teammate must play 1 Special card.,,Cost/Effect: 5 Fighting or less to useActs as 3 Fighting attack,Normal,Common,Ally,,Universe
Myrlu Symbiote,Myrlusymbiote-IMOP_cb20211112172725.jpg,https://cardguide.fandom.com/wiki/Myrlu_Symbiote_(IMOP),,,K7-Leetha,,,Teammate may play any Power card currently usable by Front Line for defense. One Per Deck,,Cost/Effect: 6 Energy and teammate with 6 Any-Power or greater to use,Normal,Very Rare,Artifact,,Tactic
Omniverse,Omniverse-IMOP_cb20211215122137.jpg,https://cardguide.fandom.com/wiki/Omniverse_(IMOP),,"Any Tournament Legal Team, using normal deck-building rules.",-,,,Opponent's Team is -1 to Venture Total per Battle.,,,Normal,Uncommon,,,Location
New York City,Newyorkcity-IMOP_cb20211127191841.jpg,https://cardguide.fandom.com/wiki/New_York_City_(IMOP),,The Darkness Witchblade Stryker Ripclaw Velocity Ballistic,unknowns,,,New York City Team is +3 to Venture Total per Battle.,,,Normal,Common,,,Location
Overtkill - Cyborg,Overtkillcyborg-IMOP_cb20211227181755.jpg,https://cardguide.fandom.com/wiki/Overtkill_-_Cyborg_(IMOP),,,OvertKill,EA,,Remove all hits with a Fighting icon from Overtkill's Permanent Record.,,Cost/Effect: -,Normal,Uncommon,,,Special
Overtkill - Armor,Overtkillarmor-IMOP_cb20211227175652.jpg,https://cardguide.fandom.com/wiki/Overtkill_-_Armor_(IMOP),,,OvertKill,AD,,Overtkill may avoid any numerical attack.,,Cost/Effect: -,Normal,Uncommon,,,Special
OvertKill - High Caliber,Overtkillhighcaliber-IMOP_cb20211227184500.jpg,https://cardguide.fandom.com/wiki/Overtkill_-_High_Caliber_(IMOP),,,OvertKill,HF,,Acts as a level 6 Energy or Fighting card.,,Cost/Effect: Energy 6; Fighting 6,Normal,Uncommon,,,Special
Overtkill - Mob Connections,Overtkillmobconnections-IMOP_cb20211227185301.jpg,https://cardguide.fandom.com/wiki/Overtkill_-_Mob_Connections_(IMOP),,,"Overtkill, Tony Twist",AJ,,Opponent must immediately reveal any Special cards currently held in his hand.,,Cost/Effect: -,Normal,Common,,,Special
Overtkill - One-Man Army,Overtkillonemanarmy-IMOP_cb20211227190049.jpg,https://cardguide.fandom.com/wiki/Overtkill_-_One-Man_Army_(IMOP),,,"Overtkill, 3 unknowns",JU,,Overtkill may make 1 follow up attack after Overtkill plays a Universe: Teamwork card for remainder of game.,,Cost/Effect: -,Normal,Rare,,,Special
Ripclaw,Ripclaw-IMOP_cb20211113132535.jpg,https://cardguide.fandom.com/wiki/Ripclaw_(IMOP),,,Ripclaw,,,"If in Reserve, may move to Front Line during same battle teammate is KO'd.",,Energy 4Fighting 7Strength 5Intellect 4,Normal,Rare,,,Character
Ripclaw - Animal Rage,Ripclawanimalrage-IMOP_cb20211227190731.jpg,https://cardguide.fandom.com/wiki/Ripclaw_-_Animal_Rage_(IMOP),,,"Ripclaw, unknown",LG,,"Play during battle. In the battle that Ripclaw is KO'd, Ripclaw may continue to fight and is not discarded, until Ripclaw has taken 1 additional Hit, or until the end of battle.",,Cost/Effect: -,Normal,Common,,,Special
Qeelocke,Qeelocke-IMOP_cb20211112165907.jpg,https://cardguide.fandom.com/wiki/Qeelocke_(IMOP),,,Qeelocke,,,Teammate must play 1 Special card.,,Cost/Effect: 5 Strength or less to useActs as 3 Strength attack,Normal,Common,Ally,,Universe
Overtkill,Overtkill-IMOP_cb20211113131514.jpg,https://cardguide.fandom.com/wiki/Overtkill_(IMOP),,,Overtkill,,,May follow up any teammate's Teamwork card attack with a Level 1 Intellect Power card.,,Energy 5Fighting 5Strength 7Intellect 1,Normal,Uncommon,,,Character
Overtkill - Contract Hit,Overtkillcontracthit-IMOP_cb20211227180057.jpg,https://cardguide.fandom.com/wiki/Overtkill_-_Contract_Hit_(IMOP),,,OvertKill,MB,,"Acts as a level 6 Any-Power attack. If successful, Target Character is KO'd by next level 2 Strength Power Card Hit, regardless of Inherent Abilities and other Special cards. One Per Deck",,Cost/Effect: Any-Power 6,Normal,Rare,,,Special
Ripclaw - Cyberforce,Ripclawcyberforce-IMOP_cb20211227191645.jpg,https://cardguide.fandom.com/wiki/Ripclaw_-_Cyberforce_(IMOP),,,"Velocity, Ripclaw, Stryker (Image Comics)",MW,,Target Character gains +1 to defense for remainder of game.,,Cost/Effect: -,Normal,Common,,,Special
Ripclaw - Native Magic,Ripclawnativemagic-IMOP_cb20211227195445.jpg,https://cardguide.fandom.com/wiki/Ripclaw_-_Native_Magic_(IMOP),,,Ripclaw,GB,,"Acts as a level 7 Energy attack. If successful, Opponent must move 1 Mission Card from the Completed Missions Pile, to the Reserve Missions Pile. One Per Deck",,Cost/Effect: Energy 7,Normal,Rare,,,Special
Ripclaw - Mechanical Mutant,Ripclawmechanicalmutant-IMOP_cb20211227195125.jpg,https://cardguide.fandom.com/wiki/Ripclaw_-_Mechanical_Mutant_(IMOP),,,Ripclaw,MU,,"Acts as a level 4 Strength attack. May be used against Reserve, who may defend. If successful against Reserve, Reserve must skip a battle before moving to Front Line.",,Cost/Effect: Strength 4,Normal,Uncommon,,,Special
Ripclaw - Pacifist Heart,Ripclawpacifistheart-IMOP_cb20211227195738.jpg,https://cardguide.fandom.com/wiki/Ripclaw_-_Pacifist_Heart_(IMOP),,,Ripclaw,MV,,Play to Concede battle. Remove all Hits from Ripclaw's or teammate's Permanent Record and Hits from Current Battle. One Per Deck,,Cost/Effect: -,Normal,Rare,,,Special
Link,Powerblast-IMOP_cb20220421153820.jpg,https://cardguide.fandom.com/wiki/Power_Blast_(IMOP),,,Spawn,,,-,,Cost/Effect: 6 Any-Power to use+2 to Any Power,Normal,Very Rare,-,,Universe
Ripclaw - Rip and Tear,Ripclawripandtear-IMOP_cb20211227204755.jpg,https://cardguide.fandom.com/wiki/Ripclaw_-_Rip_and_Tear_(IMOP),,,Ripclaw,CU,,"Acts as a level 3 Strength attack. If successful, Target Character must discard 1 Placed card of Opponent's choice.",,Cost/Effect: Strength 3,Normal,Uncommon,,,Special
Savage Dragon - Dragon Brawl,Savagedragondragonbrawl-IMOP_cb20220103174856.jpg,https://cardguide.fandom.com/wiki/Savage_Dragon_-_Dragon_Brawl_(IMOP),,,Savage Dragon,JY,,"Acts as a level 5 Fighting attack. May not be affected by a card with the word ""teammate"" on it.",,Cost/Effect: Fighting 5,Normal,Uncommon,,,Special
Rita Medermade,Ritamedermade-IMOP_cb20211112172159.jpg,https://cardguide.fandom.com/wiki/Rita_Medermade_(IMOP),,,Rita Medermade,,,Teammate must play 1 Special card.,,Cost/Effect: 6 Strength to useActs as 1 Strength attack,Normal,Common,Ally,,Universe
Sam Burke,Samburke-IMOP_cb20211112171136.jpg,https://cardguide.fandom.com/wiki/Sam_Burke_(IMOP),,,"unknown, Sam Burke",,,Teammate must play 1 Special card.,,Cost/Effect: 6 Fighting to useActs as 1 Fighting attack,Normal,Common,Ally,,Universe
Savage Dragon,Savagedragon-IMOP_cb20211113134637.jpg,https://cardguide.fandom.com/wiki/Savage_Dragon_(IMOP),,,Savage Dragon,,,none,,Energy 2Fighting 5Strength 8Intellect 4,Normal,Rare,,,Character
Savage Dragon - Amazing Recovery,Savagedragonamazingrecovery-IMOP_cb20211227205329.jpg,https://cardguide.fandom.com/wiki/Savage_Dragon_-_Amazing_Recovery_(IMOP),,,Savage Dragon,EA,,Remove all hits with an Energy icon from Savage Dragon's Permanent Record.,,Cost/Effect: -,Normal,Uncommon,,,Special
Savage Dragon - Bulletproof,Savagedragonbulletproof-IMOP_cb20211227210119.jpg,https://cardguide.fandom.com/wiki/Savage_Dragon_-_Bulletproof_(IMOP),,,Savage Dragon,LU,,Target Character's Tactic Artifact cards may not be removed from play for remainder of game.,,Cost/Effect: -,Normal,Common,,,Special
ShadowHawk - Brutal Revenge,Shadowhawkbrutalrevenge-IMOP_cb20220103192000.jpg,https://cardguide.fandom.com/wiki/ShadowHawk_-_Brutal_Revenge_(IMOP),,,ShadowHawk,EG,,"Acts as a level 5 Intellect attack. If successful, Opponent must discard all cards with a Strength icon from hand. One Per Deck",,Cost/Effect: Intellect 5,Normal,Rare,,,Special
Savage Dragon - Savage Strength,Savagedragonsavagestrength-IMOP_cb20220103175748.jpg,https://cardguide.fandom.com/wiki/Savage_Dragon_-_Savage_Strength_(IMOP),,,Savage Dragon,MB,,"Acts as a level 6 Any-Power attack. If successful, Target Character is KO'd by next level 2 MultiPower Power Card Hit, regardless of Inherent Abilities and other Special cards. One Per Deck",,Cost/Effect: Any-Power 6,Normal,Rare,,,Special
ShadowHawk - Back Snap,Shadowhawkbacksnap-IMOP_cb20220103180618.jpg,https://cardguide.fandom.com/wiki/ShadowHawk_-_Back_Snap_(IMOP),,,"unknown, ShadowHawk",ML,,"Acts as a level 4 Any-Power attack. If successful, Target Character may be KO'd using normal KO rules, regardless of Inherent Abilities or other Special cards, for remainder of battle. One Per Deck",,Cost/Effect: Any-Power 4,Normal,Rare,,,Special
ShadowHawk - Night Prowler,Shadowhawknightprowler-IMOP_cb20220103192647.jpg,https://cardguide.fandom.com/wiki/ShadowHawk_-_Night_Prowler_(IMOP),,,ShadowHawk,CU,,"Acts as a level 3 Fighting attack. If successful, Target Character must discard 1 Placed card of Opponent's choice.",,Cost/Effect: Fighting 3,Normal,Uncommon,,,Special
Savage Dragon - Chicago PD,Savagedragonchicagopd-IMOP_cb20220103163147.jpg,https://cardguide.fandom.com/wiki/Savage_Dragon_-_Chicago_PD_(IMOP),,,Savage Dragon,ND,,"Savage Dragon and Savage Dragon's team are +2 all actions against Opponent's Battlesite, for remainder of battle.",,Cost/Effect: -,Normal,Common,,,Special
ShadowHawk - Hospitalize,Shadowhawkhospitalize-IMOP_cb20220103192422.jpg,https://cardguide.fandom.com/wiki/ShadowHawk_-_Hospitalize_(IMOP),,,"unknown, ShadowHawk",HF,,Acts as a level 6 Energy or Strength attack.,,Cost/Effect: Energy 6; Strength 6,Normal,Common,,,Special
Shadowhelmet,Shadowhelmet-IMOP_cb20211112185554.jpg,https://cardguide.fandom.com/wiki/Shadowhelmet_(IMOP),,,-,,,Teammate may make 1 attack after Opponent has Conceded the battle. Opponent may defend. One Per Deck,,Cost/Effect: 6 Strength and teammate with 6 Any-Power or greater to use,Normal,Rare,Artifact,,Tactic
ShadowHawk - Urban Predator,Shadowhawkurbanpredator-IMOP_cb20220103193155.jpg,https://cardguide.fandom.com/wiki/ShadowHawk_-_Urban_Predator_(IMOP),,,ShadowHawk,MI,,"Play on Target Character as an attack. Attacks made on Target Character, including ""Urban Predator,"" may not be moved to any of Target's teammates for remainder of game.",,Cost/Effect: -,Normal,Uncommon,,,Special
Savage Dragon - Freak Force,Savagedragonfreakforce-IMOP_cb20220103175119.jpg,https://cardguide.fandom.com/wiki/Savage_Dragon_-_Freak_Force_(IMOP),,,"Rapture, Barbaric, Savage Dragon, Super Patriot",FE,,Acts as a level 3 Strength attack. Each Front Line teammate may make 1 additional attack.,,Cost/Effect: Strength 3,Normal,Common,,,Special
Shattered Image - Cyberforce vs. The Mercs...,Cyberforcevsthemercs-IMOP_cb20211116172409.jpg,https://cardguide.fandom.com/wiki/Shattered_Image_-_Cyberforce_vs._The_Mercs..._(IMOP),,,"Entropy, Ripclaw, Deathtrap",,"Deathtrap faces the wrath of an enraged Ripclaw in Syracuse, New York.",No attacks may be moved from the target character to another character this battle.,,,Normal,Uncommon,,,Event
ShadowHawk,Shadowhawk-IMOP_cb20211113134847.jpg,https://cardguide.fandom.com/wiki/ShadowHawk_(IMOP),,,ShadowHawk,,,Strength Power cards are +2 when attacking any Character with an Energy Power card Hit in their Permanent Record.,,Energy 2Fighting 5Strength 6Intellect 6,Normal,Uncommon,,,Character
Shattered Image - Entropy Field,Entropyfield-IMOP_cb20211116173048.jpg,https://cardguide.fandom.com/wiki/Shattered_Image_-_Entropy_Field..._(IMOP),,,"Entropy, Violator/Clown",,Violator fades into the ether as a result of Entropy's alternate reality field.,No activator cards may be played this battle.,,,Normal,Rare,,,Event
Shattered Image - Gen¹³ vs. The Regulators...,Gen13vstheregulators-IMOP_cb20211123180817.jpg,https://cardguide.fandom.com/wiki/Shattered_Image_-_Gen%C2%B9%C2%B3_vs._The_Regulators..._(IMOP),,,"Entropy, Grunge, Arson, Fairchild, unknowns",,"...On a rooftop in downtown San Diego, Grunge tangles with the fiery villain Arson.","No cards with the word ""Negate"" may be played this battle.",,,Normal,Uncommon,,,Event
ShadowHawk - Battle Armor,Shadowhawkbattlearmor-IMOP_cb20220103181030.jpg,https://cardguide.fandom.com/wiki/ShadowHawk_-_Battle_Armor_(IMOP),,,ShadowHawk,AD,,ShadowHawk may avoid any numerical attack.,,Cost/Effect: -,Normal,Common,,,Special
Shattered Image - Witchblade on the Scene...,Witchbladeonthescene-IMOP_cb20211123204809.jpg,https://cardguide.fandom.com/wiki/Shattered_Image_-_Witchblade_on_the_Scene..._(IMOP),,,"Entropy, Sara Pezzini",,The chaos of a New York mob triggers the protective impulses of the Witchblade.,All power cards may be played by any front line character this battle.,,,Normal,Rare,,,Event
Shattered Image - Mighty Man to the Rescue...,Mightymantotherescue-IMOP_cb20211123182017.jpg,https://cardguide.fandom.com/wiki/Shattered_Image_-_Mighty_Man_to_the_Rescue..._(IMOP),,,"Entropy, Mighty Man (Robert Berman)",,Mighty Man uses his awesome power to keep a prison break from spiraling out of control.,"Take two cards from hand and set aside. Play battle under normal rules. At end of battle, reveal chosen cards. Player with higher total may move 1 mission card from the defeated missions pile to the completed missions pile.",Erik Larsen,,Normal,Uncommon,,,Event
Shattered Image - Spawn Spies,Spawnspies-IMOP_cb20211123204419.jpg,https://cardguide.fandom.com/wiki/Shattered_Image_-_Spawn_Spies..._(IMOP),,,"Entropy, Spawn",,"Remaining outside the Fray, Spawn surveys the scene from his aerie.","No cards with the word ""Draw"" may be played this battle.",,,Normal,Uncommon,,,Event
"Shattered Image 2 - ""Savant/Zealot""",Shatteredimage2-IMOP_cb20211215125418.jpg,https://cardguide.fandom.com/wiki/Shattered_Image_2_-_%22Savant/Zealot%22_(IMOP),,,"Savant, Zealot",,[...],,,,Normal,Uncommon,,,Mission
"Shattered Image 1 - ""Disconnected Man""",Shatteredimage1-IMOP_cb20211215124709.jpg,https://cardguide.fandom.com/wiki/Shattered_Image_1_-_%22Disconnected_Man%22_(IMOP),,,Disconnected Man,,[...],,,,Normal,Uncommon,,,Mission
"Shattered Image 3 - ""Savage Dragon/Barbaric""",Shatteredimage3-IMOP_cb20211215125628.jpg,https://cardguide.fandom.com/wiki/Shattered_Image_3_-_%22Savage_Dragon/Barbaric%22_(IMOP),,,"Savage Dragon, Barbaric",,[...],,,,Normal,Uncommon,,,Mission
"Shattered Image 5 - ""Spawn""",Shatteredimage5-IMOP_cb20211215125933.jpg,https://cardguide.fandom.com/wiki/Shattered_Image_5_-_%22Spawn%22_(IMOP),,,Spawn,,[...],,,,Normal,Uncommon,,,Mission
Spawn© - Finite Power,Spawnfinitepower-P_cb20160927215506.jpg,https://cardguide.fandom.com/wiki/Spawn_-_Finite_Power_(P),,,Spawn,ZY,,"Play on Target Character as an attack. For remainder of battle, Target Character may not attack unless Opponent also discards 2 cards per attack. Cards may be Placed or in Hand. One Per Deck",,-,Normal,Promo,,,Special
"Shattered Image 7 - ""Velocity/Ripclaw""",Shatteredimage7-IMOP_cb20211215130156.jpg,https://cardguide.fandom.com/wiki/Shattered_Image_7_-_%22Velocity/Ripclaw%22_(IMOP),,,"Ripclaw, Velocity",,[...],,,,Normal,Uncommon,,,Mission
Spawn,Spawn-IMOP_cb20211113135127.jpg,https://cardguide.fandom.com/wiki/Spawn_(IMOP),,,Spawn (Albert Simmons),,,-,,Energy 8Fighting 7Strength 3Intellect 3,Normal,Rare,,,Character
Spawn's Alley,Spawnsalley-IMOP_cb20211215124042.jpg,https://cardguide.fandom.com/wiki/Spawn%27s_Alley_(IMOP),,Spawn Violator Tiffany Overtkill Curse Cy-Gor,Spawn,,,Spawn's Alley Team Characters may only have up to three cards Placed to each Character.,,,Normal,Uncommon,,,Location
Spawn - CIA Training,Spawnciatraining-IMOP_cb20220103193750.jpg,https://cardguide.fandom.com/wiki/Spawn_-_CIA_Training_(IMOP),,,Al Simmons,LZ,,"Acts as a level 4 Intellect attack. May be used against Reserve, who may defend. If successful against Reserve, Spawn may attack Reserve for remainder of game.",,Cost/Effect: Intellect 4,Normal,Common,,,Special
Spawn - Living Costume,Spawnlivingcostume-IMOP_cb20220212131852.jpg,https://cardguide.fandom.com/wiki/Spawn_-_Living_Costume_(IMOP),,,K7-Leetha,MF,,Target Teammate may play any Spawn Special cards for remainder of game. One Per Deck,,Cost/Effect: -,Normal,Rare,,,Special
Spawn - Heavy Weapons,Spawnheavyweapons-IMOP_cb20220212131633.jpg,https://cardguide.fandom.com/wiki/Spawn_-_Heavy_Weapons_(IMOP),,,Al Simmons,AR,,Acts as a level 7 Strength attack.,,Cost/Effect: Strength 7,Normal,Common,,,Special
"Shattered Image 4 - ""Entropy""",Shatteredimage4-IMOP_cb20211215125803.jpg,https://cardguide.fandom.com/wiki/Shattered_Image_4_-_%22Entropy%22_(IMOP),,,Entropy,,[...],,,,Normal,Rare,,,Mission
Spawn - Magickal Chains,Spawnmagickalchains-IMOP_cb20220212132507.jpg,https://cardguide.fandom.com/wiki/Spawn_-_Magickal_Chains_(IMOP),,,Spawn,LV,,Choose one Tactic Artifact card from Draw Pile and place in hand. Cannot be duplicate. Reshuffle Draw pile.,,Cost/Effect: -,Normal,Common,,,Special
Spawn - Preternatural Powers,Spawnpreternaturalpowers-IMOP_cb20220212133301.jpg,https://cardguide.fandom.com/wiki/Spawn_-_Preternatural_Powers_(IMOP),,,Spawn,GJ,,"Acts as a level 4 Energy, Strength, Fighting, or Intellect attack. May make 1 additional attack.",,Cost/Effect: Energy 4; Strength 4; Fighting 4; Intellect 4,Normal,Uncommon,,,Special
Spawn - Protector of the Innocent,Spawnprotectoroftheinnocent-IMOP_cb20220212140906.jpg,https://cardguide.fandom.com/wiki/Spawn_-_Protector_of_the_Innocent_(IMOP),,,"Spawn, 3 unknowns",AD,,Spawn or teammate may avoid 1 attack of 9 or less.,,Cost/Effect: -,Normal,Uncommon,,,Special
Stryker - Mutant Cyborg,Strykermutantcyborg-IMOP_cb20220212144308.jpg,https://cardguide.fandom.com/wiki/Stryker_-_Mutant_Cyborg_(IMOP),,,Stryker (Image Comics),AE,,Acts as a level 3 Intellect attack. May combine with 1 MultiPower Power card for a single attack.,,Cost/Effect: Intellect 3,Normal,Uncommon,,,Special
Stryker - Armed and Dangerous,Strykerarmedanddangerous-IMOP_cb20220212141407.jpg,https://cardguide.fandom.com/wiki/Stryker_-_Armed_and_Dangerous_(IMOP),,,Stryker (Image Comics),JA,,Discard 1 Strength Power card usable by Stryker to draw 4 cards from top of the Draw Pile. May keep duplicates. One Per Deck,,Cost/Effect: -,Normal,Rare,,,Special
Stryker,Stryker-IMOP_cb20211113135432.jpg,https://cardguide.fandom.com/wiki/Stryker_(IMOP),,,Stryker (Image Comics),,,-,,Energy 4Fighting 7Strength 6Intellect 3,Normal,Common,,,Character
Stryker - Cyberforce Leader,Strykercyberforceleader-IMOP_cb20220212141923.jpg,https://cardguide.fandom.com/wiki/Stryker_-_Cyberforce_Leader_(IMOP),,,"Cyblade, Huntsman, Ripclaw, Stryker (Image Comics)",MD,,Play with Fighting Power card usable by Stryker. Value of Power card is added to Venture Total for this battle.,,Cost/Effect: -,Normal,Common,,,Special
Stryker - Digital Imaging,Strykerdigitalimaging-IMOP_cb20220212143442.jpg,https://cardguide.fandom.com/wiki/Stryker_-_Digital_Imaging_(IMOP),,,3 unknowns,MY,,"Play during current battle. Next battle, opponent must reveal any Activator cards in hand and play Activator cards open handed for remainder of battle.",,Cost/Effect: -,Normal,Uncommon,,,Special
T.I.M.M.I.E.,Timmie-IMOP_cb20211112161207.jpg,https://cardguide.fandom.com/wiki/T.I.M.M.I.E._(IMOP),,,T.I.M.M.I.E.,,,Teammate must play 1 Special card.,,Cost/Effect: 5 Energy or less to useActs as 3 Energy attack,Normal,Common,Ally,,Universe
Stryker - Serious Arsenal,Strykerseriousarsenal-IMOP_cb20220212151427.jpg,https://cardguide.fandom.com/wiki/Stryker_-_Serious_Arsenal_(IMOP),,,Stryker (Image Comics),BO,,Acts as a level 6 Fighting attack. May combine with 1 Fighting card for a single attack. One Per Deck,,Cost/Effect: Fighting 6,Normal,Rare,,,Special
The Darkness - Demigod of the Dark,Thedarknessdemigodofthedark-IMOP_cb20220212151918.jpg,https://cardguide.fandom.com/wiki/The_Darkness_-_Demigod_of_the_Dark_(IMOP),,,"The Darkness, 3 unknowns",LW,,Target Character's Special cards may not be Negated for remainder of game. One Per Deck,,Cost/Effect: -,Normal,Rare,,,Special
Stryker - Tough as Nails,Strykertoughasnails-IMOP_cb20220212151639.jpg,https://cardguide.fandom.com/wiki/Stryker_-_Tough_as_Nails_(IMOP),,,Stryker (Image Comics),MX,,Stryker is +3 to defense against any attack made with a Power card with the same Power Type as any Power cards on Stryker's Permanent Record for remainder of game.,,Cost/Effect: -,Normal,Uncommon,,,Special
The Darkness,Thedarkness-IMOP_cb20211113135624.jpg,https://cardguide.fandom.com/wiki/The_Darkness_(IMOP),,,The Darkness,,,-,,Energy 7Fighting 7Strength 4Intellect 3,Normal,Rare,,,Character
The Darkness - Lifelike Exoskeleton,Thedarknesslifelikeexoskin-IMOP_cb20220212153303.jpg,https://cardguide.fandom.com/wiki/The_Darkness_-_Lifelike_Exoskeleton_(IMOP),,,"The Darkness, 2 unknowns",AG,,Avoid 1 attack.,,Cost/Effect: -,Normal,Uncommon,,,Special
The Darkness - Restore Health,Thedarknessrestorehealth-IMOP_cb20220212161252.jpg,https://cardguide.fandom.com/wiki/The_Darkness_-_Restore_Health_(IMOP),,,The Darkness,MS,,Remove 1 Power card Hit from The Darkness' Permanent Record.,,Cost/Effect: -,Normal,Common,,,Special
The Darkness - Night Flight,Thedarknessnightflight-IMOP_cb20220212154434.jpg,https://cardguide.fandom.com/wiki/The_Darkness_-_Night_Flight_(IMOP),,,The Darkness,BK,,The Darkness may play Power card attacks face down for remainder of battle. Opponent must guess defense.,,Cost/Effect: -,Normal,Uncommon,,,Special
The Darkness - Shadow Motion,Thedarknessshadowmotion-IMOP_cb20220212171930.jpg,https://cardguide.fandom.com/wiki/The_Darkness_-_Shadow_Motion_(IMOP),,,"The Darkness, unknowns",MT,,"Acts as a level 4 Energy attack, may be played from Reserve. If successful, The Darkness may continue to attack while in Reserve.",,Cost/Effect: Energy 4,Normal,Common,,,Special
The Witchblade,Thewitchblade-IMOP_cb20211112173722.jpg,https://cardguide.fandom.com/wiki/The_Witchblade_(IMOP),,,none,,,Teammate may play any Power card currently usable by Front Line to attack. One Per Deck,,Cost/Effect: 6 Fighting and teammate with 6 Any-Power or greater to use,Normal,Very Rare,Artifact,,Tactic
Tiffany,Tiffany-IMOP_cb20211113135815.jpg,https://cardguide.fandom.com/wiki/Tiffany_(IMOP),,,Tiffany,,,Fighting Power Grid Rating is 8 for Defense.,,Energy 6Fighting 6Strength 4Intellect 4,Normal,Rare,,,Character
The Darkness - Kiling Touch,Thedarknesskillingtouch-IMOP_cb20220212152606.jpg,https://cardguide.fandom.com/wiki/The_Darkness_-_Killing_Touch_(IMOP),,,"The Darkness, Unknown",HY,,"Acts as a level 6 Strength attack. If successful, Target Character must discard 2 cards of opponent's choice. Cards may be Placed or in Hand.",,Cost/Effect: Strength 6,Normal,Rare,,,Special
Tiffany - Holy Order,Tiffanyholyorder-IMOP_cb20220217204243.jpg,https://cardguide.fandom.com/wiki/Tiffany_-_Holy_Order_(IMOP),,,"unknown, Tiffany",HH,,Tiffany may have an unlimited number of Special cards placed on her until Tiffany is KO'd. Specials may not be duplicates.,,Cost/Effect: -,Normal,Uncommon,,,Special
Tiffany - Costume Ribbons,Tiffanycostumeribbons-IMOP_cb20220217202954.jpg,https://cardguide.fandom.com/wiki/Tiffany_-_Costume_Ribbons_(IMOP),,,Tiffany,MG,,Tiffany may play Power cards usable by Tiffany that have been Placed in any Front Line Teammate for remainder of game.,,Cost/Effect: -,Normal,Common,,,Special
Tiffany - Crusade,Tiffanycrusade-IMOP_cb20220217203351.jpg,https://cardguide.fandom.com/wiki/Tiffany_-_Crusade_(IMOP),,,Tiffany,LZ,,Acts as a level 6 Intellect attack. May be played while Tiffany is in Reserve. One Per Deck,,Cost/Effect: Intellect 6,Normal,Rare,,,Special
Tiffany - Heavenly Agent,Tiffanyheavenlyagent-IMOP_cb20220217203626.jpg,https://cardguide.fandom.com/wiki/Tiffany_-_Heavenly_Agent_(IMOP),,,Tiffany,LX,,"For remainder of game, if Opponent draws cards during battle, Tiffany may draw an equal number from Draw Pile. Tiffany must show drawn cards. May not keep duplicates. One Per Deck",,Cost/Effect: -,Normal,Rare,,,Special
Tiffany - Magickal Hunter,Tiffanymagickalhunter-IMOP_cb20220217204805.jpg,https://cardguide.fandom.com/wiki/Tiffany_-_Magickal_Hunter_(IMOP),,,"Tiffany, unknown",LZ,,"Acts as a level 4 Energy attack. May be used against Reserve, who may defend. If successful against Reserve, Tiffany may attack Reserve for remainder of game.",,Cost/Effect: Energy 4,Normal,Common,,,Special
Velocity,Velocity-IMOP_cb20211113140135.jpg,https://cardguide.fandom.com/wiki/Velocity_(IMOP),,,Velocity,,,May attack with Power cards while in Reserve.,,Energy 6Fighting 5Strength 2Intellect 3,Normal,Uncommon,,,Character
Velocity - Cyberforce,Velocitycyberforce-IMOP_cb20220217205024.jpg,https://cardguide.fandom.com/wiki/Velocity_-_Cyberforce_(IMOP),,,"Stryker (Image Comics), Velocity, Ripclaw",MW,,Target Character gains +1 to defense for remainder of game.,,Cost/Effect: -,Normal,Common,,,Special
Velocity - High-Speed Reflexes,Velocityhighspeedreflexes-IMOP_cb20220217205433.jpg,https://cardguide.fandom.com/wiki/Velocity_-_High-Speed_Reflexes_(IMOP),,,Velocity,AA,,Acts as a level 4 Fighting attack. May make 1 additional attack.,,Cost/Effect: Fighting 4,Normal,Common,,,Special
Velocity - Internal Hardware,Velocityinternalhardware-IMOP_cb20220217205631.jpg,https://cardguide.fandom.com/wiki/Velocity_-_Internal_Hardware_(IMOP),,,Velocity,NA,,"Play during battle. During Discard Phase of next battle, Velocity may remove all Hits with a Value of 4 from Velocity's Permanent Record.",,Cost/Effect: -,Normal,Rare,,,Special
"Shattered Image 6 - ""ShadowHawk""",Shatteredimage6-IMOP_cb20211215130046.jpg,https://cardguide.fandom.com/wiki/Shattered_Image_6_-_%22ShadowHawk%22_(IMOP),,,ShadowHawk,,[...],,,,Normal,Uncommon,,,Mission
Velocity - Quick Thinking,Velocityquickthinking-IMOP_cb20220226191350.jpg,https://cardguide.fandom.com/wiki/Velocity_-_Quick_Thinking_(IMOP),,,Velocity,EG,,"Acts as a level 5 Intellect attack. If successful, opponent must discard all Special cards from hand. One Per Deck",,Cost/Effect: Intellect 5,Normal,Rare,,,Special
Velocity - Speedthrough,Velocityspeedhtrough-IMOP_cb20220226193432.jpg,https://cardguide.fandom.com/wiki/Velocity_-_Speedthrough_(IMOP),,,Velocity,MZ,,Opponent must discard 1 Placed card of Velocity's choice. May be played from Reserve.,,Cost/Effect: -,Normal,Rare,,,Special
Velocity - Protective Skin,Velocityprotectiveskin-IMOP_cb20220218163303.jpg,https://cardguide.fandom.com/wiki/Velocity_-_Protective_Skin_(IMOP),,,Velocity,MX,,Velocity is +3 to defense against any attack made with a Power card with the same Power Type as any Power cards on Velocity's Permanent Record for remainder of game.,,Cost/Effect: -,Normal,Uncommon,,,Special
Violator,Violator-IMOP_cb20211113140654.jpg,https://cardguide.fandom.com/wiki/Violator_(IMOP),,,Violator,,,-,,Energy 4Fighting 6Strength 7Intellect 2,Normal,Rare,,,Character
Tiffany - Lance,Tiffanylance-IMOP_cb20220217204559.jpg,https://cardguide.fandom.com/wiki/Tiffany_-_Lance_(IMOP),,,Tiffany,BA,,Acts as a level 3 Fighting attack. Can only be defended by a card with an Energy icon.,,Cost/Effect: Fighting 3,Normal,Uncommon,,,Special
Violator - Connave,Violatorconnave-IMOP_cb20220226210550.jpg,https://cardguide.fandom.com/wiki/Violator_-_Connive_(IMOP),,,Jason Wynn; Violator,MJ,,Violator may Place Artifact cards face down for remainder of game.,,Cost/Effect: -,Normal,Common,,,Special
Violator - Heart Attack,Violatorheartattack-IMOP_cb20220226212416.jpg,https://cardguide.fandom.com/wiki/Violator_-_Heart_Attack_(IMOP),,,Violator; unknown,AS,,Acts as a level 9 Energy attack.,,Cost/Effect: Energy 9,Normal,Rare,,,Special
Violator - Devil's Advocate,Violatordevilsadvocate-IMOP_cb20220226211933.jpg,https://cardguide.fandom.com/wiki/Violator_-_Devil%27s_Advocate_(IMOP),,,Violator; Malebolgia,AR,,Target Character must discard 1 Placed Tactic card.,,Cost/Effect: -,Normal,Common,,,Special
Voodoo - Dangerous Dancer,Voodoodangerousdancer-IMOP_cb20220226212750.jpg,https://cardguide.fandom.com/wiki/Voodoo_-_Dangerous_Dancer_(IMOP),,,Voodoo,JM,,Opponent must move 1 Mission Card from his completed Missions Pile to his Reserve Missions Pile. One Per Deck,,Cost/Effect: -,Normal,Rare,,,Special
Voodoo - WildC.A.T.,Voodoowildcat-IMOP_cb20220226213837.jpg,https://cardguide.fandom.com/wiki/Voodoo_-_WildC.A.T._(IMOP),,,Voodoo; Grifter; Zealot,NE,,"Target Character may follow up a Universe: Teamwork card with any Power card, regardless of Power Type.",,Cost/Effect: -,Normal,Uncommon,,,Special
Violator - Clown Morph,Violatorclownmorph-IMOP_cb20220226195253.jpg,https://cardguide.fandom.com/wiki/Violator_-_Clown_Morph_(IMOP),,,Violator,AZ,,Target opponent may not attack Violator for remainder of battle unless Violator attacks him first.,,Cost/Effect: -,Normal,Uncommon,,,Special
Witchblade - BIomech Tendrils,Witchbladebiowitchtendrils-IMOP_cb20220226214333.jpg,https://cardguide.fandom.com/wiki/Witchblade_-_Biomech_Tendrils_(IMOP),,,Sara Pezzini,LZ,,"Acts as a level 4 Strength attack. May be used against Reserve, who may defend. If successful against Reserve, Witchblade may attack Reserve for remainder of game.",,Cost/Effect: Strength 4,Normal,Uncommon,,,Special
Witchblade,Witchblade-IMOP_cb20211113140919.jpg,https://cardguide.fandom.com/wiki/Witchblade_(IMOP),,,Sara Pezzini,,,-,,Energy 7Fighting 7Strength 3Intellect 4,Normal,Rare,,,Character
Violator - Demonic Powers,Violatordemonicpowers-IMOP_cb20220226211633.jpg,https://cardguide.fandom.com/wiki/Violator_-_Demonic_Powers_(IMOP),,,Violator; Spawn,AR,,Acts as a level 4 Fighting attack.,,Cost/Effect: Fighting 4,Normal,Common,,,Special
Violator - Darklands Army,Violatordarklandsarmy-IMOP_cb20220226210835.jpg,https://cardguide.fandom.com/wiki/Violator_-_Darklands_Army_(IMOP),,,-,MC,,"Acts as a level 11 Energy, Fighting, or Intellect attack. Violator's Team may not attack for remainder of battle. One Per Deck",,Cost/Effect: Energy 11; Fighting 11; Intellect 11,Normal,Very Rare,,,Special
Witchblade - Forensic Science,Witchbladeforensicscience-IMOP_cb20220227140608.jpg,https://cardguide.fandom.com/wiki/Witchblade_-_Forensic_Science_(IMOP),,,Sara Pezzini,NC,,"If Witchblade's team won Venture Total last battle, add 2 to Venture Total this battle. If Witchblade's team lost Venture Total last battle, add 4 to Venture Total this battle.",,Cost/Effect: -,Normal,Uncommon,,,Special
Witchblade - Energy Wrath,Witchbladeenergywrath-IMOP_cb20220227140309.jpg,https://cardguide.fandom.com/wiki/Witchblade_-_Energy_Wrath_(IMOP),,,Sara Pezzini,AS,,Acts as a level 8 Energy attack +1 for each Hit on Witchblade's Permanent Record. One Per Deck,,Cost/Effect: Energy 8,Normal,Rare,,,Special
Wynonna Earp,Wynonnaearp-P_cb20160929171315.jpg,https://cardguide.fandom.com/wiki/Wynonna_Earp_(P),Wynonna Earp,,,,,,,Energy 2Fighting 7Strength 3Intellect 6,Chromium,Promo,,,Character
Witchblade - NYPD Instinct,Witchbladenypdinstinct-IMOP_cb20220227140848.jpg,https://cardguide.fandom.com/wiki/Witchblade_-_NYPD_Instinct_(IMOP),,,Sara Pezzini,AE,,Acts as a level 3 Fighting attack. May combine with 1 MultiPower card for a single attack.,,Cost/Effect: Fighting 3,Normal,Common,,,Special
Witchblade - Protective Drive,Witchbladeprotectivedrive-IMOP_cb20220227141133.jpg,https://cardguide.fandom.com/wiki/Witchblade_-_Protective_Drive_(IMOP),,,Sara Pezzini,LU,,Target Character's Tactic Artifact cards may not be removed from play for remainder of game.,,Cost/Effect: -,Normal,Common,,,Special
Wynonna Earp - Famous Lineage,Wynonnaearpfamouslineage-IMOP_cb20220227143117.jpg,https://cardguide.fandom.com/wiki/Wynonna_Earp_-_Famous_Lineage_(IMOP),,,Wynonna Earp; Wyatt Earp,AA,,Acts as a level 5 Any-Power attack. May make 1 additional attack.,,Cost/Effect: Any-Power 5,Normal,Uncommon,,,Special
Voodoo - True Vision,Voodootruevision-IMOP_cb20220226213404.jpg,https://cardguide.fandom.com/wiki/Voodoo_-_True_Vision_(IMOP),,,Voodoo; unknown; Violator,CZ,,"Acts as a level 4 Intellect attack. If successful, Target Character must discard all Placed cards into Dead Pile. One Per Deck",,Cost/Effect: Intellect 4,Normal,Rare,,,Special
Wynonna Earp - Smoking Guns,Wynonnaearpsmokingguns-IMOP_cb20220227144604.jpg,https://cardguide.fandom.com/wiki/Wynonna_Earp_-_Smoking_Guns_(IMOP),,,Wynonna Earp,LX,,"For remainder of game, if Opponent draws cards during battle, Wynnona Earp may draw an equal number from Draw Pile. Wynonna Earp must show drawn cards. May not keep duplicates. One Per Deck",,Cost/Effect: -,Normal,Rare,,,Special
Zealot,Zealot-IMOP_cb20211113141626.jpg,https://cardguide.fandom.com/wiki/Zealot_(IMOP),,,Zealot,,,-,,Energy 3Fighting 8Strength 4Intellect 5,Normal,Rare,,,Character
Wynonna Earp - Shootout,Wynonnaearpshootout-IMOP_cb20220227143525.jpg,https://cardguide.fandom.com/wiki/Wynonna_Earp_-_Shootout_(IMOP),,,"Wynonna Earp, unknown",FD,,"Only Wynonna Earp and Target Character may attack, be attacked, or defend this battle. One Per Deck",,Cost/Effect: -,Normal,Rare,,,Special
Zealot - Clef Blade,Zealotclefblade-IMOP_cb20220227145029.jpg,https://cardguide.fandom.com/wiki/Zealot_-_Clef_Blade_(IMOP),,,Zealot,EM,,"Acts as a level 4 Strength attack. If successful, Opponent must discard 1 card of Opponent's choice from Hand.",,Cost/Effect: Strength 4,Normal,Uncommon,,,Special
Zealot - Sister's Support,Zealotsisterssupport-IMOP_cb20220227172719.jpg,https://cardguide.fandom.com/wiki/Zealot_-_Sister%27s_Support_(IMOP),,,"Savant, Zealot",LY,,"Play with any Power Card usable by Zealot. For remainder of game, Zealot does not have to discard duplicates of chosen Power Card's Power Type and Value.",,Cost/Effect: -,Normal,Uncommon,,,Special
Witchblade - The Chosen,Witchbladethechosen-IMOP_cb20220227141727.jpg,https://cardguide.fandom.com/wiki/Witchblade_-_The_Chosen_(IMOP),,,Sara Pezzini,NB,,Acts as a level 11 Fighting attack. Witchblade's teammates may not attack for remainder of battle. One Per Deck,,Cost/Effect: Fighting 11,Normal,Very Rare,,,Special
Zealot - WildC.A.T.,Zealotwildcat-IMOP_cb20220227174214.jpg,https://cardguide.fandom.com/wiki/Zealot_-_WildC.A.T._(IMOP),,,"Maul, Zealot, Grifter",AD,,Teammate may avoid 1 attack.,,Cost/Effect: -,Normal,Uncommon,,,Special
Zealot - Warrior Soul,Zealotwarriorsoul-IMOP_cb20220227173615.jpg,https://cardguide.fandom.com/wiki/Zealot_-_Warrior_Soul_(IMOP),,,Zealot,MC,,"Acts as a level 11 Strength, Fighting, or Intellect attack. Zealot's Team may not attack for remainder of battle. One Per Deck",,Cost/Effect: Strength 11 / Fighting 11 / Intellect 11,Normal,Very Rare,,,Special
Zealot - Kherubim,Zealotkherubim-IMOP_cb20220227150635.jpg,https://cardguide.fandom.com/wiki/Zealot_-_Kherubim_(IMOP),,,Zealot,MP,,"Play during battle. For remainder of game, any Special played by Zealot or Zealot's teammates may not be Negated until ""Kherubim"" is Negated. One Per Deck",,Cost/Effect: -,Normal,Rare,,,Special
Zealot - Coda Discipline,Zealotcodadiscipline-IMOP_cb20220227145455.jpg,https://cardguide.fandom.com/wiki/Zealot_-_Coda_Discipline_(IMOP),,,Zealot,MO,,"Acts as a level 3 Fighting attack, +1 for each Teammate with a Fighting Rating of 6 or greater.",,Cost/Effect: Fighting 3,Normal,Common,,,Special
