Set ,#,Card Name,Card Special,Rarity ,Location
ERB,001,Angry Mob: Middle Ages Character Card,,Common,"Booster Packs, Starter Deck - Ungodly Powers"
ERB,002,Angry Mob,Don't Let it Get Away!,Common,"Booster Packs, Starter Deck - Ungodly Powers"
ERB,003,Angry Mob,Mob Mentality,Common,"Booster Packs, Starter Deck - Ungodly Powers"
ERB,004,Angry Mob,Strength in Numbers,Common,Booster Packs
ERB,005,Angry Mob,Swarm Them!,Common,"Booster Packs, Starter Deck - Ungodly Powers"
ERB,006,Angry Mob: Middle Ages,Pitchforks and Torches,Common,"Booster Packs, Starter Deck - Ungodly Powers"
ERB,007,Angry Mob: Middle Ages,Regent of the Crown,Uncommon,Booster Packs
ERB,008,Angry Mob: Industrial Age Character Card,,Common,Booster Packs
ERB,009,Angry Mob: Industrial Age,Disrupt Supply Liines,Uncommon,Booster Packs
ERB,010,Angry Mob: Industrial Age,Union Power,Common,Booster Packs
ERB,011,Angry Mob: Modern Age Character Card,,Common,Booster Packs
ERB,012,Angry Mob: Modern Age,Online Cyber Attack,Common,Booster Packs
ERB,013,Angry Mob: Modern Age,Ransom Your Secrets,Uncommon,Booster Packs
ERB,014,Anubis Character Card,,Common,Booster Packs
ERB,015,Anubis,Book of the Dead,Uncommon,Booster Packs
ERB,016,Anubis,Lord of the Sacred Land,Common,Booster Packs
ERB,017,Anubis,Shepherd of the Damned,Common,Booster Packs
ERB,018,Anubis,Siphon Strike,Common,Booster Packs
ERB,019,Anubis,Weighing of the Heart,Common,Booster Packs
ERB,020,Anubis,Wither,Common,Booster Packs
ERB,021,Billy The Kid Character Card,,Common,"Booster Packs, Starter Deck -The Resistance "
ERB,022,Billy The Kid,Head for Mexico,Common,Booster Packs
ERB,023,Billy The Kid,I’ll Make you Famous,Common,"Booster Packs, Starter Deck -The Resistance "
ERB,024,Billy The Kid,Pals,Common,Booster Packs
ERB,025,Billy The Kid,Quick Draw,Common,Booster Packs
ERB,026,Billy The Kid,Reap the Whirlwind,Common,Booster Packs
ERB,027,Billy The Kid,Regulators,Uncommon,"Booster Packs, Starter Deck -The Resistance "
ERB,028,Captain Nemo Character Card,,Common,Booster Packs
ERB,029,Captain Nemo,Ethnologist,Common,Booster Packs
ERB,030,Captain Nemo,Never Set Foot On Dry Land,Uncommon,Booster Packs
ERB,031,Captain Nemo,Running Silently,Common,Booster Packs
ERB,032,Captain Nemo,Ruthless Plunderer,Common,Booster Packs
ERB,033,Captain Nemo,The Nautilus,Common,Booster Packs
ERB,034,Captain Nemo,Weapons of Wrath and Hatred,Common,Booster Packs
ERB,035,Carson of Venus Character Card,,Common,Booster Packs
ERB,036,Carson of Venus,Janjong Duare Mintep,Common,Booster Packs
ERB,037,Carson of Venus,On a razors edge,Common,Booster Packs
ERB,038,Carson of Venus,Telepathic Resistance,Common,Booster Packs
ERB,039,Carson of Venus,Sometimes Piracy is the Best Option,Common,Booster Packs
ERB,040,Carson of Venus,T-Ray Guns,Common,Booster Packs
ERB,041,Carson of Venus,Telepathic Training,Uncommon,Booster Packs
ERB,042,Count of Monte Cristo Character Card,,Common,Booster Packs
ERB,043,Count of Monte Cristo,Friend to Foe,Common,Booster Packs
ERB,044,Count of Monte Cristo,Jacopo,Common,Booster Packs
ERB,045,Count of Monte Cristo,Network of Thieves,Common,Booster Packs
ERB,046,Count of Monte Cristo,Surprise Swordsman,Common,Booster Packs
ERB,047,Count of Monte Cristo,Unlimited Resources,Common,Booster Packs
ERB,048,Cthulhu Character Card,,Common,"Booster Packs, Starter Deck - Horror Menagerie"
ERB,049,Cthulhu,Ancient One,Common,"Booster Packs, Starter Deck - Horror Menagerie"
ERB,050,Cthulhu,Devoted Follower,Common,Booster Packs
ERB,051,Cthulhu,Distracting Intervention,Common,Booster Packs
ERB,052,Cthulhu,Network of Fanatics,Common,"Booster Packs, Starter Deck - Horror Menagerie"
ERB,053,Cthulhu,The Call of Cthulhu,Common,Booster Packs
ERB,054,Cthulhu,The Sleeper Awakens,Uncommon,"Booster Packs, Starter Deck - Horror Menagerie"
ERB,055,Dejah Thoris Character Card,,Common,"Booster Packs, Starter Deck - Ungodly Powers"
ERB,056,Dejah Thoris,Warrior of Helium,Common,Booster Packs
ERB,057,Dejah Thoris,Diplomat to All Martians,Common,Booster Packs
ERB,058,Dejah Thoris,Fortune of Helium,Uncommon,Booster Packs
ERB,059,Dejah Thoris,Head of Martian Science,Common,Booster Packs
ERB,060,Dejah Thoris,Protector of Barsoom,Common,"Booster Packs, Starter Deck - Ungodly Powers"
ERB,061,Dejah Thoris,Champions of barsoom. ,Common,Booster Packs
ERB,062,Dr. Watson Character Card,,Common,Booster Packs
ERB,063,Dr. Watson,All Chips on the Table,Common,Booster Packs
ERB,064,Dr. Watson,Blackheath Rugby Star,Common,Booster Packs
ERB,065,Dr. Watson,British Army Surgeon,Common,Booster Packs
ERB,066,Dr. Watson,English Gentleman,Uncommon,Booster Packs
ERB,067,Dr. Watson,Not a Bad Detective,Common,Booster Packs
ERB,068,Dr. Watson,Always there for a Friend,Common,Booster Packs
ERB,069,Dracula Character Card,,Common,Booster Packs
ERB,070,Dracula,Crimson Restoration,Common,Booster Packs
ERB,071,Dracula,Veil of Deciept,Common,Booster Packs
ERB,072,Dracula,Lord of the Vampires,Common,Booster Packs
ERB,073,Dracula,Paralyzing Gaze,Uncommon,Booster Packs
ERB,074,Dracula,To the Last Man,Common,Booster Packs
ERB,075,Dracula,Undead Flesh,Common,Booster Packs
ERB,076,Headless Horseman Character Card,,Common,"Booster Packs, Starter Deck - Horror Menagerie"
ERB,077,Headless Horseman,Decapitate,Common,Booster Packs
ERB,078,Headless Horseman,Human Spine Whip,Common,"Booster Packs, Starter Deck - Horror Menagerie"
ERB,079,Headless Horseman,Mark of the Headless,Common,"Booster Packs, Starter Deck - Horror Menagerie"
ERB,080,Headless Horseman,Pumpkin Head,Common,"Booster Packs, Starter Deck - Horror Menagerie"
ERB,081,Headless Horseman,Relentless Hessian,Common,"Booster Packs, Starter Deck - Horror Menagerie"
ERB,082,Headless Horseman,Visage of Terror,Uncommon,Booster Packs
ERB,083,Hercules Character Card,,Common,Booster Packs
ERB,084,Hercules,Sowing Chaos,Common,Booster Packs
ERB,085,Hercules,Great Club,Common,Booster Packs
ERB,086,Hercules,Lion Skin Cloak,Common,Booster Packs
ERB,087,Hercules,Godly Powess ,Uncommon,Booster Packs
ERB,088,Hercules,Protector of Mankind,Common,Booster Packs
ERB,089,Hercules,Slaying the Hydra,Common,Booster Packs
ERB,090,Invisible Man Character Card,,Common,Booster Packs
ERB,091,Invisible Man,Didn't See it Coming,Uncommon,Booster Packs
ERB,092,Invisible Man,Hidden Sociopath,Common,Booster Packs
ERB,093,Invisible Man,I’m In Your House,Common,Booster Packs
ERB,094,Invisible Man,I’ve Murdered Before,Common,Booster Packs
ERB,095,Invisible Man,One at a Time,Common,Booster Packs
ERB,096,Invisible Man,Run and Hide,Common,Booster Packs
ERB,097,Jane Porter Character Card,,Common,Booster Packs
ERB,098,Jane Porter,Archimedes Q. Porter,Common,Booster Packs
ERB,099,Jane Porter,Ethnoarchaeology,Uncommon,Booster Packs
ERB,100,Jane Porter,Tenacious Pursuit,Common,Booster Packs
ERB,101,Jane Porter,Lady of the Jungle,Common,Booster Packs
ERB,102,Jane Porter,Not without my Friends,Common,Booster Packs
ERB,103,Jane Porter,Not a Damsel in Distress,Common,Booster Packs
ERB,104,Joan of Arc Character Card,,Common,"Booster Packs, Starter Deck - Time Detectives "
ERB,105,Joan of Arc,Angelic Visions,Common,Booster Packs
ERB,106,Joan of Arc,Burned at the Stake,Common,"Booster Packs, Starter Deck - Time Detectives "
ERB,107,Joan of Arc,Early Feminist Leader,Uncommon,Booster Packs
ERB,108,Joan of Arc,Inspirational Leadership,Common,"Booster Packs, Starter Deck - Time Detectives "
ERB,109,Joan of Arc,Patron Saint of France,Common,Booster Packs
ERB,110,Joan of Arc,Protection of Saint Michael,Common,"Booster Packs, Starter Deck - Time Detectives "
ERB,111,John Carter of Mars Character Card,,Common,"Booster Packs, Starter Deck -The Resistance "
ERB,112,John Carter of Mars,Dotar Sojat,Common,"Booster Packs, Starter Deck -The Resistance "
ERB,113,John Carter of Mars,Immortality,Uncommon,"Booster Packs, Starter Deck -The Resistance "
ERB,114,John Carter of Mars,Leap into the Fray,Common,Booster Packs
ERB,115,John Carter of Mars,Lower Gravity,Common,Booster Packs
ERB,116,John Carter of Mars,Superhuman Endurance,Common,"Booster Packs, Starter Deck -The Resistance "
ERB,117,John Carter of Mars,Virginia Fighting Man,Common,"Booster Packs, Starter Deck -The Resistance "
ERB,118,King Arthur Character Card,,Common,Booster Packs
ERB,119,King Arthur,Excalibur,Common,Booster Packs
ERB,120,King Arthur,King of Camelot,Common,Booster Packs
ERB,121,King Arthur,Knights of the Round Table,Common,Booster Packs
ERB,122,King Arthur,Legendary Partnership,Uncommon,Booster Packs
ERB,123,King Arthur,Heavy is the Head,Common,Booster Packs
ERB,124,King Arthur,Lead from the Front,Common,Booster Packs
ERB,125,Korak Character Card,,Common,Booster Packs
ERB,126,Korak,John Clayton III,Common,Booster Packs
ERB,127,Korak,Jungle Survival,Common,Booster Packs
ERB,128,Korak,"Like Father, Like Son",Uncommon,Booster Packs
ERB,129,Korak,Meriem and Jackie Clayton,Common,Booster Packs
ERB,130,Korak,Son of the Jungle,Common,Booster Packs
ERB,131,Korak,To The Death,Common,Booster Packs
ERB,132,Lancelot Character Card,,Common,Booster Packs
ERB,133,Lancelot,Chivalrous Protector,Common,Booster Packs
ERB,134,Lancelot,For Guinevere's Love,Common,Booster Packs
ERB,135,Lancelot,For the Queen!,Common,Booster Packs
ERB,136,Lancelot,Knight of the Round Table,Common,Booster Packs
ERB,137,Lancelot,Sword and Shield,Common,Booster Packs
ERB,138,Lancelot,True Strike,Uncommon,Booster Packs
ERB,139,Leonidas Character Card,,Common,Booster Packs
ERB,140,Leonidas,300,Common,Booster Packs
ERB,141,Leonidas,Baptized in Combat,Common,Booster Packs
ERB,142,Leonidas,For Sparta,Common,Booster Packs
ERB,143,Leonidas,Give Them Nothing,Common,Booster Packs
ERB,144,Leonidas,Greatest Soilders in History,Uncommon,Booster Packs
ERB,145,Leonidas,Shield Phalanx,Common,Booster Packs
ERB,146,Merlin Character Card,,Common,Booster Packs
ERB,147,Merlin,Archimedes,Common,Booster Packs
ERB,148,Merlin,Ascendant Mage,Common,Booster Packs
ERB,149,Merlin,For Camelot!,Common,Booster Packs
ERB,150,Merlin,Foretell the Future,Common,Booster Packs
ERB,151,Merlin,Shapeshift,Uncommon,Booster Packs
ERB,152,Merlin,Summon the Elements,Common,Booster Packs
ERB,153,Mina Harker Character Card,,Common,"Booster Packs, Starter Deck - Horror Menagerie"
ERB,154,Mina Harker,Dracula's Telepathic Connection,Common,"Booster Packs, Starter Deck - Horror Menagerie"
ERB,155,Mina Harker,"Jonathan Harker, Solicitor",Common,Booster Packs
ERB,156,Mina Harker,Nocturnal Hunter,Common,Booster Packs
ERB,157,Mina Harker,The Hunger,Uncommon,"Booster Packs, Starter Deck - Horror Menagerie"
ERB,158,Mina Harker,Tracking Movements,Common,Booster Packs
ERB,159,Mina Harker,Vampiric Celerity,Common,Booster Packs
ERB,160,Morgan le Fey Character Card,,Common,Booster Packs
ERB,161,Morgan le Fey,Apprentice of Merlin,Common,Booster Packs
ERB,162,Morgan le Fey,Avalon's Warmth,Uncommon,Booster Packs
ERB,163,Morgan le Fey,Duality,Common,Booster Packs
ERB,164,Morgan le Fey,Enchantress' Guile,Common,Booster Packs
ERB,165,Morgan le Fey,Shapeshifter's Guise,Common,Booster Packs
ERB,166,Morgan le Fey,Teleportation Circle,Common,Booster Packs
ERB,167,Mr. Hyde Character Card,,Common,Booster Packs
ERB,168,Mr. Hyde,Overdose,Common,Booster Packs
ERB,169,Mr. Hyde,Sadistic Tendencies,Common,Booster Packs
ERB,170,Mr. Hyde,Set Loose,Uncommon,Booster Packs
ERB,171,Mr. Hyde,The Serum,Common,Booster Packs
ERB,172,Mr. Hyde,Trample,Common,Booster Packs
ERB,173,Mr. Hyde,Victorian Sophisticant,Common,Booster Packs
ERB,174,Poseidon Character Card,,Common,Booster Packs
ERB,175,Poseidon,Reclaim the Water,Common,Booster Packs
ERB,176,Poseidon,Form of Water,Common,Booster Packs
ERB,177,Poseidon,Poseidon's Might,Common,Booster Packs
ERB,178,Poseidon,Rising Tides,Common,Booster Packs
ERB,179,Poseidon,Trident,Common,Booster Packs
ERB,180,Poseidon,Tsunami ,Uncommon,Booster Packs
ERB,181,Professor Moriarty Character Card,,Common,Booster Packs
ERB,182,Professor Moriarty,Complex Criminal Scheme,Common,Booster Packs
ERB,183,Professor Moriarty,Criminal Mastermind,Uncommon,Booster Packs
ERB,184,Professor Moriarty,Future Plans,Common,Booster Packs
ERB,185,Professor Moriarty,Mathematical Genius,Common,Booster Packs
ERB,186,Professor Moriarty,Napoleon of Crime,Common,Booster Packs
ERB,187,Professor Moriarty,Tactical Fighter,Common,Booster Packs
ERB,188,Ra Character Card,,Common,Booster Packs
ERB,189,Ra,Cult of Mnevis Bull,Common,Booster Packs
ERB,190,Ra,Eye of Sekhmet,Uncommon,Booster Packs
ERB,191,Ra,Healing Waters of the Nile,Common,Booster Packs
ERB,192,Ra,Shards of the Staff,Common,Booster Packs
ERB,193,Ra,Staff Fragments,Common,Booster Packs
ERB,194,Ra,Staff Head,Common,Booster Packs
ERB,195,Robin Hood Character Card,,Common,Booster Packs
ERB,196,Robin Hood,Band of Merry Men,Common,Booster Packs
ERB,197,Robin Hood,Defender of the People,Common,Booster Packs
ERB,198,Robin Hood,Hero of Nottingham,Common,Booster Packs
ERB,199,Robin Hood,Master Archer,Common,Booster Packs
ERB,200,Robin Hood,Master Thief,Uncommon,Booster Packs
ERB,201,Robin Hood,Steal from the Rich,Common,Booster Packs
ERB,202,Sheriff of Nottingham Character Card,,Common,Booster Packs
ERB,203,Sheriff of Nottingham,Flaming Arrows,Common,Booster Packs
ERB,204,Sheriff of Nottingham,I Command an Army,Common,Booster Packs
ERB,205,Sheriff of Nottingham,Read the Bones,Common,Booster Packs
ERB,206,Sheriff of Nottingham,Rule by Fear,Common,Booster Packs
ERB,207,Sheriff of Nottingham,Squeeze the Commoners,Uncommon,Booster Packs
ERB,208,Sheriff of Nottingham,Taxes,Common,Booster Packs
ERB,209,Sherlock Holmes Character Card,,Common,"Booster Packs, Starter Deck - Time Detectives "
ERB,210,Sherlock Holmes,Battle of Wits,Common,"Booster Packs, Starter Deck - Time Detectives "
ERB,211,Sherlock Holmes,Brilliant Deduction,Common,"Booster Packs, Starter Deck - Time Detectives "
ERB,212,Sherlock Holmes,Irene Adler,Common,"Booster Packs, Starter Deck - Time Detectives "
ERB,213,Sherlock Holmes,Logical Reasoning,Common,Booster Packs
ERB,214,Sherlock Holmes,Probability Evaluation,Uncommon,Booster Packs
ERB,215,Sherlock Holmes,Unpredictable Mind,Common,"Booster Packs, Starter Deck - Time Detectives "
ERB,216,Sun Wukong Character Card,,Common,Booster Packs
ERB,217,Sun Wukong,Cloud Surfing,Common,Booster Packs
ERB,218,Sun Wukong,Godly Strength,Common,Booster Packs
ERB,219,Sun Wukong,Grasp of the Five Elements,Uncommon,Booster Packs
ERB,220,Sun Wukong,Staff of the Monkey King,Common,Booster Packs
ERB,221,Sun Wukong,Stone Skin,Common,Booster Packs
ERB,222,Sun Wukong,Transformation Trickery,Common,Booster Packs
ERB,223,Tars Tarkas Character Card,,Common,Booster Packs
ERB,224,Tars Tarkas,Avenging My Love,Uncommon,Booster Packs
ERB,225,Tars Tarkas,Barsoomian Warrior & Statesman,Common,Booster Packs
ERB,226,Tars Tarkas,Four-Armed Warrior,Common,Booster Packs
ERB,227,Tars Tarkas,Jeddak of Thark,Common,Booster Packs
ERB,228,Tars Tarkas,Protector of the Incubator,Common,Booster Packs
ERB,229,Tars Tarkas,Sola,Common,Booster Packs
ERB,230,Tarzan Character Card,,Common,Booster Packs
ERB,231,Tarzan,Emotional Senses,Common,Booster Packs
ERB,232,Tarzan,Jungle Tactics,Common,Booster Packs
ERB,233,Tarzan,Lord of the Jungle,Uncommon,Booster Packs
ERB,234,Tarzan,My Feet Feel Like Hands,Common,Booster Packs
ERB,235,Tarzan,Raised by Mangani Apes,Common,Booster Packs
ERB,236,Tarzan,Deceptive Manuver,Common,Booster Packs
ERB,237,The Mummy Character Card,,Common,"Booster Packs, Starter Deck - Horror Menagerie"
ERB,238,The Mummy,Ancient Wisdom,Common,"Booster Packs, Starter Deck - Horror Menagerie"
ERB,239,The Mummy,Fury of the Desert,Common,Booster Packs
ERB,240,The Mummy,Pharaoh of the Fourth Dynasty,Uncommon,"Booster Packs, Starter Deck - Horror Menagerie"
ERB,241,The Mummy,Reinvigorated By Fresh Organs,Common,Booster Packs
ERB,242,The Mummy,Relentless Pursuit,Common,"Booster Packs, Starter Deck - Horror Menagerie"
ERB,243,The Mummy,The Eternal Journey,Common,"Booster Packs, Starter Deck - Horror Menagerie"
ERB,244,The Three Musketeers Character Card,,Common,"Booster Packs, Starter Deck -The Resistance "
ERB,245,The Three Musketeers,All For One,Uncommon,Booster Packs
ERB,246,The Three Musketeers,Aramis,Common,"Booster Packs, Starter Deck -The Resistance "
ERB,247,The Three Musketeers,Athos,Common,"Booster Packs, Starter Deck -The Resistance "
ERB,248,The Three Musketeers,D'Artagnan,Common,Booster Packs
ERB,249,The Three Musketeers,Porthos,Common,Booster Packs
ERB,250,The Three Musketeers,Valiant Charge,Common,"Booster Packs, Starter Deck -The Resistance "
ERB,251,Time Traveler Character Card,,Common,"Booster Packs, Starter Deck - Time Detectives "
ERB,252,Time Traveler,From a Mile Away,Common,"Booster Packs, Starter Deck - Time Detectives "
ERB,253,Time Traveler,Futuristic Phaser,Common,"Booster Packs, Starter Deck - Time Detectives "
ERB,254,Time Traveler,I'll Already Be Gone,Common,"Booster Packs, Starter Deck - Time Detectives "
ERB,255,Time Traveler,Knowledge of Tomorrow,Uncommon,Booster Packs
ERB,256,Time Traveler,Harbinger's Warning,Common,Booster Packs
ERB,257,Time Traveler,The Tomorrow Doctor,Common,"Booster Packs, Starter Deck - Time Detectives "
ERB,258,Van Helsing Character Card,,Common,Booster Packs
ERB,259,Van Helsing,"Doctor, Professor, Lawyer, Scientist",Common,Booster Packs
ERB,260,Van Helsing,Monster Hunting Expert,Uncommon,Booster Packs
ERB,261,Van Helsing,Crossbow Expert,Common,Booster Packs
ERB,262,Van Helsing,Right Tools for the Job,Common,Booster Packs
ERB,263,Van Helsing,Sacred Wafers from Amsterdam,Common,Booster Packs
ERB,264,Van Helsing,World Renowned Doctor,Common,Booster Packs
ERB,265,Victory Harben Character Card,,Common,"Booster Packs, Starter Deck - Time Detectives "
ERB,266,Victory Harben,Abner Perry's Lab Assistant,Common,"Booster Packs, Starter Deck - Time Detectives "
ERB,267,Victory Harben,"Archery, Knives & Jujitsu",Common,Booster Packs
ERB,268,Victory Harben,Chamston-Hedding Estate,Common,Booster Packs
ERB,269,Victory Harben,Department of Theoretical Physics,Common,"Booster Packs, Starter Deck - Time Detectives "
ERB,270,Victory Harben,Fires of Halos,Uncommon,Booster Packs
ERB,271,Victory Harben,Practical Physics,Common,Booster Packs
ERB,272,Wicked Witch of the West Character Card,,Common,"Booster Packs, Starter Deck - Ungodly Powers"
ERB,273,Wicked Witch of the West,Aquaphobic,Common,"Booster Packs, Starter Deck - Ungodly Powers"
ERB,274,Wicked Witch of the West,Feared by All Witches,Common,"Booster Packs, Starter Deck - Ungodly Powers"
ERB,275,Wicked Witch of the West,I Will Have Those Silver Shoes!,Common,"Booster Packs, Starter Deck - Ungodly Powers"
ERB,276,Wicked Witch of the West,One Eye,Uncommon,Booster Packs
ERB,277,Wicked Witch of the West,Harness the Wind,Common,Booster Packs
ERB,278,Wicked Witch of the West,"Wolves, Crows, & Black Bees",Common,Booster Packs
ERB,279,Zeus Character Card,,Common,"Booster Packs, Starter Deck - Ungodly Powers"
ERB,280,Zeus,A Jealous God,Common,"Booster Packs, Starter Deck - Ungodly Powers"
ERB,281,Zeus,Banishment,Common,"Booster Packs, Starter Deck - Ungodly Powers"
ERB,282,Zeus,Hera,Common,"Booster Packs, Starter Deck - Ungodly Powers"
ERB,283,Zeus,Law and Order,Common,Booster Packs
ERB,284,Zeus,Thunderbolt,Common,"Booster Packs, Starter Deck - Ungodly Powers"
ERB,285,Zorro Character Card,,Common,"Booster Packs, Starter Deck -The Resistance "
ERB,286,Zorro,3 Quick Strokes,Uncommon,"Booster Packs, Starter Deck -The Resistance "
ERB,287,Zorro,Elite Swordsmanship,Common,"Booster Packs, Starter Deck -The Resistance "
ERB,288,Zorro,Master of Escape,Common,"Booster Packs, Starter Deck -The Resistance "
ERB,289,Zorro,Rapier,Common,Booster Packs
ERB,290,Zorro,Riches of Don Diego de la Vega,Common,Booster Packs
ERB,291,Zorro,Riposte,Common,"Booster Packs, Starter Deck -The Resistance "
ERB,292,8 Energy,Power Card,Common,"Starter Deck - Ungodly Powers, Power Card Station"
ERB,293,7 Energy,Power Card,Common,"Starter Deck - Ungodly Powers, Power Card Station"
ERB,294,6 Energy,Power Card,Common,"Starter Deck - Ungodly Powers,Horror Menagerie, Power Card Station"
ERB,295,5 Energy,Power Card,Common,"Starter Deck - Horror Menagerie, Power Card Station"
ERB,296,4 Energy,Power Card,Common,"Starter Deck - Horror Menagerie, Power Card Station"
ERB,297,3 Energy,Power Card,Common,"Starter Deck - Horror Menagerie, Power Card Station"
ERB,298,2 Energy,Power Card,Common,"Starter Deck -The Resistance, Time Detectives, Power Card Station"
ERB,299,1 Energy,Power Card,Common,"Starter Deck -The Resistance, Time Detectives, Power Card Station"
ERB,300,8 Combat,Power Card,Common,"Starter Deck -The Resistance, Power Card Station"
ERB,301,7 Combat,Power Card,Common,"Starter Deck -The Resistance, Power Card Station"
ERB,302,6 Combat,Power Card,Common,"Starter Deck -The Resistance, Power Card Station"
ERB,303,5 Combat,Power Card,Common,"Starter Deck - Time Detectives, Power Card Station"
ERB,304,4 Combat,Power Card,Common,"Starter Deck - Ungodly Powers, Time Detectives, Power Card Station"
ERB,305,3 Combat,Power Card,Common,"Starter Deck - Ungodly Powers, Power Card Station"
ERB,306,2 Combat,Power Card,Common,"Starter Deck - Ungodly Powers,Horror Menagerie, Power Card Station"
ERB,307,1 Combat,Power Card,Common,"Starter Deck - Ungodly Powers,Horror Menagerie, Power Card Station"
ERB,308,8 Brute Force,Power Card,Common,"Starter Deck - Horror Menagerie, Power Card Station"
ERB,309,7 Brute Force,Power Card,Common,"Starter Deck - Horror Menagerie, Power Card Station"
ERB,310,6 Brute Force,Power Card,Common,"Starter Deck - Ungodly Powers,Horror Menagerie, Power Card Station"
ERB,311,5 Brute Force,Power Card,Common,"Starter Deck - Ungodly Powers, The Resistance , Power Card Station"
ERB,312,4 Brute Force,Power Card,Common,"Starter Deck - Ungodly Powers, The Resistance , Power Card Station"
ERB,313,3 Brute Force,Power Card,Common,"Starter Deck -The Resistance, Time Detectives, Power Card Station"
ERB,314,2 Brute Force,Power Card,Common,"Starter Deck -The Resistance, Time Detectives, Power Card Station"
ERB,315,1 Brute Force,Power Card,Common,"Starter Deck -The Resistance, Time Detectives, Power Card Station"
ERB,316,8 Intelligence,Power Card,Common,"Starter Deck - Time Detectives, Power Card Station"
ERB,317,7 Intelligence,Power Card,Common,"Starter Deck - Time Detectives, Power Card Station"
ERB,318,6 Intelligence,Power Card,Common,"Starter Deck - Time Detectives, Power Card Station"
ERB,319,5 Intelligence,Power Card,Common,"Starter Deck - Ungodly Powers, The Resistance, Power Card Station"
ERB,320,4 Intelligence,Power Card,Common,"Starter Deck -The Resistance, Time Detectives, Power Card Station"
ERB,321,3 Intelligence,Power Card,Common,"Starter Deck -The Resistance, Time Detectives, Power Card Station"
ERB,322,2 Intelligence,Power Card,Common,"Starter Deck - Ungodly Powers,Horror Menagerie, Power Card Station"
ERB,323,1 Intelligence,Power Card,Common,"Starter Deck - Ungodly Powers,Horror Menagerie, Power Card Station"
ERB,324,"5 Energy or less, To Use",Universe: Ally Card,Common,"Starter Deck -The Resistance, Power Card Station"
ERB,325,"7 Energy, or higher, To Use",Universe: Ally Card,Common,"Starter Deck - Ungodly Powers, Power Card Station"
ERB,326,"5 Combat or less, To Use",Universe: Ally Card,Common,"Starter Deck - Ungodly Powers, Power Card Station"
ERB,327,"7 Combat, or higher, To Use",Universe: Ally Card,Common,"Starter Deck - Horror Menagerie, Power Card Station"
ERB,328,"5 Brute Force or less, To Use",Universe: Ally Card,Common,"Starter Deck - Horror Menagerie, Power Card Station"
ERB,329,"7 Brute Force, or higher, To Use",Universe: Ally Card,Common,"Starter Deck - Horror Menagerie, Power Card Station"
ERB,330,"5 Intelligence or less, To Use",Universe: Ally Card,Common,"Starter Deck - Horror Menagerie, Power Card Station"
ERB,331,"7 Intelligence, or higher, To Use",Universe: Ally Card,Common,"Starter Deck -The Resistance, Power Card Station"
ERB,332,6 Energy +2,Universe: Basic Card,Common,"Starter Deck - Ungodly Powers, Power Card Station"
ERB,333,6 Energy +3,Universe: Basic Card,Common,"Starter Deck - Ungodly Powers, Power Card Station"
ERB,334,7 Energy +3,Universe: Basic Card,Common,"Starter Deck - Ungodly Powers, Power Card Station"
ERB,335,6 Combat +2,Universe: Basic Card,Common,"Starter Deck -The Resistance, Power Card Station"
ERB,336,6 Combat +3,Universe: Basic Card,Common,"Starter Deck -The Resistance, Power Card Station"
ERB,337,7 Combat +3,Universe: Basic Card,Common,"Starter Deck -The Resistance, Power Card Station"
ERB,338,6 Brute Force +2,Universe: Basic Card,Common,"Starter Deck - Horror Menagerie, Power Card Station"
ERB,339,6 Brute Force +3,Universe: Basic Card,Common,"Starter Deck - Horror Menagerie, Power Card Station"
ERB,340,7 Brute Force +3,Universe: Basic Card,Common,"Starter Deck - Horror Menagerie, Power Card Station"
ERB,341,6 Intelligence +2,Universe: Basic Card,Common,"Starter Deck -The Resistance, Power Card Station"
ERB,342,6 Intelligence +3,Universe: Basic Card,Common,"Starter Deck -The Resistance, Power Card Station"
ERB,343,7 Intelligence +3,Universe: Basic Card,Common,"Starter Deck -The Resistance, Power Card Station"
ERB,344,"5 Energy, 5 Combat +4 ",Universe: Training Card,Common,"Starter Deck - Horror Menagerie, Power Card Station"
ERB,345,"5 Energy, 5 Brute Force +4 ",Universe: Training Card,Common,"Starter Deck -The Resistance, Power Card Station"
ERB,346,"5 Energy, 5 Intelligence +4 ",Universe: Training Card,Common,"Starter Deck - Horror Menagerie, The Resistance, Power Card Station"
ERB,347,"5 Combat, 5 Brute Force +4 ",Universe: Training Card,Common,"Starter Deck -The Resistance, Power Card Station"
ERB,348,"5 Combat, 5 Intelligence +4 ",Universe: Training Card,Common,"Starter Deck - Ungodly Powers, Power Card Station"
ERB,349,"5 Brute Force, 5 Intelligence +4 ",Universe: Training Card,Common,"Starter Deck - Ungodly Powers, The Resistance,  Power Card Station"
ERB,350,Mission Card (1 of 7) - Call of Cthulhu,Mission Set: Call of Cthulhu,Common,Starter Deck -The Resistance 
ERB,351,Mission Card (2 of 7) - Call of Cthulhu,Mission Set: Call of Cthulhu,Common,Starter Deck -The Resistance 
ERB,352,Mission Card (3 of 7) - Call of Cthulhu,Mission Set: Call of Cthulhu,Common,Starter Deck -The Resistance 
ERB,353,Mission Card (4 of 7) - Call of Cthulhu,Mission Set: Call of Cthulhu,Common,Starter Deck -The Resistance 
ERB,354,Mission Card (5 of 7) - Call of Cthulhu,Mission Set: Call of Cthulhu,Common,Starter Deck -The Resistance 
ERB,355,Mission Card (6 of 7) - Call of Cthulhu,Mission Set: Call of Cthulhu,Common,Starter Deck -The Resistance 
ERB,356,Mission Card (7 of 7) - Call of Cthulhu,Mission Set: Call of Cthulhu,Common,Starter Deck -The Resistance 
ERB,357,Event 1 - Desperate Gamble,Event Set: Call of Cthulhu,Common,Starter Deck -The Resistance 
ERB,358,Event 2 - The Cost of Knowledge is Sanity,Event Set: Call of Cthulhu,Common,Starter Deck -The Resistance 
ERB,359,Event 3 - Stars Align,Event Set: Call of Cthulhu,Common,Starter Deck -The Resistance 
ERB,360,Event 4 - Who Can You Trust,Event Set: Call of Cthulhu,Common,Prize Packs
ERB,361,Event 5  - Healing by a Dark Power,Event Set: Call of Cthulhu,Common,Prize Packs
ERB,362,Mission Card (1 of 7) - Tarzan King of the Jungle,Mission Set: Tarzan of the Jungle,Common,Starter Deck - Horror Menagerie
ERB,363,Mission Card (2 of 7) - Tarzan King of the Jungle,Mission Set: Tarzan of the Jungle,Common,Starter Deck - Horror Menagerie
ERB,364,Mission Card (3 of 7) - Tarzan King of the Jungle,Mission Set: Tarzan of the Jungle,Common,Starter Deck - Horror Menagerie
ERB,365,Mission Card (4 of 7) - Tarzan King of the Jungle,Mission Set: Tarzan of the Jungle,Common,Starter Deck - Horror Menagerie
ERB,366,Mission Card (5 of 7) - Tarzan King of the Jungle,Mission Set: Tarzan of the Jungle,Common,Starter Deck - Horror Menagerie
ERB,367,Mission Card (6 of 7) - Tarzan King of the Jungle,Mission Set: Tarzan of the Jungle,Common,Starter Deck - Horror Menagerie
ERB,368,Mission Card (7 of 7) - Tarzan King of the Jungle,Mission Set: Tarzan of the Jungle,Common,Starter Deck - Horror Menagerie
ERB,369,Event 1 - The Lost City of Opar,Event Set: Tarzan of the Jungle,Common,Starter Deck - Horror Menagerie
ERB,370,Event 2 - Tarzan The Terrible,Event Set: Tarzan of the Jungle,Common,Starter Deck - Horror Menagerie
ERB,371,Event 3 - The Power of Gonfal,Event Set: Tarzan of the Jungle,Common,Starter Deck - Horror Menagerie
ERB,372,Event 4 - Jane,Event Set: Tarzan of the Jungle,Common,Prize Packs
ERB,373,Event 5 -A Captive No More,Event Set: Tarzan of the Jungle,Common,Prize Packs
ERB,374,Mission Card (1 of 7) - John Carter - Warlord From Mars,Mission Set: John Carter - Chronicles of Mars,Common,Starter Deck - Time Detectives 
ERB,375,Mission Card (2 of 7) - John Carter - Warlord From Mars,Mission Set: John Carter - Chronicles of Mars,Common,Starter Deck - Time Detectives 
ERB,376,Mission Card (3 of 7) - John Carter - Warlord From Mars,Mission Set: John Carter - Chronicles of Mars,Common,Starter Deck - Time Detectives 
ERB,377,Mission Card (4 of 7) - John Carter - Warlord From Mars,Mission Set: John Carter - Chronicles of Mars,Common,Starter Deck - Time Detectives 
ERB,378,Mission Card (5 of 7) - John Carter - Warlord From Mars,Mission Set: John Carter - Chronicles of Mars,Common,Starter Deck - Time Detectives 
ERB,379,Mission Card (6 of 7) - John Carter - Warlord From Mars,Mission Set: John Carter - Chronicles of Mars,Common,Starter Deck - Time Detectives 
ERB,380,Mission Card (7 of 7) - John Carter - Warlord From Mars,Mission Set: John Carter - Chronicles of Mars,Common,Starter Deck - Time Detectives 
ERB,381,Event 1  - Giant Man of Mars,Event Set:  Chronicles of Mars,Common,Starter Deck - Time Detectives 
ERB,382,Event 2 - Battle With Zad,Event Set:  Chronicles of Mars,Common,Starter Deck - Time Detectives 
ERB,383,Event 3 - Eyes in the Dark,Event Set:  Chronicles of Mars,Common,Starter Deck - Time Detectives 
ERB,384,Event 4 - A Venomous Threat,Event Set:  Chronicles of Mars,Common,Prize Packs
ERB,385,Event 5 - The Chamber of Reptiles,Event Set:  Chronicles of Mars,Common,Prize Packs
ERB,386,Mission Card (1 of 7) - Time Wars,"Mission Set: ""Time Wars: Rise of the Gods"" UV-GLOSS",Common,Starter Deck - Ungodly Powers
ERB,387,Mission Card (2 of 7) - Time Wars,"Mission Set: ""Time Wars: Rise of the Gods"" UV-GLOSS",Common,Starter Deck - Ungodly Powers
ERB,388,Mission Card (3 of 7) - Time Wars,"Mission Set: ""Time Wars: Rise of the Gods"" UV-GLOSS",Common,Starter Deck - Ungodly Powers
ERB,389,Mission Card (4 of 7) - Time Wars,"Mission Set: ""Time Wars: Rise of the Gods"" UV-GLOSS",Common,Starter Deck - Ungodly Powers
ERB,390,Mission Card (5 of 7) - Time Wars,"Mission Set: ""Time Wars: Rise of the Gods"" UV-GLOSS",Common,Starter Deck - Ungodly Powers
ERB,391,Mission Card (6 of 7) - Time Wars,"Mission Set: ""Time Wars: Rise of the Gods"" UV-GLOSS",Common,Starter Deck - Ungodly Powers
ERB,392,Mission Card (7 of 7) - Time Wars,"Mission Set: ""Time Wars: Rise of the Gods"" UV-GLOSS",Common,Starter Deck - Ungodly Powers
ERB,393,Event 1 - Rally Our Allies ,"Event Set:  ""Time Wars: Rise of the Gods""",Common,Starter Deck - Ungodly Powers
ERB,394,Event 2 - Second Chances,"Event Set:  ""Time Wars: Rise of the Gods""",Common,Starter Deck - Ungodly Powers
ERB,395,Event 3 - Heroes We Need,"Event Set:  ""Time Wars: Rise of the Gods""",Common,Starter Deck - Ungodly Powers
ERB,396,Event 4 - Ready For War,"Event Set:  ""Time Wars: Rise of the Gods""",Common,Prize Packs
ERB,397,Event 5 - Getting Our Hands Dirty ,"Event Set:  ""Time Wars: Rise of the Gods""",Common,Prize Packs
ERB,398,"6 Energy +0/+1 Brute Force, Intelligence",Universe: Teamwork Card,Uncommon,Booster Packs
ERB,399,"6 Energy +0/+1 Combat, Brute Force ",Universe: Teamwork Card,Uncommon,"Booster Packs, Starter Deck - Ungodly Powers"
ERB,400,"6 Energy +0/+1 Combat, Intelligence",Universe: Teamwork Card,Uncommon,Booster Packs
ERB,401,"7 Energy +1/+1 Combat, Intelligence",Universe: Teamwork Card,Uncommon,Booster Packs
ERB,402,"7 Energy +1/+1 Combat, Brute Force",Universe: Teamwork Card,Uncommon,Booster Packs
ERB,403,"7 Energy +1/+1 Brute Force, Intelligence",Universe: Teamwork Card,Uncommon,Booster Packs
ERB,404,"8 Energy +1/+2 Combat, Brute Force",Universe: Teamwork Card,Uncommon,Booster Packs
ERB,405,"8 Energy +1/+2 Brute Force, Intelligence",Universe: Teamwork Card,Uncommon,Booster Packs
ERB,406,"8 Energy +1/+2 Combat, Intelligence",Universe: Teamwork Card,Uncommon,Booster Packs
ERB,407,"6 Combat +0/+1 Energy, Brute Force",Universe: Teamwork Card,Uncommon,Booster Packs
ERB,408,"6 Combat +0/+1 Brute Force, Intelligence",Universe: Teamwork Card,Uncommon,Booster Packs
ERB,409,"6 Combat +0/+1 Energy, Intelligence",Universe: Teamwork Card,Uncommon,Booster Packs
ERB,410,7 Combat +1/+1 Brute Force Intelligence,Universe: Teamwork Card,Uncommon,Booster Packs
ERB,411,"7 Combat +1/+1 Energy, Intelligence",Universe: Teamwork Card,Uncommon,Booster Packs
ERB,412,"7 Combat +1/+1 Energy,Brute Force",Universe: Teamwork Card,Uncommon,Booster Packs
ERB,413,"8 Combat +1/+2 Energy, Intelligence",Universe: Teamwork Card,Uncommon,Booster Packs
ERB,414,"8 Combat +1/+2  Brute Force, Intelligence",Universe: Teamwork Card,Uncommon,Booster Packs
ERB,415,"8 Combat +1/+2 Energy, Brute Force",Universe: Teamwork Card,Uncommon,Booster Packs
ERB,416,"6 Brute Force +0/+1 Energy, Combat",Universe: Teamwork Card,Uncommon,Booster Packs
ERB,417,"6 Brute Force +0/+1  Energy, Intelligence",Universe: Teamwork Card,Uncommon,Booster Packs
ERB,418,"6 Brute Force +0/+1 Combat, Intellegence",Universe: Teamwork Card,Uncommon,Booster Packs
ERB,419,"7 Brute Force +1/+1  Energy, Intelligence",Universe: Teamwork Card,Uncommon,Booster Packs
ERB,420,"7 Brute Force +1/+1  Energy, Combat",Universe: Teamwork Card,Uncommon,Booster Packs
ERB,421,"7 Brute Force +1/+1 Combat, Intellegence",Universe: Teamwork Card,Uncommon,Booster Packs
ERB,422,"8 Brute Force +1/+2 Combat, Intellegence",Universe: Teamwork Card,Uncommon,Booster Packs
ERB,423,"8 Brute Force +1/+2  Energy, Intelligence",Universe: Teamwork Card,Uncommon,Booster Packs
ERB,424,"8 Brute Force +1/+2  Energy, Combat",Universe: Teamwork Card,Uncommon,Booster Packs
ERB,425,6 Intelligence +0/+1 Combat Brute Force,Universe: Teamwork Card,Uncommon,Booster Packs
ERB,426,"6 Intelligence +0/+1 Energy, Brute Force",Universe: Teamwork Card,Uncommon,Booster Packs
ERB,427,"6 Intelligence +0/+1 Energy, Combat",Universe: Teamwork Card,Uncommon,Booster Packs
ERB,428,7 Intelligence +1/+1 Combat Brute Force,Universe: Teamwork Card,Uncommon,Booster Packs
ERB,429,"7 Intelligence +1/+1 Energy, Brute Force",Universe: Teamwork Card,Uncommon,Booster Packs
ERB,430,"7 Intelligence +1/+1 Energy, Combat",Universe: Teamwork Card,Uncommon,Booster Packs
ERB,431,8 Intelligence +1/+2 Combat Brute Force,Universe: Teamwork Card,Uncommon,Booster Packs
ERB,432,"8 Intelligence +1/+2 Energy, Combat",Universe: Teamwork Card,Uncommon,Booster Packs
ERB,433,"8 Intelligence +1/+2 Energy,  Brute Force",Universe: Teamwork Card,Uncommon,Booster Packs
ERB,434,"4 Energy, make an additional attack",Aspect Card,Uncommon,Booster Packs
ERB,435,"4 Combat, make an additional attack",Aspect Card,Uncommon,Booster Packs
ERB,436,"4 Brute Force, make an additional attack",Aspect Card,Uncommon,Booster Packs
ERB,437,"4 Intelligence, make an additional attack",Aspect Card,Uncommon,Booster Packs
ERB,438,"2 Multip Power, Make 1 Additional attack",Aspect Card,Uncommon,Booster Packs
ERB,439,Any-Character: Cataclysm!,Disorient Opponent,Uncommon,Booster Packs
ERB,440,Any-Character: Cataclysm!,Lady of the Lake,Common,Prize Packs
ERB,441,Any-Character: Cataclysm!,Robin Hood: Master Thief,Common,Prize Packs
ERB,442,Any-Character: Cataclysm!,Tunupa: Mountain God,Uncommon,Booster Packs
ERB,443,Any-Character: Cataclysm!,Fairy Protection,Uncommon,Booster Packs
ERB,444,Any-Character: Cataclysm!,Loki,Common,Prize Packs
ERB,445,Any-Character: Ambushes!,Wrath of Ra,Common,Prize Packs
ERB,446,Any-Character: Ambushes!,Valkyrie Skeggiold,Common,Prize Packs
ERB,447,Any-Character: Ambushes!,Oni & Succubus,Common,Prize Packs
ERB,448,Any-Character: Ambushes!,Bodhisattava: Enlightened One,Common,Prize Packs
ERB,449,Any-Character: Assist!,Mystical Energy,Common,Prize Packs
ERB,450,Any-Character: Assist!,Charge Into Battle!,Common,Prize Packs
ERB,451,Any-Character: Assist!,Subjugate the Meek,Common,Prize Packs
ERB,452,Any-Character: Assist!,Draconic Leadership,Common,Prize Packs
ERB,453,Any-Character: Assist!,Lilith’s Swarm,Common,Prize Packs
ERB,454,Any-Character,Disorient Opponent,Uncommon,Booster Packs
ERB,455,Any-Character,Freya Goddess of Pretection,Uncommon,Booster Packs
ERB,456,Any-Character,Grim Reaper,Common,Prize Packs
ERB,457,Any-Character,Gunnr: Battle Valkyrie,Uncommon,Booster Packs
ERB,458,Any-Character,Hades: Lord of the Underworld,Common,Prize Packs
ERB,459,Any-Character,Legendary Escape,Uncommon,Booster Packs
ERB,460,Any-Character,Merlin’s Magic,Uncommon,Booster Packs
ERB,461,Any-Character,Preternatural Healing,Uncommon,Booster Packs
ERB,462,Any-Character,Princess and the Pea,Common,Prize Packs
ERB,463,Any-Character,The Gemini,Uncommon,Booster Packs
ERB,464,Any-Character,Valkyrie Hildr: Select the Slain,Uncommon,Booster Packs
ERB,465,Dracula’s Armory,Location Card,Common,Prize Packs
ERB,466,Spartan Training Ground,Location Card,Common,Prize Packs
ERB,467,Roundtable,Location Card,Uncommon,Booster Packs
ERB,468,Barsoom,Location Card,Uncommon,Booster Packs
ERB,469,Ascleipeion,Location Card,Uncommon,Booster Packs
ERB,470,221-B  Baker St,Location Card,Uncommon,Booster Packs
ERB,471,Event Horizon,Location Card,Uncommon,Booster Packs
ERB,472,The Land that Time Forgot,Location Card,Uncommon,Booster Packs
ERB,473,5 Any-Power Power Card,Any-Power Power Card,Uncommon,Booster Packs
ERB,474,6 Any-Power Power Card,Any-Power Power Card,Uncommon,Booster Packs
ERB,475,7 Any-Power Power Card,Any-Power Power Card,Uncommon,Booster Packs
ERB,476,8 Any-Power Power Card,Any-Power Power Card,Uncommon,Booster Packs
ERB,477,3 MultiPower Power Card,MultiPower Power Card,Uncommon,Booster Packs
ERB,478,4 MultiPower Power Card,MultiPower Power Card,Uncommon,Booster Packs
ERB,479,5 MultiPower Power Card,MultiPower Power Card,Uncommon,Booster Packs
ERB,480,6 Any-Power Teamwork Card,Any-Power Teamwork Card,Uncommon,Booster Packs
ERB,481,7 Any-Power Teamwork  Card,Any-Power Teamwork Card,Uncommon,Booster Packs
ERB,482,Angry Mob: Middle Ages Character Card,Alternative Art Hero Cards,Rare,Booster Packs
ERB,483,Angry Mob: Industrial Age Character Card,Alternative Art Hero Cards,Rare,Booster Packs
ERB,484,Angry Mob: Modern Age Character Card,Alternative Art Hero Cards,Ultra Rare,Booster Packs
ERB,485,Anubis Character Card,Alternative Art Hero Cards,Rare,Booster Packs
ERB,486,Billy The Kid Character Card,Alternative Art Hero Cards,Rare,Booster Packs
ERB,487,Carson of Venus Character Card - ERB,Alternative Art Hero Cards,Rare,Booster Packs
ERB,488,Count of Monte Cristo Character Card,Alternative Art Hero Cards,Rare,Booster Packs
ERB,489,Cthulhu Character Card - Pimentel,Alternative Art Hero Cards,Ultra Rare,Booster Packs
ERB,490,Cthulhu Character Card - Casey Parson,Alternative Art Hero Cards,Rare,Booster Packs
ERB,491,Dejah Thoris Character Card  - Jae Lee,Alternative Art Hero Cards,Ultra Rare,Booster Packs
ERB,492,Dejah Thoris Character Card - Bella ,Alternative Art Hero Cards,Rare,Booster Packs
ERB,493,Dr. Watson Character Card,Alternative Art Hero Cards,Ultra Rare,Booster Packs
ERB,494,Dracula Character Card,Alternative Art Hero Cards,Rare,Booster Packs
ERB,495,Headless Horseman Character Card,Alternative Art Hero Cards,Ultra Rare,Booster Packs
ERB,496,Hercules Character Card - RAY,Alternative Art Hero Cards,Rare,Booster Packs
ERB,497,Hercules Character Card - Guilmerma martinez,Alternative Art Hero Cards,Rare,Booster Packs
ERB,498,Invisible Man Character Card,Alternative Art Hero Cards,Rare,Booster Packs
ERB,499,Jane Porter Character Card - Seth Adams,Alternative Art Hero Cards,Rare,Booster Packs
ERB,500,Jane Porter Character Card - Pugila,Alternative Art Hero Cards,Ultra Rare,Booster Packs
ERB,501,Joan of Arc Character Card,Alternative Art Hero Cards,Rare,Booster Packs
ERB,502,John Carter of Mars Character Card  - Gonzalo,Alternative Art Hero Cards,Rare,Booster Packs
ERB,503,King Arthur Character Card - Megan Heung,Alternative Art Hero Cards,Rare,Booster Packs
ERB,504,King Arthur Character Card - Ray,Alternative Art Hero Cards,Ultra Rare,Booster Packs
ERB,505,Korak Character Card - ERB/Kubert,Alternative Art Hero Cards,Rare,Booster Packs
ERB,506,Korak Character Card - Gonzalo,Alternative Art Hero Cards,Rare,Booster Packs
ERB,507,Lancelot Character Card,Alternative Art Hero Cards,Ultra Rare,Booster Packs
ERB,508,Leonidas Character Card,Alternative Art Hero Cards,Rare,Booster Packs
ERB,509,Mina Harker Character Card - Bella,Alternative Art Hero Cards,Rare,Booster Packs
ERB,510,Mina Harker Character Card - Victor Faro,Alternative Art Hero Cards,Ultra Rare,Booster Packs
ERB,511,Morgan le Fey Character Card - Ray,Alternative Art Hero Cards,Rare,Booster Packs
ERB,512,Morgan le Fey Character Card - Guilmerma,Alternative Art Hero Cards,Rare,Booster Packs
ERB,513,Mr. Hyde Character Card,Alternative Art Hero Cards,Ultra Rare,Booster Packs
ERB,514,Poseidon Character Card,Alternative Art Hero Cards,Ultra Rare,Booster Packs
ERB,515,Professor Moriarty Character Card,Alternative Art Hero Cards,Rare,Booster Packs
ERB,516,Ra Character Card,Alternative Art Hero Cards,Ultra Rare,Booster Packs
ERB,517,Robin Hood Character Card,Alternative Art Hero Cards,Rare,Booster Packs
ERB,518,Sheriff of Nottingham Character Card,Alternative Art Hero Cards,Rare,Booster Packs
ERB,519,Sherlock Holmes Character Card,Alternative Art Hero Cards,Rare,Booster Packs
ERB,520,Sun Wukong Character Card,Alternative Art Hero Cards,Ultra Rare,Booster Packs
ERB,521,Tars Tarkas Character Card,Alternative Art Hero Cards,Rare,Booster Packs
ERB,522,Tarzan Character Card - Don Aguillo,Alternative Art Hero Cards,Rare,Booster Packs
ERB,523,MERLIN CHARACTER CARD -TAN,Alternative Art Hero Cards,Rare,Booster Packs
ERB,524,Tarzan Character Card - Kirby,Alternative Art Hero Cards,Rare,Booster Packs
ERB,525,The Mummy Character Card,Alternative Art Hero Cards,Rare,Booster Packs
ERB,526,The Three Musketeers Character Card,Alternative Art Hero Cards,Rare,Booster Packs
ERB,527,Time Traveler Character Card - Jesus Merino,Alternative Art Hero Cards,Rare,Booster Packs
ERB,528,Time Traveler Character Card - Stefano Simeone,Alternative Art Hero Cards,Rare,Booster Packs
ERB,529,Van Helsing Character Card,Alternative Art Hero Cards,Rare,Booster Packs
ERB,530,Victory Harben Character Card - Casey Parson,Alternative Art Hero Cards,Rare,Booster Packs
ERB,531,Victory Harben Character Card - Seth Adams,Alternative Art Hero Cards,Rare,Booster Packs
ERB,532,Wicked Witch Character Card,Alternative Art Hero Cards,Rare,Booster Packs
ERB,533,Zeus Character Card,Alternative Art Hero Cards,Ultra Rare,Booster Packs
ERB,534,Zorro Character Card - Tan,Alternative Art Hero Cards,Ultra Rare,Booster Packs
ERB,535,Zorro Character Card,Alternative Art Hero Cards,Rare,Booster Packs
ERB,536,Tarzan Character Card - Gonzalo,Alternative Art Hero Cards,Rare,Prize Packs
ERB,537,Tars Tarkas,Alternative Art Hero Cards,Rare,Prize Packs
ERB,538,Three Musketeers,Alternative Art Hero Cards,Rare,Prize Packs
ERB,539,Sherlock Holmes,Alternative Art Hero Cards,Rare,Prize Packs
ERB,540,Anubis,Alternative Art Hero Cards,Rare,Prize Packs
ERB,541,Van Helsing,Alternative Art Hero Cards,Rare,Prize Packs
ERB,542,Sheriff of Nottingham,Alternative Art Hero Cards,Rare,Prize Packs
ERB,543,Captain Nemo,Alternative Art Hero Cards,Rare,Prize Packs
ERB,544,Count of Monte Christos,Alternative Art Hero Cards,Rare,Prize Packs
ERB,545,5 Any-Power Training Card,Universe: Training Card,Rare,Prize Packs
FOIL,FOIL,FOIL,FOIL,FOIL,FOIL
ERB,035F,Carson of Venus Character Card,,"Common slot, rare drop",Booster Packs
ERB,036F,Carson of Venus,Janjong Duare Mintep,"Common slot, rare drop",Booster Packs
ERB,037F,Carson of Venus,On a Razors Edge,"Common slot, rare drop",Booster Packs
ERB,038F,Carson of Venus,Telepathic Resistense,"Common slot, rare drop",Booster Packs
ERB,039F,Carson of Venus,Sometimes Piracy is the Best Option,"Common slot, rare drop",Booster Packs
ERB,040F,Carson of Venus,T-Ray Guns,"Common slot, rare drop",Booster Packs
ERB,042F,Count of Monte Cristo Character Card,,"Common slot, rare drop",Booster Packs
ERB,043F,Count of Monte Cristo,Friend to Foe,"Common slot, rare drop",Booster Packs
ERB,044F,Count of Monte Cristo,Jacopo,"Common slot, rare drop",Booster Packs
ERB,045F,Count of Monte Cristo,Network of Thieves,"Common slot, rare drop",Booster Packs
ERB,046F,Count of Monte Cristo,Surprise Swordsman,"Common slot, rare drop",Booster Packs
ERB,047F,Count of Monte Cristo,Unlimited Resources,"Common slot, rare drop",Booster Packs
ERB,048F,Cthulhu Character Card,,"Common slot, rare drop",Booster Packs
ERB,049F,Cthulhu,Ancient One,"Common slot, rare drop",Booster Packs
ERB,050F,Cthulhu,Devoted Follower,"Common slot, rare drop",Booster Packs
ERB,051F,Cthulhu,Distracting Intervention,"Common slot, rare drop",Booster Packs
ERB,052F,Cthulhu,Network of Fanatics,"Common slot, rare drop",Booster Packs
ERB,053F,Cthulhu,The Call of Cthulhu,"Common slot, rare drop",Booster Packs
ERB,055F,Dejah Thoris Character Card,,"Common slot, rare drop",Booster Packs
ERB,056F,Dejah Thoris,Warrior of Helium,"Common slot, rare drop",Booster Packs
ERB,057F,Dejah Thoris,Diplomat to All Martians,"Common slot, rare drop",Booster Packs
ERB,059F,Dejah Thoris,Head of Martian Science,"Common slot, rare drop",Booster Packs
ERB,060F,Dejah Thoris,Protector of Barsoom,"Common slot, rare drop",Booster Packs
ERB,061F,Dejah Thoris,Champions of Barsoom,"Common slot, rare drop",Booster Packs
ERB,097F,Jane Porter Character Card,,"Common slot, rare drop",Booster Packs
ERB,098F,Jane Porter,Archimedes Q. Porter,"Common slot, rare drop",Booster Packs
ERB,100F,Jane Porter,Tenacious Persuit,"Common slot, rare drop",Booster Packs
ERB,101F,Jane Porter,Lady of the Jungle,"Common slot, rare drop",Booster Packs
ERB,102F,Jane Porter,Not Without my Friends,"Common slot, rare drop",Booster Packs
ERB,103F,Jane Porter,Not a Damsel in Distress,"Common slot, rare drop",Booster Packs
ERB,111F,John Carter of Mars Character Card,,"Common slot, rare drop",Booster Packs
ERB,112F,John Carter of Mars,Dotar Sojat,"Common slot, rare drop",Booster Packs
ERB,114F,John Carter of Mars,Leap into the Fray,"Common slot, rare drop",Booster Packs
ERB,115F,John Carter of Mars,Lower Gravity,"Common slot, rare drop",Booster Packs
ERB,116F,John Carter of Mars,Superhuman Endurance,"Common slot, rare drop",Booster Packs
ERB,117F,John Carter of Mars,Virginia Fighting Man,"Common slot, rare drop",Booster Packs
ERB,118F,King Arthur Character Card,,"Common slot, rare drop",Booster Packs
ERB,119F,King Arthur,Excalibur,"Common slot, rare drop",Booster Packs
ERB,120F,King Arthur,King of Camelot,"Common slot, rare drop",Booster Packs
ERB,121F,King Arthur,Knights of the Round Table,"Common slot, rare drop",Booster Packs
ERB,123F,King Arthur,Heavy is the Head,"Common slot, rare drop",Booster Packs
ERB,124F,King Arthur,Lead from the Front,"Common slot, rare drop",Booster Packs
ERB,125F,Korak Character Card,,"Common slot, rare drop",Booster Packs
ERB,126F,Korak,John Clayton III,"Common slot, rare drop",Booster Packs
ERB,127F,Korak,Jungle Survival,"Common slot, rare drop",Booster Packs
ERB,129F,Korak,Meriem and Jackie Clayton,"Common slot, rare drop",Booster Packs
ERB,130F,Korak,Son of the Jungle,"Common slot, rare drop",Booster Packs
ERB,131F,Korak,To The Death,"Common slot, rare drop",Booster Packs
ERB,146F,Merlin Character Card,,"Common slot, rare drop",Booster Packs
ERB,147F,Merlin,Archimedes,"Common slot, rare drop",Booster Packs
ERB,148F,Merlin,Ascendant Mage,"Common slot, rare drop",Booster Packs
ERB,149F,Merlin,For Camelot!,"Common slot, rare drop",Booster Packs
ERB,150F,Merlin,Foretell the Future,"Common slot, rare drop",Booster Packs
ERB,152F,Merlin,Summon the Elements,"Common slot, rare drop",Booster Packs
ERB,153F,Mina Harker Character Card,,"Common slot, rare drop",Booster Packs
ERB,154F,Mina Harker,Dracula's Telepathic Connection,"Common slot, rare drop",Booster Packs
ERB,155F,Mina Harker,"Jonathan Harker, Solicitor","Common slot, rare drop",Booster Packs
ERB,156F,Mina Harker,Nocturnal Hunter,"Common slot, rare drop",Booster Packs
ERB,158F,Mina Harker,Tracking Movements,"Common slot, rare drop",Booster Packs
ERB,159F,Mina Harker,Vampiric Celerity,"Common slot, rare drop",Booster Packs
ERB,181F,Professor Moriarty Character Card,,"Common slot, rare drop",Booster Packs
ERB,182F,Professor Moriarty,Complex Criminal Scheme,"Common slot, rare drop",Booster Packs
ERB,184F,Professor Moriarty,Future Plans,"Common slot, rare drop",Booster Packs
ERB,185F,Professor Moriarty,Mathematical Genius,"Common slot, rare drop",Booster Packs
ERB,186F,Professor Moriarty,Napoleon of Crime,"Common slot, rare drop",Booster Packs
ERB,187F,Professor Moriarty,Tactical Fighter,"Common slot, rare drop",Booster Packs
ERB,230F,Tarzan Character Card,,"Common slot, rare drop",Booster Packs
ERB,231F,Tarzan,Emotional Senses,"Common slot, rare drop",Booster Packs
ERB,232F,Tarzan,Jungle Tactics,"Common slot, rare drop",Booster Packs
ERB,234F,Tarzan,My Feet Feel Like Hands,"Common slot, rare drop",Booster Packs
ERB,235F,Tarzan,Raised by Mangani Apes,"Common slot, rare drop",Booster Packs
ERB,236F,Tarzan,Deceptive Manuver,"Common slot, rare drop",Booster Packs
ERB,216F,Sun Wukong Character Card,,"Common slot, rare drop",Booster Packs
ERB,217F,Sun Wukong,Cloud Surfing,"Common slot, rare drop",Booster Packs
ERB,218F,Sun Wukong,Godly Strength,"Common slot, rare drop",Booster Packs
ERB,220F,Sun Wukong,Staff of the Monkey King,"Common slot, rare drop",Booster Packs
ERB,221F,Sun Wukong,Stone Skin,"Common slot, rare drop",Booster Packs
ERB,222F,Sun Wukong,Transformation Trickery,"Common slot, rare drop",Booster Packs
ERB,223F,Tars Tarkas Character Card,,"Common slot, rare drop",Booster Packs
ERB,225F,Tars Tarkas,Barsoomian Warrior & Statesman,"Common slot, rare drop",Booster Packs
ERB,226F,Tars Tarkas,Four-Armed Warrior,"Common slot, rare drop",Booster Packs
ERB,227F,Tars Tarkas,Jeddak of Thark,"Common slot, rare drop",Booster Packs
ERB,228F,Tars Tarkas,Protector of the Incubator,"Common slot, rare drop",Booster Packs
ERB,229F,Tars Tarkas,Sola,"Common slot, rare drop",Booster Packs
ERB,237F,The Mummy Character Card,,"Common slot, rare drop",Booster Packs
ERB,238F,The Mummy,Ancient Wisdom,"Common slot, rare drop",Booster Packs
ERB,239F,The Mummy,Fury of the Desert,"Common slot, rare drop",Booster Packs
ERB,241F,The Mummy,Reinvigorated By Fresh Organs,"Common slot, rare drop",Booster Packs
ERB,242F,The Mummy,Relentless Pursuit,"Common slot, rare drop",Booster Packs
ERB,243F,The Mummy,The Eternal Journey,"Common slot, rare drop",Booster Packs
ERB,244F,The Three Musketeers Character Card,,"Common slot, rare drop",Booster Packs
ERB,246F,The Three Musketeers,Aramis,"Common slot, rare drop",Booster Packs
ERB,247F,The Three Musketeers,Athos,"Common slot, rare drop",Booster Packs
ERB,248F,The Three Musketeers,D'Artagnan,"Common slot, rare drop",Booster Packs
ERB,249F,The Three Musketeers,Porthos,"Common slot, rare drop",Booster Packs
ERB,250F,The Three Musketeers,Valiant Charge,"Common slot, rare drop",Booster Packs
ERB,251F,Time Traveler Character Card,,"Common slot, rare drop",Booster Packs
ERB,252F,Time Traveler,From a Mile Away,"Common slot, rare drop",Booster Packs
ERB,253F,Time Traveler,Futuristic Phaser,"Common slot, rare drop",Booster Packs
ERB,254F,Time Traveler,I'll Already Be Gone,"Common slot, rare drop",Booster Packs
ERB,256F,Time Traveler,Leviticus' Warning,"Common slot, rare drop",Booster Packs
ERB,257F,Time Traveler,The Tomorrow Doctor,"Common slot, rare drop",Booster Packs
ERB,265F,Victory Harben Character Card,,"Common slot, rare drop",Booster Packs
ERB,266F,Victory Harben,Abner Perry's Lab Assistant,"Common slot, rare drop",Booster Packs
ERB,267F,Victory Harben,"Archery, Knives & Jujitsu","Common slot, rare drop",Booster Packs
ERB,268F,Victory Harben,Chamston-Hedding Estate,"Common slot, rare drop",Booster Packs
ERB,269F,Victory Harben,Department of Theoretical Physics,"Common slot, rare drop",Booster Packs
ERB,271F,Victory Harben,Practical Physics,"Common slot, rare drop",Booster Packs
ERB,279F,Zeus Character Card,,"Common slot, rare drop",Booster Packs
ERB,280F,Zeus,A Jealous God,"Common slot, rare drop",Booster Packs
ERB,281F,Zeus,Banishment,"Common slot, rare drop",Booster Packs
ERB,282F,Zeus,Hera,"Common slot, rare drop",Booster Packs
ERB,283F,Zeus,Law and Order,"Common slot, rare drop",Booster Packs
ERB,284F,Zeus,Thunderbolt,"Common slot, rare drop",Booster Packs
ERB,285F,Zorro Character Card,,"Common slot, rare drop",Booster Packs
ERB,287F,Zorro,Elite Swordsmanship,"Common slot, rare drop",Booster Packs
ERB,288F,Zorro,Master of Escape,"Common slot, rare drop",Booster Packs
ERB,289F,Zorro,Ancestial Rapier,"Common slot, rare drop",Booster Packs
ERB,290F,Zorro,Riches of Don Diego de la Vega,"Common slot, rare drop",Booster Packs
ERB,291F,Zorro,Riposte,"Common slot, rare drop",Booster Packs
ERB,473F,5 Any-Power Power Card,Any-Power Power Card,"*Uncommon slot, rare drop",Booster Packs
ERB,474F,6 Any-Power Power Card,Any-Power Power Card,"*Uncommon slot, rare drop",Booster Packs
ERB,475F,7 Any-Power Power Card,Any-Power Power Card,"*Uncommon slot, rare drop",Booster Packs
ERB,476F,8 Any-Power Power Card,Any-Power Power Card,"*Uncommon slot, rare drop",Booster Packs
ERB,477F,3 MultiPower Power Card,MultiPower Power Card,"*Uncommon slot, rare drop",Booster Packs
ERB,478F,4 MultiPower Power Card,MultiPower Power Card,"*Uncommon slot, rare drop",Booster Packs
ERB,479F,5 MultiPower Power Card,MultiPower Power Card,"*Uncommon slot, rare drop",Booster Packs
ERB,482F,Angry Mob: Middle Ages Character Card,Alternative Art Hero Cards,*RARE,Booster Packs
ERB,483F,Angry Mob: Industrial Age Character Card,Alternative Art Hero Cards,*RARE,Booster Packs
ERB,484F,Angry Mob: Modern Age Character Card,Alternative Art Hero Cards,*ULTRA RARE,Booster Packs
ERB,485F,Anubis Character Card,Alternative Art Hero Cards,*RARE,Booster Packs
ERB,486F,Billy The Kid Character Card,Alternative Art Hero Cards,*RARE,Booster Packs
ERB,487F,Carson of Venus Character Card - ERB,Alternative Art Hero Cards,*RARE,Booster Packs
ERB,488F,Count of Monte Cristo Character Card,Alternative Art Hero Cards,*RARE,Booster Packs
ERB,489F,Cthulhu Character Card - Pimentel,Alternative Art Hero Cards,*ULTRA RARE,Booster Packs
ERB,490F,Cthulhu Character Card - Casey Parson,Alternative Art Hero Cards,*RARE,Booster Packs
ERB,491F,Dejah Thoris Character Card  - Jae Lee,Alternative Art Hero Cards,*ULTRA RARE,Booster Packs
ERB,492F,Dejah Thoris Character Card - Bella ,Alternative Art Hero Cards,*RARE,Booster Packs
ERB,493F,Dr. Watson Character Card,Alternative Art Hero Cards,*ULTRA RARE,Booster Packs
ERB,494F,Dracula Character Card,Alternative Art Hero Cards,*RARE,Booster Packs
ERB,495F,Headless Horseman Character Card,Alternative Art Hero Cards,*ULTRA RARE,Booster Packs
ERB,496F,Hercules Character Card - RAY,Alternative Art Hero Cards,*RARE,Booster Packs
ERB,497F,Hercules Character Card - Guilmerma martinez,Alternative Art Hero Cards,*RARE,Booster Packs
ERB,498F,Invisible Man Character Card,Alternative Art Hero Cards,*RARE,Booster Packs
ERB,499F,Jane Porter Character Card - Seth Adams,Alternative Art Hero Cards,*RARE,Booster Packs
ERB,500F,Jane Porter Character Card - Pugila,Alternative Art Hero Cards,*ULTRA RARE,Booster Packs
ERB,501F,Joan of Arc Character Card,Alternative Art Hero Cards,*RARE,Booster Packs
ERB,502F,John Carter of Mars Character Card  - Gonzalo,Alternative Art Hero Cards,*RARE,Booster Packs
ERB,503F,King Arthur Character Card - Megan Heung,Alternative Art Hero Cards,*RARE,Booster Packs
ERB,504F,King Arthur Character Card - Ray,Alternative Art Hero Cards,*ULTRA RARE,Booster Packs
ERB,505F,Korak Character Card - ERB/Kubert,Alternative Art Hero Cards,*RARE,Booster Packs
ERB,506F,Korak Character Card - Gonzalo,Alternative Art Hero Cards,*RARE,Booster Packs
ERB,507F,Lancelot Character Card,Alternative Art Hero Cards,*ULTRA RARE,Booster Packs
ERB,508F,Leonidas Character Card,Alternative Art Hero Cards,*RARE,Booster Packs
ERB,509F,Mina Harker Character Card - Bella,Alternative Art Hero Cards,*RARE,Booster Packs
ERB,510F,Mina Harker Character Card - Viktor Farro,Alternative Art Hero Cards,*ULTRA RARE,Booster Packs
ERB,511F,Morgan le Fey Character Card - Ray,Alternative Art Hero Cards,*RARE,Booster Packs
ERB,512F,Morgan le Fey Character Card ,Alternative Art Hero Cards,*RARE,Booster Packs
ERB,513F,Mr. Hyde Character Card,Alternative Art Hero Cards,*ULTRA RARE,Booster Packs
ERB,514F,Poseidon Character Card,Alternative Art Hero Cards,*ULTRA RARE,Booster Packs
ERB,515F,Professor Moriarty Character Card,Alternative Art Hero Cards,*RARE,Booster Packs
ERB,516F,Ra Character Card,Alternative Art Hero Cards,*ULTRA RARE,Booster Packs
ERB,517F,Robin Hood Character Card,Alternative Art Hero Cards,*RARE,Booster Packs
ERB,518F,Sheriff of Nottingham Character Card,Alternative Art Hero Cards,*RARE,Booster Packs
ERB,519F,Sherlock Holmes Character Card,Alternative Art Hero Cards,*RARE,Booster Packs
ERB,520F,Sun Wukong Character Card,Alternative Art Hero Cards,*ULTRA RARE,Booster Packs
ERB,521F,Tars Tarkas Character Card,Alternative Art Hero Cards,*RARE,Booster Packs
ERB,522F,Tarzan Character Card - Don Aguillo,Alternative Art Hero Cards,*RARE,Booster Packs
ERB,523F,MERLIN CHARACTER CARD -TAN,Alternative Art Hero Cards,*RARE,Booster Packs
ERB,524F,Tarzan Character Card - Kirby,Alternative Art Hero Cards,*RARE,Booster Packs
ERB,525F,The Mummy Character Card,Alternative Art Hero Cards,*RARE,Booster Packs
ERB,526F,The Three Musketeers Character Card,Alternative Art Hero Cards,*RARE,Booster Packs
ERB,527F,Time Traveler Character Card - Jesus Merino,Alternative Art Hero Cards,*RARE,Booster Packs
ERB,528F,Time Traveler Character Card - Stefano Simeone,Alternative Art Hero Cards,*RARE,Booster Packs
ERB,529F,Van Helsing Character Card,Alternative Art Hero Cards,*RARE,Booster Packs
ERB,530F,Victory Harben Character Card - Casey Parson,Alternative Art Hero Cards,*RARE,Booster Packs
ERB,531F,Victory Harben Character Card - Seth Adams,Alternative Art Hero Cards,*RARE,Booster Packs
ERB,532F,Wicked Witch Character Card,Alternative Art Hero Cards,*RARE,Booster Packs
ERB,533F,Zeus Character Card - Viktor Farro,Alternative Art Hero Cards,*ULTRA RARE,Booster Packs
ERB,534F,Zorro Character Card - Tan,Alternative Art Hero Cards,*ULTRA RARE,Booster Packs
ERB,535F,Zorro Character Card,Alternative Art Hero Cards,*RARE,Booster Packs