Name,ImageName,PageURL,Characters,Control,Flavor Text,Game Text,Numbers,Printing,Rarity,Subtype,TRIVIA,Traits,Type
1 Fighting,1Fighting-PSOP_cb20200105204742.jpg,https://cardguide.fandom.com/wiki/1_Fighting_(PSOP),Bloody Mary,,,,,Normal,Common,,,,Power
1 Energy,1Energy-PSOP_cb20200105204331.jpg,https://cardguide.fandom.com/wiki/1_Energy_(PSOP),Nebula,,,,,Normal,Common,,,,Power
1 Strength,1Strength-PSOP_cb20200106175011.jpg,https://cardguide.fandom.com/wiki/1_Strength_(PSOP),Archangel,,,,,Normal,Common,,,,Power
3 Fighting,3Fighting-PSOP_cb20200106194444.jpg,https://cardguide.fandom.com/wiki/3_Fighting_(PSOP),Longshot,,,,,Normal,Common,,,,Power
2 Fighting,2Fighting-PSOP_cb20200106180428.jpg,https://cardguide.fandom.com/wiki/2_Fighting_(PSOP),"Black Widow (Natalia Romanova), Absorbing Man",,,,,Normal,Common,,,,Power
2 Strength,2Strength-PSOP_cb20200106193836.jpg,https://cardguide.fandom.com/wiki/2_Strength_(PSOP),"Spider-Man, unknown",,,,,Normal,Common,,,,Power
2 MultiPower,2MultiPower-PSOP_cb20200106181713.jpg,https://cardguide.fandom.com/wiki/2_MultiPower_(PSOP),Iron Man,,,,,Normal,Uncommon,,,,Power
2 Energy,2Energy-PSOP_cb20200106175608.jpg,https://cardguide.fandom.com/wiki/2_Energy_(PSOP),Black Cat,,,,,Normal,Common,,,,Power
1 MultiPower,1MultiPower-PSOP_cb20200106174554.jpg,https://cardguide.fandom.com/wiki/1_MultiPower_(PSOP),Century,,,,,Normal,Common,,,,Power
3 Energy,3Energy-PSOP_cb20200106194115.jpg,https://cardguide.fandom.com/wiki/3_Energy_(PSOP),Sauron (Marvel Comics),,,,,Normal,Common,,,,Power
5 Energy,5Energy-PSOP_cb20200106204432.jpg,https://cardguide.fandom.com/wiki/5_Energy_(PSOP),Century,,,,,Normal,Common,,,,Power
4 Energy,4Energy-PSOP_cb20200106200413.jpg,https://cardguide.fandom.com/wiki/4_Energy_(PSOP),Electro,,,,,Normal,Common,,,,Power
5 Energy Strength +3,FandomFireLogo_cb20210713142711.png,https://cardguide.fandom.com/wiki/5_Energy_Strength_%2B3_(PSOP),Century,,,-,Cost/Effect: 5 Energy or less to use +3 Energyor 5 Strength or less to use +4 Strength,Normal,Uncommon,Training,,,Universe
5 Fighting Energy +4,FandomFireLogo_cb20210713142711.png,https://cardguide.fandom.com/wiki/5_Energy_Fighting_%2B4_(PSOP),Sauron (Marvel Comics),,,-,Cost/Effect: 5 Fighting or less to use +4 Fightingor 5 Energy or less to use +4 Energy,Normal,Rare,Training,,,Universe
5 Fighting Energy +3,FandomFireLogo_cb20210713142711.png,https://cardguide.fandom.com/wiki/5_Energy_Fighting_%2B3_(PSOP),Black Cat,,,-,Cost/Effect: 5 Fighting or less to use +3 Fightingor 5 Energy or less to use +3 Energy,Normal,Uncommon,Training,,,Universe
4 MultiPower,4MultiPower-PSOP_cb20200106201231.jpg,https://cardguide.fandom.com/wiki/4_MultiPower_(PSOP),Super-Skrull,,,,,Normal,Very Rare,,,,Power
3 MultiPower,3MultiPower-PSOP_cb20200106194658.jpg,https://cardguide.fandom.com/wiki/3_MultiPower_(PSOP),Nightcrawler,,,,,Normal,Rare,,,,Power
5 Energy Strength +4,FandomFireLogo_cb20210713142711.png,https://cardguide.fandom.com/wiki/5_Energy_Strength_%2B4_(PSOP),Archangel,,,-,Cost/Effect: 5 Energy or less to use +4 Energyor 5 Strength or less to use +4 Strength,Normal,Rare,Training,,,Universe
5 Fighting,5Fighting-PSOP_cb20200106205256.jpg,https://cardguide.fandom.com/wiki/5_Fighting_(PSOP),Venom,,,,,Normal,Common,,,,Power
5 Fighting Strength +3,FandomFireLogo_cb20210713142711.png,https://cardguide.fandom.com/wiki/5_Fighting_Strength_%2B3_(PSOP),Human Torch,,,-,Cost/Effect: 5 Strength or less to use +3 Fightingor 5 Strength or less to use +3 Strength,Normal,Uncommon,Training,,,Universe
3 Strength,3Strength-PSOP_cb20200106195307.jpg,https://cardguide.fandom.com/wiki/3_Strength_(PSOP),War Machine,,,,,Normal,Common,,,,Power
4 Fighting,4Fighting-PSOP_cb20200106200705.jpg,https://cardguide.fandom.com/wiki/4_Fighting_(PSOP),Nightcrawler,,,,,Normal,Common,,,,Power
5 Fighting Strength +4,FandomFireLogo_cb20210713142711.png,https://cardguide.fandom.com/wiki/5_Fighting_Strength_%2B4_(PSOP),Jubilee,,,-,Cost/Effect: 5 Strength or less to use +4 Fightingor 5 Strength or less to use +4 Strength,Normal,Rare,Training,,,Universe
4 Strength,4Strength-PSOP_cb20200106203526.jpg,https://cardguide.fandom.com/wiki/4_Strength_(PSOP),Loki (Marvel Comics),,,,,Normal,Common,,,,Power
6 Fighting Energy/Strength +1 +2,FandomFireLogo_cb20210713142711.png,https://cardguide.fandom.com/wiki/6_Fighting_Energy/Strength_%2B1_%2B2_(PSOP),"Rogue, Storm (Marvel Comics), Psylocke",,,-,Cost/Effect: 6 Fighting to use acts as 6 Fighting attackor +1 Strength to 1st teammate acts as +2 Energy to 2nd teammateor +1 Energy to 1st teammate acts as +2 Strength to 2nd teammate,Normal,Rare,Teamwork,,,Universe
5 Strength,5Strength-PSOP_cb20200106204711.jpg,https://cardguide.fandom.com/wiki/5_Strength_(PSOP),Cyber,,,,,Normal,Common,,,,Power
6 Energy Fighting/Strength +1 +2,FandomFireLogo_cb20210713142711.png,https://cardguide.fandom.com/wiki/6_Energy_Fighting/Strength_%2B1_%2B2_(PSOP),"Cyclops, Bishop, Iceman",,,-,Cost/Effect: 6 Energy to use acts as 6 Energy attackor +1 Strength to 1st teammate acts as +2 Fighting to 2nd teammateor +1 Fighting to 1st teammate acts as +2 Strength to 2nd teammate,Normal,Rare,Teamwork,,,Universe
7 Energy Fighting/Strength +2 +2,FandomFireLogo_cb20210713142711.png,https://cardguide.fandom.com/wiki/7_Energy_Fighting/Strength_%2B2_%2B2_(PSOP),"Ghost Rider, Daredevil, Doctor Strange",,,-,Cost/Effect: 7 Energy to use acts as 6 Energy attackor +2 Strength to 1st teammate acts as +2 Fighting to 2nd teammateor +2 Fighting to 1st teammate acts as +2 Strength to 2nd teammate,Normal,Rare,Teamwork,,,Universe
6 Energy,6Energy-PSOP_cb20200106204956.jpg,https://cardguide.fandom.com/wiki/6_Energy_(PSOP),Storm (Marvel Comics),,,,,Normal,Common,,,,Power
7 Fighting Energy/Strength +2 +2,FandomFireLogo_cb20210713142711.png,https://cardguide.fandom.com/wiki/7_Fighting_Energy/Strength_%2B2_%2B2_(PSOP),"Spider-Man, Scarlet Spider, Black Cat",,,-,Cost/Effect: 7 Fighting to use acts as 6 Fighting attackor +2 Strength to 1st teammate acts as +2 Energy to 2nd teammateor +2 Energy to 1st teammate acts as +2 Strength to 2nd teammate,Normal,Rare,Teamwork,,,Universe
6 Fighting,6Fighting-PSOP_cb20200106205455.jpg,https://cardguide.fandom.com/wiki/6_Fighting_(PSOP),Wolverine,,,,,Normal,Common,,,,Power
6 Strength,6Strength-PSOP_cb20200106205839.jpg,https://cardguide.fandom.com/wiki/6_Strength_(PSOP),Super-Skrull,,,,,Normal,Common,,,,Power
7 Strength Energy/Fighting +2 +2,FandomFireLogo_cb20210713142711.png,https://cardguide.fandom.com/wiki/7_Strength_Energy/Fighting_%2B2_%2B2_(PSOP),"Human Torch, Captain America, Namor",,,-,Cost/Effect: 7 Strength to use acts as 6 Strength attackor +2 Energy to 1st teammate acts as +2 Fighting to 2nd teammateor +2 Fighting to 1st teammate acts as +2 Energy to 2nd teammate,Normal,Rare,Teamwork,,,Universe
8 Energy Fighting/Strength +1 +3,FandomFireLogo_cb20210713142711.png,https://cardguide.fandom.com/wiki/8_Energy_Fighting/Strength_%2B1_%2B3_(PSOP),"Beast, Cyclops, Wolverine",,,-,Cost/Effect: 8 Fighting to use acts as 6 Fighting attackor +1 Strength to 1st teammate acts as +3 Energy to 2nd teammateor +1 Energy to 1st teammate acts as +3 Strength to 2nd teammate,Normal,Rare,Teamwork,,,Universe
7 Energy,7Energy-PSOP_cb20200106210215.jpg,https://cardguide.fandom.com/wiki/7_Energy_(PSOP),Cyclops,,,,,Normal,Uncommon,,,,Power
8 Strength Energy/Fighting +1 +3,FandomFireLogo_cb20210713142711.png,https://cardguide.fandom.com/wiki/8_Strength_Energy/Fighting_%2B1_%2B3_(PSOP),"Mister Fantastic, Human Torch, Thing (Marvel Comics)",,,-,Cost/Effect: 8 Strength to use acts as 6 Strength attackor +1 Energy to 1st teammate acts as +3 Fighting to 2nd teammateor +1 Fighting to 1st teammate acts as +3 Energy to 2nd teammate,Normal,Rare,Teamwork,,,Universe
8 Energy,8Energy-PSOP_cb20200106210954.jpg,https://cardguide.fandom.com/wiki/8_Energy_(PSOP),Professor X,,,,,Normal,Uncommon,,,,Power
8 Fighting Energy/Strength +1 +3,FandomFireLogo_cb20210713142711.png,https://cardguide.fandom.com/wiki/8_Fighting_Energy/Strength_%2B1_%2B3_(PSOP),"Beast, Cyclops, Wolverine",,,-,Cost/Effect: 8 Fighting to use acts as 6 Fighting attackor +1 Strength to 1st teammate acts as +3 Energy to 2nd teammateor +1 Energy to 1st teammate acts as +3 Strength to 2nd teammate,Normal,Rare,Teamwork,,,Universe
7 Fighting,7Fighting-PSOP_cb20200106210452.jpg,https://cardguide.fandom.com/wiki/7_Fighting_(PSOP),Domino,,,,,Normal,Uncommon,,,,Power
7 Strength,7Strength-PSOP_cb20200106210709.jpg,https://cardguide.fandom.com/wiki/7_Strength_(PSOP),Thing (Marvel Comics),,,,,Normal,Uncommon,,,,Power
Any Hero - Confusion,AnyHeroConfusion-PSOP_cb20200115210027.jpg,https://cardguide.fandom.com/wiki/Any_Hero_-_Confusion_(PSOP),"Wolverine, unknown",DB,,"Avoids all attacks from 1 Teamwork card, or target hero must discard 1 placed Teamwork card. One Per Deck",Cost/Effect: -,Normal,Promo,,,,Special
Alien Technology,AlienTechnology-PSOP_cb20200115181834.jpg,https://cardguide.fandom.com/wiki/Alien_Technology_(PSOP),Professor X,,,-,Cost/Effect: 8 Energy to use+2 to Energy,Normal,Uncommon,-,,,Universe
Banshee™,Banshee-PSOP_cb20200115212747.jpg,https://cardguide.fandom.com/wiki/Banshee_(PSOP),Banshee (Sean Cassidy),,,,Energy 7Fighting 4Strength 3,Normal,Very Rare,,,"Marvel Comics, Male",Character
Apocalypse™ - Instant Evolution,ApocalypseInstantEvolution-PSOP_cb20200115212508.jpg,https://cardguide.fandom.com/wiki/Apocalypse_-_Instant_Evolution_(PSOP),Apocalypse,CL,,Play in current battle. Apocalypse may play any KO'd teammate's Specials in next battle.,Cost/Effect: -,Normal,Uncommon,,,,Special
8 Fighting,8Fighting-PSOP_cb20200106211310.jpg,https://cardguide.fandom.com/wiki/8_Fighting_(PSOP),Cyber,,,,,Normal,Uncommon,,,,Power
Any Hero - Savage Land,AnyHeroSavageLand-PSOP_cb20200115212216.jpg,https://cardguide.fandom.com/wiki/Any_Hero_-_Savage_Land_(PSOP),Sauron (Marvel Comics),DF,,"On your turn, play before opponent concedes. Opponent may not concede battle. This card may be placed. One Per Deck",Cost/Effect: -,Normal,Rare,,,,Special
6 Strength Energy/Fighting +1 +2,Teamwork6SEF_1_2-PS-URhino_DoctorOctopus_Mysterio_cb20220130202729.jpg,https://cardguide.fandom.com/wiki/6_Strength_Energy/Fighting_%2B1_%2B2_(PSOP),"Doctor Octopus, Rhino, Mysterio",,,-,Cost/Effect: 6 Strength to use acts as 6 Strength attackor +1 Energy to 1st teammate acts as +2 Fighting to 2nd teammateor +1 Fighting to 1st teammate acts as +2 Strength to 2nd teammate,Normal,Rare,Teamwork,,,Universe
Banshee™ - Interpol Training,BansheeInterpolTraining-PSOP_cb20200115213539.jpg,https://cardguide.fandom.com/wiki/Banshee_-_Interpol_Training_(PSOP),Banshee,AA,,Acts as a level 4 Fighting attack. May make 1 additional attack.,Cost/Effect: Fighting 4,Normal,Uncommon,,,,Special
Banshee™ - Vocal Hypnosis,BansheeVocalHypnosis-PSOP_cb20200116195758.jpg,https://cardguide.fandom.com/wiki/Banshee_-_Vocal_Hypnosis_(PSOP),Banshee,AX,,Banshee and target hero may not attack for remainder of battle.,Cost/Effect: -,Normal,Very Rare,,,,Special
Beast™ - Acrobatics,BeastAcrobatics-PSOP_cb20200116200039.jpg,https://cardguide.fandom.com/wiki/Beast_-_Acrobatics_(PSOP),Beast,CD,,Only attacks made with Universe cards may be played against Beast for remainder of battle.,Cost/Effect: -,Normal,Uncommon,,,,Special
Bishop™ - Body Armor,BishopBodyArmor-PSOP_cb20200116200307.jpg,https://cardguide.fandom.com/wiki/Bishop_-_Body_Armor_(PSOP),Bishop,AG,,Avoid 1 attack.,Cost/Effect: -,Normal,Uncommon,,,,Special
Black Cat™ - Bad Luck,BlackCatBadLuck-PSOP_cb20200116201450.jpg,https://cardguide.fandom.com/wiki/Black_Cat_-_Bad_Luck_(PSOP),Black Cat,AI,,Opponent must discard 1 placed Special card of Black Cat's choice.,Cost/Effect: -,Normal,Very Rare,,,,Special
Banshee™ - Luck o' the Irish,BansheeLuckOTheIrish-PSOP_cb20200116193952.jpg,https://cardguide.fandom.com/wiki/Banshee_-_Luck_o%27_the_Irish_(PSOP),Banshee,DS,,Choose one Banshee Special from Draw Pile and place in hand. Cannot be a duplicate. Reshuffle Draw Pile.,Cost/Effect: -,Normal,Very Rare,,,,Special
Banshee™ - Shatter Shriek,BansheeShatterShriek-PSOP_cb20200116194450.jpg,https://cardguide.fandom.com/wiki/Banshee_-_Shatter_Shriek_(PSOP),Banshee,BY,,Opponent must immediately discard all cards with a Fighting icon currently held in hand. One Per Deck,Cost/Effect: -,Normal,Very Rare,,,,Special
Black Cat™,BlackCat-PSOP_cb20200116201129.jpg,https://cardguide.fandom.com/wiki/Black_Cat_(PSOP),Black Cat (Felicia Hardy),,,,Energy 3Fighting 7Strength 3,Normal,Rare,,,"Marvel Comics, Female",Character
Banshee™ - Super Scream,BansheeSuperScream-PSOP_cb20200116195342.jpg,https://cardguide.fandom.com/wiki/Banshee_-_Super_Scream_(PSOP),Banshee,AS,,Acts as a level 11 Energy attack. Banshee may not attack for remainder of battle. One Per Deck,Cost/Effect: Energy 11,Normal,Very Rare,,,,Special
Banshee™ - Sonic Glide,BansheeSonicGlide-PSOP_cb20200116194759.jpg,https://cardguide.fandom.com/wiki/Banshee_-_Sonic_Glide_(PSOP),Banshee,AG,,Avoid 1 attack.,Cost/Effect: -,Normal,Very Rare,,,,Special
Blac Cat™ - Cat Fight,BlackCatCatFight-PSOP_cb20200116202129.jpg,https://cardguide.fandom.com/wiki/Black_Cat_-_Cat_Fight_(PSOP),Black Cat,AA,,Acts as a level 4 Fighting attack. May make 1 additional attack.,Cost/Effect: Fighting 4,Normal,Uncommon,,,,Special
Black Cat™ - Kiss of Death,BlackCatKissOfDeath-PSOP_cb20200116203525.jpg,https://cardguide.fandom.com/wiki/Black_Cat_-_Kiss_of_Death_(PSOP),Black Cat,BA,,Acts as a level 3 Energy attack. Cannot be defended by a male hero. One Per Deck,Cost/Effect: Energy 3,Normal,Very Rare,,,,Special
Black Cat™ - Nine Lives,BlackCatNineLives-PSOP_cb20200116204316.jpg,https://cardguide.fandom.com/wiki/Black_Cat_-_Nine_Lives_(PSOP),Black Cat,AD,,Avoid 1 Fighting attack.,Cost/Effect: -,Normal,Very Rare,,,,Special
Black Cat™ - Femme Fatale,BlackCatFemmeFatale-PSOP_cb20200116202327.jpg,https://cardguide.fandom.com/wiki/Black_Cat_-_Femme_Fatale_(PSOP),Black Cat,BY,,Opponent must immediately discard all cards with a Strength icon currently held in hand. One Per Deck,Cost/Effect: -,Normal,Very Rare,,,,Special
Black Cat™ - Cat Burglar,BlackCatCatBurglar-PSOP_cb20200116201722.jpg,https://cardguide.fandom.com/wiki/Black_Cat_-_Cat_Burglar_(PSOP),Black Cat,CB,,"Black Cat can combine 1 Power card with 1 of opponent's placed Universe cards, excluding Teamwork, to attack.",Cost/Effect: -,Normal,Very Rare,,,,Special
Blob™ - Heavy Hitter,BlobHeavyHitter-PSOP_cb20200121184728.jpg,https://cardguide.fandom.com/wiki/Blob_-_Heavy_Hitter_(PSOP),Blob,AR,,Acts as a level 6 Fighting attack.,Cost/Effect: Fighting 6,Normal,Rare,,,,Special
Blob™ - Immovable Object,BlobImmovableObject-PSOP_cb20200121185834.jpg,https://cardguide.fandom.com/wiki/Blob_-_Immovable_Object_(PSOP),Blob,AX,,Blob and target hero may not attack for remainder of battle.,Cost/Effect: -,Normal,Uncommon,,,,Special
Blob™,Blob-PSOP_cb20200119114731.jpg,https://cardguide.fandom.com/wiki/Blob_(PSOP),Blob (Frederick Dukes),,,,Energy 3Fighting 3Strength 7,Normal,Very Rare,,,"Marvel Comics, Male",Character
Blob™ - Sumo Slam,BlobSumoSlam-PSOP_cb20200121190135.jpg,https://cardguide.fandom.com/wiki/Blob_-_Sumo_Slam_(PSOP),Blob,CU,,"Acts as a level 7 Strength attack. If succesful, target hero must immediately discard 1 placed card. One Per Deck",Cost/Effect: Strength 7,Normal,Very Rare,,,,Special
Blob™ - Bottomless Belly,BlobBottomlessBelly-PSOP_cb20200121184256.jpg,https://cardguide.fandom.com/wiki/Blob_-_Bottomless_Belly_(PSOP),Blob,CE,,Opponent must discard top card from Draw Pile into Dead Pile.,Cost/Effect: -,Normal,Very Rare,,,,Special
Blob™ - Blubber Block,BlobBlubberBlock-PSOP_cb20200121183011.jpg,https://cardguide.fandom.com/wiki/Blob_-_Blubber_Block_(PSOP),Blob,AD,,Teammate may avoid 1 attack.,Cost/Effect: -,Normal,Very Rare,,,,Special
Blob™ - Absorp Impact,BlobAbsorbImpact-PSOP_cb20200121182807.jpg,https://cardguide.fandom.com/wiki/Blob_-_Absorp_Impact_(PSOP),Blob,CW,,Avoid 1 attack. May not be attacked for remainder of battle. One Per Deck,Cost/Effect: -,Normal,Uncommon,,,,Special
Booster Shot,BoosterShot-PSOP_cb20200115182254.jpg,https://cardguide.fandom.com/wiki/Booster_Shot_(PSOP),Cyber,,,-,Cost/Effect: 8 Fighting to use+1 to Fighting,Normal,Common,-,,,Universe
City Bus,CityBus-PSOP_cb20200115191422.jpg,https://cardguide.fandom.com/wiki/City_Bus_(PSOP),Hulk,,,-,Cost/Effect: 8 Strength to use+3 to Strength,Normal,Rare,-,,,Universe
Chain,Chain-PSOP_cb20200115190746.jpg,https://cardguide.fandom.com/wiki/Chain_(PSOP),Sabretooth,,,-,Cost/Effect: 8 Fighting to use+2 to Fighting,Normal,Uncommon,-,,,Universe
Daredevil™ - Agility,DaredevilAgility-PSOP_cb20200122170806.jpg,https://cardguide.fandom.com/wiki/Daredevil_-_Agility_(PSOP),Daredevil,AB,,Acts as a level 4 Fighting attack. May make 1 additional Fighting attack.,Cost/Effect: Fighting 4,Normal,Very Rare,,,,Special
Colossus™ - Iron Curtain,ColossusIronCurtain-PSOP_cb20200122165954.jpg,https://cardguide.fandom.com/wiki/Colossus_-_Iron_Curtain_(PSOP),Colossus,AX,,Colossus and target hero may not attack for remainder of battle.,Cost/Effect: -,Normal,Rare,,,,Special
Cyclops™ - Remove Visor,CyclopsRemoveVisor-PSOP_cb20200122170204.jpg,https://cardguide.fandom.com/wiki/Cyclops_-_Remove_Visor_(PSOP),Cyclops,BO,,Acts as a level 6 Energy attack. May combine with 1 Energy card for a single attack. One Per Deck,Cost/Effect: Energy 6,Normal,Very Rare,,,,Special
Daredevil™,Daredevil-PSOP_cb20200122170418.jpg,https://cardguide.fandom.com/wiki/Daredevil_(PSOP),Daredevil (Matt Murdock),,,,Energy 3Fighting 7Strength 4,Normal,Very Rare,,,,Character
Daredevil™ - Alertness,DaredevilAlertness-PSOP_cb20200122171532.jpg,https://cardguide.fandom.com/wiki/Daredevil_-_Alertness_(PSOP),Daredevil,AG,,Avoid 1 attack.,Cost/Effect: -,Normal,Uncommon,,,,Special
Cable™ - Really Big Gun,CableReallyBigGun-PSOP_cb20200121191201.jpg,https://cardguide.fandom.com/wiki/Cable_-_Really_Big_Gun_(PSOP),Cable,AS,,Acts as a level 9 Strength attack. One Per Deck,Cost/Effect: Strength 9,Normal,Rare,,,,Special
Captain America™ - Inspiration,CaptainAmericaInspiration-PSOP_cb20200122165545.jpg,https://cardguide.fandom.com/wiki/Captain_America_-_Inspiration_(PSOP),Captain America,CQ,,All Captain America Special cards are doubled when determing Venture total this battle.,Cost/Effect: -,Normal,Uncommon,,,,Special
Carnage™ - Alien Healing,CarnageAlienHealing-PSOP_cb20200122165743.jpg,https://cardguide.fandom.com/wiki/Carnage_-_Alien_Healing_(PSOP),Carnage,DJ,,"Carnage may switch a hit from his ""hits from current battle"" with a hit from his ""permanent record"". Affects Venture total.",Cost/Effect: -,Normal,Rare,,,,Special
Daredevil™ - Billy Club,DaredevilBillyClub-PSOP_cb20200122171758.jpg,https://cardguide.fandom.com/wiki/Daredevil_-_Billy_Club_(PSOP),Daredevil,AS,,Acts as a level 9 Strength attack. One Per Deck,Cost/Effect: Strength 9,Normal,Very Rare,,,,Special
Deadpool™ - Bushwack,DeadpoolBushwack-PSOP_cb20200122174024.jpg,https://cardguide.fandom.com/wiki/Deadpool_-_Bushwack_(PSOP),Deadpool,AE,,Acts as a level 4 Energy attack. May combine with 1 Fighting card for a single attack.,Cost/Effect: Energy 4,Normal,Uncommon,,,,Special
Daredevil™ - Blind Man's Bluff,DaredevilBlindMansBluff-PSOP_cb20200122173319.jpg,https://cardguide.fandom.com/wiki/Daredevil_-_Blind_Man%27s_Bluff_(PSOP),Daredevil,BK,,Daredevil plays numerical attacks face down for remainder of battle. Opponent must guess defense. One Per Deck,Cost/Effect: -,Normal,Uncommon,,,,Special
Divine Intervention,DivineIntervention-PSOP_cb20200115181616.jpg,https://cardguide.fandom.com/wiki/Divine_Intervention_(PSOP),Loki (Marvel Comics),,,-,Cost/Effect: 8 Energy to use+1 to Energy,Normal,Common,-,,,Universe
Daredevil™ - Hypersenses,DaredevilHypersenses-PSOP_cb20200122173524.jpg,https://cardguide.fandom.com/wiki/Daredevil_-_Hypersenses_(PSOP),Daredevil,CN,,No Universe cards may be played against Daredevil for remainder of battle.,Cost/Effect: -,Normal,Very Rare,,,,Special
Doctor Octopus™ - Master Inventor,DoctorOctopusMasterInventor-PSOP_cb20200122185056.jpg,https://cardguide.fandom.com/wiki/Doctor_Octopus_-_Master_Inventor_(PSOP),Doctor Octopus,AT,,Draw 1 card. Do not discard if duplicate. One Per Deck,Cost/Effect: -,Normal,Very Rare,,,,Special
Daredevil™ - Man Without Fear,DaredevilManWithoutFear-PSOP_cb20200122173801.jpg,https://cardguide.fandom.com/wiki/Daredevil_-_Man_Without_Fear_(PSOP),Daredevil,DN,,Daredevil gains +2 to all actions for remainder of battle if Daredevil's team is outnumbered.,Cost/Effect: -,Normal,Very Rare,,,,Special
Domino™ - Shrapnel Bomb,DominoShrapnelBomb-PSOP_cb20200122184319.jpg,https://cardguide.fandom.com/wiki/Domino_-_Shrapnel_Bomb_(PSOP),Domino,BV,,Domino may make as many Power card attacks as possible. Opponent may defend. One Per Deck,Cost/Effect: -,Normal,Very Rare,,,,Special
Doctor Doom™ - Expandable Ally,DoctorDoomExpandableAlly-PSOP_cb20200122174246.jpg,https://cardguide.fandom.com/wiki/Doctor_Doom_-_Expandable_Ally_(PSOP),Doctor Doom,AC,,"Attack made on Doctor Doom is now made on teammate of his choice, who may defend it.",Cost/Effect: -,Normal,Uncommon,,,,Special
Domino™ - Trip Wire,DominoTripwire-PSOP_cb20200122184654.jpg,https://cardguide.fandom.com/wiki/Domino_-_Tripwire_(PSOP),Domino,BS,,"For remainder of battle, if Domino can block a Power card attack with an equal value Power card, Domino's Power card hits attacker. One Per Deck",Cost/Effect: -,Normal,Very Rare,,,,Special
Domino™,Domino-PSOP_cb20200122174527.jpg,https://cardguide.fandom.com/wiki/Domino_(PSOP),Domino (Neena Thurman),,,,Energy 3Fighting 8Strength 3,Normal,Very Rare,,,,Character
Domino™ - Double Down,DominoDoubleDown-PSOP_cb20200122174820.jpg,https://cardguide.fandom.com/wiki/Domino_-_Double_Down_(PSOP),Domino,AB,,Acts as a level 4 Fighting attack. May make 1 additional Fighting attack.,Cost/Effect: Fighting 4,Normal,Uncommon,,,,Special
Domino™ - Fall Into Place,DominoFallIntoPlace-PSOP_cb20200122175041.jpg,https://cardguide.fandom.com/wiki/Domino_-_Fall_Into_Place_(PSOP),Domino,AM,,Domino gains a +2 to all actions for remainder of battle.,Cost/Effect: -,Normal,Rare,,,,Special
Dr. Strange™,DrStrange-PSOP_cb20200122185427.jpg,https://cardguide.fandom.com/wiki/Dr._Strange_(PSOP),Doctor Strange (Stephen Strange),,,,Energy 8Fighting 2Strength 3,Normal,Very Rare,,,,Character
Domino™ - Lady Luck,DominoLadyLuck-PSOP_cb20200122180118.jpg,https://cardguide.fandom.com/wiki/Domino_-_Lady_Luck_(PSOP),Domino,AG,,Avoid 1 attack.,Cost/Effect: -,Normal,Very Rare,,,,Special
Dr. Strange™ - Eye of Agamotto,DrStrangeEyeOfAgamotto-PSOP_cb20200122190711.jpg,https://cardguide.fandom.com/wiki/Dr._Strange_-_Eye_of_Agamotto_(PSOP),Doctor Strange,AA,,Opponent must reveal any Special cards currently held in hand.,Cost/Effect: -,Normal,Very Rare,,,,Special
Dr. Strange™ - Mists of Morpheus,DrStrangeMistsOfMorpheus-PSOP_cb20200122190907.jpg,https://cardguide.fandom.com/wiki/Dr._Strange_-_Mists_of_Morpheus_(PSOP),Doctor Strange,DA,,Target hero may not defend with power type of Dr. Strange's choice for remainder of battle.,Cost/Effect: -,Normal,Rare,,,,Special
Domino™ - Six Pack Attack,DominoSixPackAttack-PSOP_cb20200122184510.jpg,https://cardguide.fandom.com/wiki/Domino_-_Six_Pack_Attack_(PSOP),Domino,CS,,"Choose 1 Universe card, excluding Teamwork or Training, from Draw Pile and place in hand. Reshuffle Draw Pile.",Cost/Effect: -,Normal,Uncommon,,,,Special
EM Force Lines,EmForceLines-PSOP_cb20200115182058.jpg,https://cardguide.fandom.com/wiki/EM_Force_Lines_(PSOP),Magneto,,,-,Cost/Effect: 8 Energy to use+3 to Energy,Normal,Rare,-,,,Universe
Elektra™ - Shuriken,ElektraShuriken-PSOP_cb20200122191635.jpg,https://cardguide.fandom.com/wiki/Elektra_-_Shuriken_(PSOP),Elektra,AP,,Acts as a level 6 Fighting attack. Cannot be defended by a card with a Fighting icon.,Cost/Effect: Fighting 6,Normal,Uncommon,,,,Special
Dr. Strange™ - Eldritch Blasts,DrStrangeEldritchBlasts-PSOP_cb20200122190443.jpg,https://cardguide.fandom.com/wiki/Dr._Strange_-_Eldritch_Blasts_(PSOP),Doctor Strange,DG,,Acts as a level 2 Energy attack. May make 2 additional attacks.,Cost/Effect: Energy 2,Normal,Uncommon,,,,Special
Dr. Strange™ - Crimson Band of Cytorak,DrStrangeCrimsonBandsOfCytorak-PSOP_cb20200122190217.jpg,https://cardguide.fandom.com/wiki/Dr._Strange_-_Crimson_Bands_of_Cytorak_(PSOP),Doctor Strange,AV,,Target hero may not attack for remainder of battle. One Per Deck,Cost/Effect: -,Normal,Very Rare,,,,Special
Dr. Strange™ - Necromancy,DrStrangeNecromancy-PSOP_cb20200122191142.jpg,https://cardguide.fandom.com/wiki/Dr._Strange_-_Necromancy_(PSOP),Doctor Strange,CK,,Play in current battle to resurrect any KO'd teammate next battle. Teammate is discarded at end of next battle. One Per Deck,Cost/Effect: -,Normal,Very Rare,,,,Special
Energy Booster,EnergyBooster-PSOP_cb20200115174214.jpg,https://cardguide.fandom.com/wiki/Energy_Booster_(PSOP),Storm (Marvel Comics),,,-,Cost/Effect: 7 Energy to use+1 to Energy,Normal,Common,-,,,Universe
Energy Maximizer,EnergyMaximizer-PSOP_cb20200115174603.jpg,https://cardguide.fandom.com/wiki/Energy_Maximizer_(PSOP),Cyclops,,,-,Cost/Effect: 7 Energy to use+2 to Energy,Normal,Uncommon,-,,,Universe
Dumpster,Dumpster-PSOP_cb20200115173417.jpg,https://cardguide.fandom.com/wiki/Dumpster_(PSOP),Iron Man,,,-,Cost/Effect: 6 Strength to use+3 to Strength,Normal,Common,-,,,Universe
Dr. Strange™ - Sorcerer Supreme,DrStrangeSorcererSupreme-PSOP_cb20200122191355.jpg,https://cardguide.fandom.com/wiki/Dr._Strange_-_Sorcerer_Supreme_(PSOP),Doctor Strange,AF,,Add 3 to Venture total for this battle.,Cost/Effect: -,Normal,Very Rare,,,,Special
Generator,Generator-PSOP_cb20200106212133.jpg,https://cardguide.fandom.com/wiki/Generator_(PSOP),Electro,,,-,Cost/Effect: 6 Energy to use+1 to Energy,Normal,Common,-,,,Universe
Ghost Rider™ - Demon Chain,GhostRiderDemonChain-PSOP_cb20200122193111.jpg,https://cardguide.fandom.com/wiki/Ghost_Rider_-_Demon_Chain_(PSOP),Ghost Rider,AA,,Acts as a level 4 Fighting attack. May make 1 additional attack.,Cost/Effect: Fighting 4,Normal,Uncommon,,,,Special
Ghost Rider™ - Fire and Brimstone,GhostRiderFireAndBrimstone-PSOP_cb20200123203713.jpg,https://cardguide.fandom.com/wiki/Ghost_Rider_-_Fire_and_Brimstone_(PSOP),Ghost Rider,AD,,Avoid 1 Fighting or Energy attack.,Cost/Effect: -,Normal,Uncommon,,,,Special
Ghost Rider™ - Spirit of Vengeance,GhostRiderSpiritOfVengeance-PSOP_cb20200123204839.jpg,https://cardguide.fandom.com/wiki/Ghost_Rider_-_Spirit_of_Vengeance_(PSOP),Ghost Rider,AR,,Acts as a level 6 Energy attack.,Cost/Effect: Energy 6,Normal,Very Rare,,,,Special
Ghost Rider™,GhostRider-PSOP_cb20200122192527.jpg,https://cardguide.fandom.com/wiki/Ghost_Rider_(PSOP),Ghost Rider,,,,Energy 6Fighting 5Strength 6,Normal,Rare,,,,Character
Ghost Rider™ - Hell on Wheels,GhostRiderHellOnWheels-PSOP_cb20200123204042.jpg,https://cardguide.fandom.com/wiki/Ghost_Rider_-_Hell_on_Wheels_(PSOP),Ghost Rider,AQ,,"Acts as a level 8 Energy, Strength, or Fighting attack. One Per Deck",Cost/Effect: Energy/Strength/Fighting 8,Normal,Very Rare,,,,Special
Energy Enhancer,EnergyEnhancer-PSOP_cb20200106212636.jpg,https://cardguide.fandom.com/wiki/Energy_Enhancer_(PSOP),Gambit,,,-,Cost/Effect: 6 Energy to use+3 to Energy,Normal,Uncommon,-,,,Universe
Ghost Rider™ - Penance Stare,GhostRiderPenanceStare-PSOP_cb20200123204325.jpg,https://cardguide.fandom.com/wiki/Ghost_Rider_-_Penance_Stare_(PSOP),Ghost Rider,CH,,Target hero must discard all placed cards and may not attack for remainder of battle. One Per Deck,Cost/Effect: -,Normal,Very Rare,,,,Special
Ghost Rider™ - Bat Out of Hell,GhostRiderBatOutOfHell-PSOP_cb20200122192814.jpg,https://cardguide.fandom.com/wiki/Ghost_Rider_-_Bat_Out_of_Hell_(PSOP),Ghost Rider,AI,,Opponent must discard 1 placed card of Ghost Rider's choice.,Cost/Effect: -,Normal,Very Rare,,,,Special
Hand Grenade,HandGrenade-PSOP_cb20200115172817.jpg,https://cardguide.fandom.com/wiki/Hand_Grenade_(PSOP),Black Widow,,,-,Cost/Effect: 6 Fighting to use+2 to Fighting,Normal,Uncommon,-,,,Universe
Gambit™ - Ace in the Hole,GambitAceInTheHole-PSOP_cb20200122192158.jpg,https://cardguide.fandom.com/wiki/Gambit_-_Ace_in_the_Hole_(PSOP),Gambit,AT,,Draw 1 card. Do not discard if duplicate. One Per Deck,Cost/Effect: -,Normal,Rare,,,,Special
Hobgoblin™ - Secret Pouches,HobgoblinSecretPouches-PSOP_cb20200123205125.jpg,https://cardguide.fandom.com/wiki/Hobgoblin_-_Secret_Pouches_(PSOP),Hobgoblin,AT,,Draw 1 card. Do not discard if duplicate. One Per Deck,Cost/Effect: -,Normal,Very Rare,,,,Special
Girder,Girder-PSOP_cb20200115191008.jpg,https://cardguide.fandom.com/wiki/Girder_(PSOP),Abomination,,,-,Cost/Effect: 8 Strength to use+1 to Strength,Normal,Common,-,,,Universe
Hot Dog Cart,HotDogCart-PSOP_cb20200115173727.jpg,https://cardguide.fandom.com/wiki/Hot_Dog_Cart_(PSOP),Venom,,,-,Cost/Effect: 6 Strength to use+1 to Strength,Normal,Common,-,,,Universe
Hulk™ - Power Leap,HulkPowerLeap-PSOP_cb20200123205326.jpg,https://cardguide.fandom.com/wiki/Hulk_-_Power_Leap_(PSOP),Hulk,AS,,Acts as a level 9 Fighting attack. One Per Deck,Cost/Effect: Fighting 9,Normal,Rare,,,,Special
Hunk of Asphalt,HunkOfAsphalt-PSOP_cb20200115181022.jpg,https://cardguide.fandom.com/wiki/Hunk_of_Asphalt_(PSOP),Rhino,,,-,Cost/Effect: 7 Strength to use+1 to Strength,Normal,Common,-,,,Universe
Iceman™,Iceman-PSOP_cb20200123205843.jpg,https://cardguide.fandom.com/wiki/Iceman_(PSOP),Iceman,,,,Energy 7Fighting 3Strength 4,Normal,Very Rare,,,,Character
Iceman™ - Blood Chill,IcemanBloodChill-PSOP_cb20200124191632.jpg,https://cardguide.fandom.com/wiki/Iceman_-_Blood_Chill_(PSOP),Iceman,AS,,Acts as a level 10 Energy attack. One Per Deck,Cost/Effect: Energy 10,Normal,Very Rare,,,,Special
Human Torch™ - Flame On,HumanTorchFlameOn-PSOP_cb20200123205602.jpg,https://cardguide.fandom.com/wiki/Human_Torch_-_Flame_On_(PSOP),Human Torch,AG,,Avoid 1 attack.,Cost/Effect: -,Normal,Rare,,,,Special
Iceman™ - Frostbite,IcemanFrostbite-PSOP_cb20200124191830.jpg,https://cardguide.fandom.com/wiki/Iceman_-_Frostbite_(PSOP),Iceman,AE,,Acts as a level 4 Energy attack. May combine with 1 Fighting card for a single attack.,Cost/Effect: Energy 4,Normal,Rare,,,,Special
Iceman™ - Hail Storm,IcemanHailStorm-PSOP_cb20200124192413.jpg,https://cardguide.fandom.com/wiki/Iceman_-_Hail_Storm_(PSOP),Hail Storm,AD,,Teammate may avoid any numerical attack.,Cost/Effect: -,Normal,Uncommon,,,,Special
Iceman™ - Ice Armor,IcemanIceArmor-PSOP_cb20200124192632.jpg,https://cardguide.fandom.com/wiki/Iceman_-_Ice_Armor_(PSOP),Iceman,AA,,Avoid 1 attack,Cost/Effect: -,Normal,Uncommon,,,,Special
Iceman™ - Snow Blind,IcemanSnowBlind-PSOP_cb20200124192841.jpg,https://cardguide.fandom.com/wiki/Iceman_-_Snow_Blind_(PSOP),Iceman,CM,,Opponent's heroes are -1 to all actions for remainder of battle.,Cost/Effect: -,Normal,Rare,,,,Special
Iceman™ - Sub Zero,IcemanSubZero-PSOP_cb20200124193019.jpg,https://cardguide.fandom.com/wiki/Iceman_-_Sub_Zero_(PSOP),Iceman,AR,,Acts as a level 6 Strength attack.,Cost/Effect: Strength 6,Normal,Very Rare,,,,Special
Inivisible Woman™ - Invisible Saboteur,InvisibleWomanInvisibleSaboteur-PSOP_cb20200125194734.jpg,https://cardguide.fandom.com/wiki/Invisible_Woman_-_Invisible_Saboteur_(PSOP),Invisible Woman,CO,,Opponent may not play any Universe cards from his hand this battle.,Cost/Effect: -,Normal,Uncommon,,,,Special
Iron Man™ - Industrial Waste,IronManIndustrialWaste-PSOP_cb20200125202638.jpg,https://cardguide.fandom.com/wiki/Iron_Man_-_Industrial_Waste_(PSOP),Iron Man,BW,,Opponent must discard top 5 cards from Draw Pile into Dead Pile. One Per Deck,Cost/Effect: -,Normal,Rare,,,,Special
Juggernaut™,Juggernaut-PSOP_cb20200125204538.jpg,https://cardguide.fandom.com/wiki/Juggernaut_(PSOP),Juggernaut,,,,Energy 3Fighting 4Strength 7,Normal,Very Rare,,,,Character
Juggernaut™ - Battering Ram,JuggernautBatteringRam-PSOP_cb20200126183238.jpg,https://cardguide.fandom.com/wiki/Juggernaut_-_Battering_Ram_(PSOP),Juggernaut,CU,,Acts as a level 8 Strength attack. If succesful target must immediately discard 1 placed card. One Per Deck,Cost/Effect: Strength 8,Normal,Very Rare,,,,Special
Juggernaut™ - Head Butt,JuggernautHeadButt-PSOP_cb20200126183459.jpg,https://cardguide.fandom.com/wiki/Juggernaut_-_Head_Butt_(PSOP),Juggernaut,AR,,Acts as a level 7 Fighting attack.,Cost/Effect: Fighting 7,Normal,Uncommon,,,,Special
Juggernaut™ - Raze,JuggernautRaze-PSOP_cb20200126185445.jpg,https://cardguide.fandom.com/wiki/Juggernaut_-_Raze_(PSOP),Juggernaut,AU,,"Opponent must discard all Universe cards held in hand or all placed Universe cards, whichever is a greater number. One Per Deck",Cost/Effect: -,Normal,Uncommon,,,,Special
Juggernaut™ - Unstoppable Force,JuggernautUnstoppableForce_cb20200128184955.jpg,https://cardguide.fandom.com/wiki/Juggernaut_-_Unstoppable_Force_(PSOP),Juggernaut,DQ,,Juggernaut's hits to K.O. number is increased by 2 points for remainder of game.,Cost/Effect: -,Normal,Very Rare,,,,Special
Jean Grey™ - Mutant Motivation,JeanGreyMutantMotivation-PSOP_cb20200125204048.jpg,https://cardguide.fandom.com/wiki/Jean_Grey_-_Mutant_Motivation_(PSOP),Jean Grey,CF,,Jean Grey may increase either her team's or opponent's ventured Mission cards by 1.,Cost/Effect: -,Normal,Uncommo,,,,Special
Juggernaut™ - Ignore Blow,JuggernautIgnoreBlow-PSOP_cb20200126184124.jpg,https://cardguide.fandom.com/wiki/Juggernaut_-_Ignore_Blow_(PSOP),Juggernaut,AD,,Avoid 1 Strength attack.,Cost/Effect: -,Normal,Rare,,,,Special
Lamp Post,LampPost-PSOP_cb20200115191207.jpg,https://cardguide.fandom.com/wiki/Lamp_Post_(PSOP),Thing (Marvel Comics),,,-,Cost/Effect: 8 Strength to use+2 to Strength,Normal,Uncommon,-,,,Universe
Jubilee™ - Prismatic Flare,JubileePrismaticFlare-PSOP_cb20200125204314.jpg,https://cardguide.fandom.com/wiki/Jubilee_-_Prismatic_Flare_(PSOP),Jubilee,AQ,,"Acts as a level 7 Energy, Strength, or Fighting attack. One Per Deck",Cost/Effect: Energy/Strength/Fighting 7,Normal,Very Rare,,,,Special
Juggernaut™ - Smash Incoming Object,JuggernautSmashIncomingObject-PSOP_cb20200128184601.jpg,https://cardguide.fandom.com/wiki/Juggernaut_-_Smash_Incoming_Object_(PSOP),Juggernaut,AD,,Avoid 1 attack made with a Universe card.,Cost/Effect: -,Normal,Very Rare,,,,Special
Longshot™,Longshot-PSOP_cb20200128185818.jpg,https://cardguide.fandom.com/wiki/Longshot_(PSOP),Longshot,,,,Energy 4Fighting 4Strength 3,Normal,Very Rare,,,,Character
Longshot™ - Freedom Fighter,LongshotFreedomFighter-PSOP_cb20200128195733.jpg,https://cardguide.fandom.com/wiki/Longshot_-_Freedom_Fighter_(PSOP),Longshot,AC,,"Attack made on teammate is now made on Longshot, who may defend it.",Cost/Effect: -,Normal,Uncommon,,,,Special
Longshot™ - Lucky Bounce,LongshotLuckyBounce-PSOP_cb20200128200936.jpg,https://cardguide.fandom.com/wiki/Longshot_-_Lucky_Bounce_(PSOP),Longshot,CJ,,"Play when Longshot makes a Power card attack. If defended, Longshot's Power card is returned to top of Draw Pile. One Per Deck",Cost/Effect: -,Normal,Very Rare,,,,Special
Laser Pistol,LaserPistol-PSOP_cb20200115173140.jpg,https://cardguide.fandom.com/wiki/Laser_Pistol_(PSOP),Nebula,,,-,Cost/Effect: 6 Fighting to use+3 to Fighting,Normal,Rare,-,,,Universe
Longshot™ - Roll with the Punches,LongshotRollWithThePunches-PSOP_cb20200131163405.jpg,https://cardguide.fandom.com/wiki/Longshot_-_Roll_with_the_Punches_(PSOP),Longshot,DO,,Negates the effect of any 1 Special card played by opponent against Longshot only.,Cost/Effect: -,Normal,Rare,,,,Special
Longshot™ - One in a Million,LongshotOneInAMillion-PSOP_cb20200131163148.jpg,https://cardguide.fandom.com/wiki/Longshot_-_One_in_a_Million_(PSOP),Longshot,AV,,"Acts as a level 3 Fighting attack. Can only be defended by a level 3 Power card. If defended, Power card hits Longshot. One Per Deck",Cost/Effect: Fighting 3,Normal,Very Rare,,,,Special
Longshot™ - Roll with the Punches,LongshotRollWithThePunches-PSOP-var_cb20200131163634.jpg,https://cardguide.fandom.com/wiki/Longshot_-_Roll_with_the_Punches_(PSOP)_(var),Longshot,DO,,Negates the effect of any 1 Special card played by opponent against Longshot only.,Cost/Effect: -,Normal,Rare,,1 on second line in game text.,,Special
Longshot™ - Four-Fingered Fury,LongshotFourFingeredFury-PSOP_cb20200128190308.jpg,https://cardguide.fandom.com/wiki/Longshot_-_Four-Fingered_Fury_(PSOP),Longshot,BU,,Longshot may combine Fighting Power cards level 1 thru 4 for a single attack. May be blocked as a whole or in parts.,Cost/Effect: -,Normal,Very Rare,,,,Special
Longshot™ - Hollow Bones,LongshotHollowBones-PSOP_cb20200128200700.jpg,https://cardguide.fandom.com/wiki/Longshot_-_Hollow_Bones_(PSOP),Longshot,AG,,Avoid 1 attack.,Cost/Effect: -,Normal,Very Rare,,,,Special
Mandarin™,Mandarin-PSOP_cb20200131164514.jpg,https://cardguide.fandom.com/wiki/Mandarin_(PSOP),Mandarin,,,,Energy 6Fighting 5Strength 3,Normal,Very Rare,,,,Character
Magneto™ - Power Flux,MagnetoPowerFlux-PSOP_cb20200131163945.jpg,https://cardguide.fandom.com/wiki/Magneto_-_Power_Flux_(PSOP),Magneto,AR,,Acts as a level 6 Energy attack.,Cost/Effect: Energy 6,Normal,Rare,,,,Special
Machine Gun,MachineGun-PSOP_cb20200115180805.jpg,https://cardguide.fandom.com/wiki/Machine_Gun_(PSOP),Domino,,,-,Cost/Effect: 7 Fighting to use+3 to Fighting,Normal,Rare,-,,,Universe
Mandarin™ - Electromagnetic Shield,MandarinElectromagneticShield-PSOP_cb20200131165900.jpg,https://cardguide.fandom.com/wiki/Mandarin_-_Electromagnetic_Shield_(PSOP),Mandarin,AD,,Teammate may avoid 1 attack of 9 or less.,Cost/Effect: -,Normal,Uncommon,,,,Special
Mandarin™ - Mind Control,MandarinMindControl-PSOP_cb20200131174356.jpg,https://cardguide.fandom.com/wiki/Mandarin_-_Mind_Control_(PSOP),"Mandarin, Wong",CT,,All attacks made on Mandarin are made on target teammate until teammate is KO'd. Teammate may defend.,Cost/Effect: -,Normal,Very Rare,,,,Special
Mandarin™ - Vortex Beam,MandarinVortexBeam-PSOP_cb20200131175638.jpg,https://cardguide.fandom.com/wiki/Mandarin_-_Vortex_Beam_(PSOP),Mandarin,AR,,Acts as a level 6 Strength attack.,Cost/Effect: Strength 6,Normal,Rare,,,,Special
Mojo™,Mojo-PSOP_cb20200131175944.jpg,https://cardguide.fandom.com/wiki/Mojo_(PSOP),Mojo,,,,Energy 5Fighting 6Strength 2,Normal,Very Rare,,,,Character
Manhole Cover,ManholeCover-PSOP_cb20200115173945.jpg,https://cardguide.fandom.com/wiki/Manhole_Cover_(PSOP),Spider-Woman (Julia Carpenter),,,-,Cost/Effect: 6 Strength to use+2 to Strength,Normal,Uncommon,-,,,Universe
Mandarin™ - Arch Villain,MandarinArchVillain-PSOP_cb20200131164814.jpg,https://cardguide.fandom.com/wiki/Mandarin_-_Arch_Villain_(PSOP),Mandarin,AF,,Opponent -3 to Venture total for this battle.,Cost/Effect: -,Normal,Very Rare,,,,Special
Mandarin™ - Disintegrate,MandarinDisintegrate-PSOP_cb20200131165159.jpg,https://cardguide.fandom.com/wiki/Mandarin_-_Disintegrate_(PSOP),Mandarin,AI,,Opponent must discard 1 placed card of Mandarin's choice.,Cost/Effect: -,Normal,Very Rare,,,,Special
Mandarin™ - Mastermind,MandarinMastermind-PSOP_cb20200131173524.jpg,https://cardguide.fandom.com/wiki/Mandarin_-_Mastermind_(PSOP),Mandarin,AT,,Draw 1 card. Do not discard if duplicate. One Per Deck,Cost/Effect: -,Normal,Very Rare,,,,Special
Mojo™ - Prime Time,MojoPrimeTime-PSOP_cb20200201205557.jpg,https://cardguide.fandom.com/wiki/Mojo_-_Prime_Time_(PSOP),Mojo,CX,,Acts as a level 5 Fighting attack. May combine with any 1 Power card for a single attack. One Per Deck,Cost/Effect: Fighting 5,Normal,Very Rare,,,,Special
Mojo™ - Spineless Plot,MojoSpinelessPlot-PSOP_cb20200201210557.jpg,https://cardguide.fandom.com/wiki/Mojo_-_Spineless_Plot_(PSOP),Mojo,AJ,,Opponent must reveal any Power cards currently held in hand.,Cost/Effect: -,Normal,Very Rare,,,,Special
Mojo™ - It's a Rap,MojoItsARap-PSOP_cb20200131181322.jpg,https://cardguide.fandom.com/wiki/Mojo_-_It%27s_a_Rap_(PSOP),Mojo,CI,,"Play with an Energy Power card attack. If attack succeeds, add +2 to damage.",Cost/Effect: Energy +2,Normal,Uncommon,,,,Special
Mr. Sinister™,MisterSinister-PSOP_cb20200201211554.jpg,https://cardguide.fandom.com/wiki/Mr._Sinister_(PSOP),Mister Sinister,,,,Energy 6Fighting 6Strength 5,Normal,Very Rare,,,,Character
Mojo™ - Bodyguard,MojoBodyguard-PSOP_cb20200131180207.jpg,https://cardguide.fandom.com/wiki/Mojo_-_Bodyguard_(PSOP),"Mojo, Spiral",CC,,Acts as a level 5 Strength Power card. May be used to attack or defend. May not be combined with Universe cards.,Cost/Effect: Strength 5,Normal,Very Rare,,,,Special
Mr. Fantastic™ - Object Bounce,MrFantasticObjectBounce-PSOP_cb20200201211214.jpg,https://cardguide.fandom.com/wiki/Mr._Fantastic_-_Object_Bounce_(PSOP),Mister Fantastic,DI,,Opponent's team may not use Universe cards to attack or defend against Mr. Fantastic.,Cost/Effect: -,Normal,Uncommon,,,,Special
Mojo™ - Rewrite Script,MojoRewriteScript-PSOP_cb20200201210233.jpg,https://cardguide.fandom.com/wiki/Mojo_-_Rewrite_Script_(PSOP),Mojo,CP,,May exchange remaining cards in hand with equal number of cards from top of Draw Pile. May keep duplicates. One Per Deck,Cost/Effect: -,Normal,Very Rare,,,,Special
Mr. Sinister™ - Hidden Agenda,MrSinisterHiddenAgenda-PSOP_cb20200201213204.jpg,https://cardguide.fandom.com/wiki/Mr._Sinister_-_Hidden_Agenda_(PSOP),Mister Sinister,DL,,Target hero is -2 to attacks/+2 to defense for remainder of battle.,Cost/Effect: -,Normal,Very Rare,,,,Special
Mr. Sinister™ - Backstab,MrSinisterBackstab-PSOP_cb20200201212931.jpg,https://cardguide.fandom.com/wiki/Mr._Sinister_-_Backstab_(PSOP),Mister Sinister,AR,,Acts as a level 6 Strength attack.,Cost/Effect: Strength 6,Normal,Rare,,,,Special
Mojo™ - Supreme Edits,MojoSupremeEdits-PSOP_cb20200201210809.jpg,https://cardguide.fandom.com/wiki/Mojo_-_Supreme_Edits_(PSOP),Mojo,AG,,Avoid 1 attack.,Cost/Effect: -,Normal,Rare,,,,Special
Mr. Sinister™ - Power Scheme,MrSinisterPowerScheme-PSOP-Silver_cb20200201215028.jpg,https://cardguide.fandom.com/wiki/Mr._Sinister_-_Power_Scheme_(PSOP_(Silver),Mister Sinister,BT,,Opponent's Energy Power cards do not count in the Venture total for this battle.,Cost/Effect: -,Foil,Silver,,,,Special
Mysterio™ - Hollywood Horror,MysterioHollywoodHorror-PSOP_cb20200201220055.jpg,https://cardguide.fandom.com/wiki/Mysterio_-_Hollywood_Horror_(PSOP),Mysterio,AV,,Target hero may not attack for remainder of battle. One Per Deck,Cost/Effect: -,Normal,Very Rare,,,,Special
Mr. Sinister™ - Inside Information,MrSinisterInsideInformation-PSOP_cb20200201213643.jpg,https://cardguide.fandom.com/wiki/Mr._Sinister_-_Inside_Information_(PSOP),Mister Sinister,BZ,,Opponent must reveal hand and play open handed for remainder of battle.,Cost/Effect: -,Normal,Rare,,,,Special
Mr. Sinister™ - Maleable Maneuver,MrSinisterMaleableManeuver-PSOP_cb20200201213816.jpg,https://cardguide.fandom.com/wiki/Mr._Sinister_-_Maleable_Maneuver_(PSOP),Mister Sinister,AG,,Avoid 1 attack.,Cost/Effect: -,Normal,Very Rare,,,,Special
Mr. Sinister™ - Merciless Mutant,MrSinisterMercilessMutant-PSOP_cb20200201214213.jpg,https://cardguide.fandom.com/wiki/Mr._Sinister_-_Merciless_Mutant_(PSOP),Mister Sinister,DH,,Acts as a level Fighting 2 attack. May make up to 2 additional Fighting attacks against the same hero.,Cost/Effect: Fighting 2,Normal,Uncommon,,,,Special
Mysterio™ - Mist and Mirrors,MysterioMistAndMirrors-PSOP_cb20200201220410.jpg,https://cardguide.fandom.com/wiki/Mysterio_-_Mist_and_Mirrors_(PSOP),Mysterio,AM,,Mysterio gains +1 to all actions for remainder of battle.,Cost/Effect: -,Normal,Uncommon,,,,Special
Mr. Sinister™ - Power Scheme,MrSinisterPowerScheme-PSOP_cb20200201214856.jpg,https://cardguide.fandom.com/wiki/Mr._Sinister_-_Power_Scheme_(PSOP),Mister Sinister,BT,,Opponent's Energy Power cards do not count in the Venture total for this battle.,Cost/Effect: -,Normal,Rare,,,,Special
Mysterio™,Mysterio-PSOP_cb20200201215527.jpg,https://cardguide.fandom.com/wiki/Mysterio_(PSOP),Mysterio,,,,Energy 6Fighting 3Strength 4,Normal,Very Rare,,,,Character
Mysterio™ - Alter Perception,MysterioAlterPerception-PSOP_cb20200201215758.jpg,https://cardguide.fandom.com/wiki/Mysterio_-_Alter_Perception_(PSOP),Mysterio,BK,,Mysterio plays numerical attacks face down for remainder of battle. Opponent must guess defense.,Cost/Effect: -,Normal,Very Rare,,,,Special
Mysterio™ - Stuntman,MysterioStuntman-PSOP_cb20200201232528.jpg,https://cardguide.fandom.com/wiki/Mysterio_-_Stuntman_(PSOP),Mysterio,CC,,Acts as a level 5 Fighting Power card. May be used to attack or defend. May not be combined with Universe cards.,Cost/Effect: Fighting 5,Normal,Very Rare,,,,Special
Mysterio™ - Poison Props,MysterioPoisonProps-PSOP_cb20200201232027.jpg,https://cardguide.fandom.com/wiki/Mysterio_-_Poison_Props_(PSOP),Mysterio,AE,,Acts as a level 4 Energy attack. May combine with 1 Strength card for a single attack.,Cost/Effect: Energy 4,Normal,Very Rare,,,,Special
Namor™ - Atlantis Attacks,NamorAtlantisAttacks-PSOP_cb20200201233338.jpg,https://cardguide.fandom.com/wiki/Namor_-_Atlantis_Attacks_(PSOP),Namor,AA,,Acts as a level 4 Fighting attack. May make 1 additional attack.,Cost/Effect: Fighting 4,Normal,Uncommon,,,,Special
Namor™ - Atlantis Attacks,NamorAtlantisAtttacks-PSOP-Silver_cb20200202111632.jpg,https://cardguide.fandom.com/wiki/Namor_-_Atlantis_Attacks_(PSOP_(Silver),Namor,AA,,Acts as a level 4 Fighting attack. May make 1 additional attack.,Cost/Effect: Fighting 4,Foil,Silver,,,,Special
Namor™,Namor-PSOP_cb20200201233123.jpg,https://cardguide.fandom.com/wiki/Namor_(PSOP),Namor,,,,Energy 1Fighting 4Strength 8,Normal,Rare,,,,Character
Mysterio™ - Now You See It...,MysterioNowYouSeeIt-PSOP_cb20200201220731.jpg,https://cardguide.fandom.com/wiki/Mysterio_-_Now_You_See_It..._(PSOP),Mysterio,AU,,Target hero must immediately discard all placed cards. One Per Deck,Cost/Effect: -,Normal,Very Rare,,,,Special
"Namor™ - Land, Sea, and Air",NamorLandSeaAndAir-PSOP_cb20200201234338.jpg,"https://cardguide.fandom.com/wiki/Namor_-_Land,_Sea,_and_Air_(PSOP)",Namor,CY,,Acts as a level 4 Energy attack. Namor may make 1 additional Strength and/or 1 additional Fighting Power card attack.,Cost/Effect: Energy 4,Normal,Very Rare,,,,Special
Namor™ - Watery Grave,NamorWateryGrave-PSOP_cb20200201234549.jpg,https://cardguide.fandom.com/wiki/Namor_-_Watery_Grave_(PSOP),Namor,CR,,Hero may switch any two Power cards of equal value on any two of opponent's heroes. One Per Deck,Cost/Effect: -,Normal,Very Rare,,,,Special
Namor™ - Winged Feet,NamorWingedFeet-PSOP_cb20200201234849.jpg,https://cardguide.fandom.com/wiki/Namor_-_Winged_Feet_(PSOP),Namor,AD,,Avoid 1 Energy attack.,Cost/Effect: -,Normal,Uncommon,,,,Special
Namor™ - Imperious Rex,NamorImperiousRex-PSOP_cb20200201234019.jpg,https://cardguide.fandom.com/wiki/Namor_-_Imperious_Rex_(PSOP),Namor,AQ,,"Acts as a level 7 Energy, Strength, or Fighting attack. One Per Deck",Cost/Effect: Energy/Strength/Fighting 7,Normal,Very Rare,,,,Special
Namor™ - Bounty of the Sea,NamorBountyOfTheSea-PSOP_cb20200201233649.jpg,https://cardguide.fandom.com/wiki/Namor_-_Bounty_of_the_Sea_(PSOP),Namor,BR,,"Namor may have 1 additional Power, Universe, or Special card placed on him until Namor is KO'd.",Cost/Effect: -,Normal,Very Rare,,,,Special
Mystique™ - Mistaken Identity,MystiqueMistakenIdentity-PSOP_cb20200201232805.jpg,https://cardguide.fandom.com/wiki/Mystique_-_Mistaken_Identity_(PSOP),"Sabretooth, Mystique",CA,,Mystique may switch entire permanent record with any front line teammate.,Cost/Effect: -,Normal,Rare,,,,Special
Omega Red™ - Secret Pheromones,OmegaRedSecretPheromones-PSOP_cb20200201235136.jpg,https://cardguide.fandom.com/wiki/Omega_Red_-_Secret_Pheromones_(PSOP),Omega Red,DP,,Target hero may not use cards with icon of Omega Red's choice for remainder of battle. One Per Deck,Cost/Effect: -,Normal,Very Rare,,,,Special
Power Lines,PowerLines-PSOP_cb20200106212334.jpg,https://cardguide.fandom.com/wiki/Power_Lines_(PSOP),Bishop,,,-,Cost/Effect: 6 Energy to use+2 to Energy,Normal,Uncommon,-,,,Universe
Punisher™ - Flame Thrower,PunisherFlameThrower-PSOP_cb20200201235825.jpg,https://cardguide.fandom.com/wiki/Punisher_-_Flame_Thrower_(PSOP),Punisher,AE,,Acts as a level 4 Energy attack. May combine with 1 Fighting card for a single attack.,Cost/Effect: Energy 4,Normal,Rare,,,,Special
Psylocke™ - Illusion,PsylockeIllusion-PSOP_cb20200201235620.jpg,https://cardguide.fandom.com/wiki/Psylocke_-_Illusion_(PSOP),Psylocke,AG,,Avoid 1 attack.,Cost/Effect: -,Normal,Uncommon,,,,Special
Rhino™ - Scare Tactics,RhinoScareTactics-PSOP_cb20200202000122.jpg,https://cardguide.fandom.com/wiki/Rhino_-_Scare_Tactics_(PSOP),Rhino,BC,,Play when opponent's hero is KO'd. Reserve must skip a battle before entering. One Per Deck,Cost/Effect: -,Normal,Rare,,,,Special
Power Cosmic,PowerCosmic-PSOP_cb20200115174757.jpg,https://cardguide.fandom.com/wiki/Power_Cosmic_(PSOP),Silver Surfer,,,-,Cost/Effect: 7 Energy to use+3 to Energy,Normal,Uncommon,-,,,Universe
Professor X™ - Read Mind,ProfessorXReadMind-PSOP_cb20200201235359.jpg,https://cardguide.fandom.com/wiki/Professor_X_-_Read_Mind_(PSOP),Professor X,AG,,Avoid 1 attack.,Cost/Effect: -,Normal,Rare,,,,Special
Rogue™ - Mutant Missile,RogueMutantMissile-PSOP_cb20200202000259.jpg,https://cardguide.fandom.com/wiki/Rogue_-_Mutant_Missile_(PSOP),Rogue,AS,,Acts as a level 9 Fighting attack. One Per Deck,Cost/Effect: Fighting 9,Normal,Rare,,,,Special
Scarlet Spider™ - Arachnid Gizmos,ScarletSpiderArachnidGizmos-PSOP_cb20200202112146.jpg,https://cardguide.fandom.com/wiki/Scarlet_Spider_-_Arachnid_Gizmos_(PSOP),Scarlet Spider,BQ,,"On his turn, Scarlet Spider may exchange this card for any 1 card in Dead Pile and play it immediately. One Per Deck",Cost/Effect: -,Normal,Rare,,,,Special
Scarlet Spider™ - Impact Webbing,ScarletSpiderImpactWebbing-PSOP_cb20200202113058.jpg,https://cardguide.fandom.com/wiki/Scarlet_Spider_-_Impact_Webbing_(PSOP),Scarlet Spider,BV,,Scarlet Spider may make as many Power card attacks as possible. Opponent may defend. One Per Deck,Cost/Effect: -,Normal,Very Rare,,,,Special
Scarlet Spider™ - Hidden Pouches,ScarletSpiderHiddenPouches-PSOP_cb20200202112554.jpg,https://cardguide.fandom.com/wiki/Scarlet_Spider_-_Hidden_Pouches_(PSOP),Scarlet Spider,BR,,"Scarlet Spider may have 1 additional Power, Universe, or Special card placed on him until Scarlet Spider is KO'd.",Cost/Effect: -,Normal,Very Rare,,,,Special
Rocket Launcher,RocketLauncher-PSOP_cb20200115175507.jpg,https://cardguide.fandom.com/wiki/Rocket_Launcher_(PSOP),Punisher,,,-,Cost/Effect: 7 Fighting to use+1 to Fighting,Normal,Common,-,,,Universe
Scarlet Spider™ - New Warrior,ScarletSpiderNewWarrior-PSOP_cb20200202115116.jpg,https://cardguide.fandom.com/wiki/Scarlet_Spider_-_New_Warrior_(PSOP),Scarlet Spider,AB,,Acts as a level 4 Fighting attack. May make 1 additional Fighting attack.,Cost/Effect: Fighting 4,Normal,Uncommon,,,,Special
Scarlet Spider™,ScarletSpider-PSOP_cb20200202000740.jpg,https://cardguide.fandom.com/wiki/Scarlet_Spider_(PSOP),Scarlet Spider,,,,Energy 5Fighting 7Strength 6,Normal,Very Rare,,,,Character
Sabretooth™ - Rabid Beast,SabretoothRabidBeast-PSOP_cb20200202000459.jpg,https://cardguide.fandom.com/wiki/Sabretooth_-_Rabid_Beast_(PSOP),Sabretooth,DK,,Play when Sabretooth is wounded. Sabretooth gains +2 to all attacks for remainder of battle.,Cost/Effect: -,Normal,Uncommon,,,,Special
Scarlet Spider™ - Sticky Fingers,ScarletSpiderStickyFingers-PSOP_cb20200202121747.jpg,https://cardguide.fandom.com/wiki/Scarlet_Spider_-_Sticky_Fingers_(PSOP),Scarlet Spider,CB,,"Scarlet Spider can combine 1 Power card with 1 of opponent's placed Universe cards, excluding Teamwork, to attack.",Cost/Effect: -,Normal,Very Rare,,,,Special
Scarlet Witch™,ScarletWitch-PSOP_cb20200202122256.jpg,https://cardguide.fandom.com/wiki/Scarlet_Witch_(PSOP),Scarlet Witch,,,,Energy 6Fighting 4Strength 4,Normal,Very Rare,,,,Character
Scarlet Witch™ - Hex Power,ScarletWitchHexPower-PSOP_cb20200202122957.jpg,https://cardguide.fandom.com/wiki/Scarlet_Witch_-_Hex_Power_(PSOP),Scarlet Witch,AQ,,"Acts as a level 8 Energy, Strength, or Fighting attack. One Per Deck",Cost/Effect: Energy/Strength/Fighting 8,Normal,Very Rare,,,,Special
Scarlet Spider™ - Spider Web,ScarletSpiderSpiderWeb-PSOP_cb20200202115706.jpg,https://cardguide.fandom.com/wiki/Scarlet_Spider_-_Spider_Web_(PSOP),Scarlet Spider,AV,,Target hero may not attack for remainder of battle. One Per Deck,Cost/Effect: -,Normal,Very Rare,,,,Special
Scarlet Witch™ - Sorceress Slam,ScarletWitchSorceressSlam-PSOP_cb20200202123620.jpg,https://cardguide.fandom.com/wiki/Scarlet_Witch_-_Sorceress_Slam_(PSOP),Scarlet Witch,AR,,Acts as a level 6 Strength attack.,Cost/Effect: Strength 6,Normal,Rare,,,,Special
Scarlet Witch™ - Change Outcome,ScarletWitchChangeOutcome-PSOP_cb20200202122450.jpg,https://cardguide.fandom.com/wiki/Scarlet_Witch_-_Change_Outcome_(PSOP),Scarlet Witch,AO,,Negates the effect of any 1 Special card played by opponent.,Cost/Effect: -,Normal,Very Rare,,,,Special
Scarlet Witch™ - Mutant Magic,ScarletWitchMutantMagic-PSOP_cb20200202123223.jpg,https://cardguide.fandom.com/wiki/Scarlet_Witch_-_Mutant_Magic_(PSOP),Scarlet Witch,BT,,Opponent's Strength Power cards do not count in the Venture total for this battle.,Cost/Effect: -,Normal,Rare,,,,Special
"Separation Anxiety 1 of 7 - ""Seeds of Destruction""",SeparationAnxiety1-PSOP_cb20200202132141.jpg,https://cardguide.fandom.com/wiki/Separation_Anxiety_1_(PSOP),Venom,,"""Five symbiotic seeds have been taken from Venom's body. Join in the quest to prevent these ""children of evil"" from bounding with the life foundation hosts. [ End ]",,,Normal,Common,,,,Mission
Scarlet Witch™ - Spell of Destruction,ScarletWitchSpellOfDestruction-PSOP_cb20200202124238.jpg,https://cardguide.fandom.com/wiki/Scarlet_Witch_-_Spell_of_Destruction_(PSOP),Scarlet Witch,DR,,"Opponent must draw one card from Draw Pile. Drawn card and any duplicate of it, placed or in hand, must be discarded.",Cost/Effect: -,Normal,Uncommon,,,,Special
Scarlet Witch™ - Spontaneous Combustion,ScarletWitchSpontaneousCombustion-PSOP_cb20200202124434.jpg,https://cardguide.fandom.com/wiki/Scarlet_Witch_-_Spontaneous_Combustion_(PSOP),Scarlet Witch,AI,,Opponent must discard 1 placed card of Scarlet Witch's choice.,Cost/Effect: -,Normal,Very Rare,,,,Special
Scarlet Witch - Sorceress Slam,ScarletWitchSorceressSlam-PSOP-error_cb20200202124024.jpg,https://cardguide.fandom.com/wiki/Scarlet_Witch_-_Sorceress_Slam_(PSOP)_(var),Scarlet Witch,AR,,Acts as a level 6 Strength attack.,Cost/Effect: Strength 6,Normal,Rare (Misprint),,Printed with a Fighting icon in place of a Strength icon.,,Special
"Separation Anxiety 5 of 7 - ""Ventilator Blues""",SeparationAnxiety5-PSOP_cb20200202143849.jpg,https://cardguide.fandom.com/wiki/Separation_Anxiety_5_(PSOP),"Venom, Symbiote",,"""Avoid the mayhem using the city's ventilation system. Duke it out in the maze of filters and razor walls against robotic terrors and the second symbiotic spawn. [ End ]",,,Normal,Common,,,,Mission
"Separation Anxiety 3 of 7 - ""A Hot Welcome""",SeparationAnxiety3-PSOP_cb20200202141704.jpg,https://cardguide.fandom.com/wiki/Separation_Anxiety_3_(PSOP),unknowns,,"""Breach the entrance to to the doomsday bunkers and lay waste to the onslaught of jury members. Find the demon seeds before another Carnage is created.",,,Normal,Common,,,,Mission
"Separation Anxiety 2 of 7 - ""A Bridge to Bedlam""",SeparationAnxiety2-PSOP_cb20200202132705.jpg,https://cardguide.fandom.com/wiki/Separation_Anxiety_2_(PSOP),Spider-Man,,"""Cross the unfinished span as you search for the foundation. Beast some sense into the paranoid patricians who would rule armageddon. [ End ]",,,Normal,Common,,,,Mission
"Separation Anxiety 7 of 7 - ""Carnage Uncaged!""",SeparationAnxiety7-PSOP_cb20200202145200.jpg,https://cardguide.fandom.com/wiki/Separation_Anxiety_7_(PSOP),Carnage,,"Freed from his glass incarceration, the havoc that is Carnage is once again on the loose. Stop him at all costs, before it's too late! [ End ]",,,Normal,Common,,,,Mission
She Hulk™ (sic),SheHulk-PSOP_cb20200202145500.jpg,https://cardguide.fandom.com/wiki/She_Hulk_(PSOP),She-Hulk,,,,Energy 2Fighting 5Strength 7,Normal,Very Rare,,,,Character
She Hulk (sic)™ - Power Proxy,SheHulkPowerProxy-PSOP_cb20200202151002.jpg,https://cardguide.fandom.com/wiki/She_Hulk_-_Power_Proxy_(PSOP),She-Hulk,AI,,Target hero must discard 1 placed Power card of She Hulk's (sic) choice.,Cost/Effect: -,Normal,Uncommon,,,,Special
She Hulk (sic)™ - Emerald Allure,SheHulkEmeraldAllure-PSOP_cb20200202150114.jpg,https://cardguide.fandom.com/wiki/She_Hulk_-_Emerald_Allure_(PSOP),She-Hulk,AC,,"Attack made on teammate is now made on She Hulk (sic), who may defend it.",Cost/Effect: -,Normal,Uncommon,,,,Special
"Separation Anxiety 4 of 7 - ""City Beneath the Soil""",SeparationAnxiety4-PSOP_cb20200202142641.jpg,https://cardguide.fandom.com/wiki/Separation_Anxiety_4_(PSOP),Symbiote,,"""Invade the subterranean city. Barrel over a legion of laser lugging robots. Subdue the first of the deadly symbiotes hatched to protect the Foundation. [ End ]",,,Normal,Common,,,,Mission
She Hulk (sic)™ - Elbow Grease,SheHulkElbowGrease-PSOP_cb20200202145700.jpg,https://cardguide.fandom.com/wiki/She_Hulk_-_Elbow_Grease_(PSOP),She-Hulk,CD,,Only attacks made with Universe cards may be played against She Hulk (sic) for remainder of battle.,Cost/Effect: -,Normal,Very Rare,,,,Special
"Separation Anxiety 6 of 7 - ""Check-Point Charley""",SeparationAnxiety6-PSOP_cb20200202144615.jpg,https://cardguide.fandom.com/wiki/Separation_Anxiety_6_(PSOP),"Spider-Man, Symbiote",,"""Hustle your team passed the security station. Outmaneuver the deadly traps that would force you to your doom and turn the tables on the next two symbiotes. [ End ]",,,Normal,Common,,,,Mission
She Hulk (sic)™ - She-Hulk Smash,SheHulkSheHulkSmash-PSOP_cb20200202190225.jpg,https://cardguide.fandom.com/wiki/She_Hulk_-_She-Hulk_Smash_(PSOP),She-Hulk,BX,,Acts as a level 4 Strength attack. May combine with a Universe card. Universe bonus added to Venture totalfor this battle.,Cost/Effect: Strength 4,Normal,Very Rare,,,,Special
Silver Sable™ - Chia,SilverSableChia-PSOP_cb20200203180443.jpg,https://cardguide.fandom.com/wiki/Silver_Sable_-_Chia_(PSOP),Silver Sable,AP,,Acts as a level 6 Fighting attack. Cannot be defended by a card with a Strength icon.,Cost/Effect: Fighting 6,Normal,Uncommon,,,,Special
"She Hulk (sic)™ - Vitamin ""G""",SheHulkVitaminG-PSOP_cb20200202190419.jpg,https://cardguide.fandom.com/wiki/She_Hulk_-_Vitamin_%22G%22_(PSOP),She-Hulk,AL,,Remove 1 hit from She Hulk's (sic) permanent record.,Cost/Effect: -,Normal,Very Rare,,,,Special
Silver Sable™ - Hidden Weapon,SilverSableHiddenWeapon-PSOP_cb20200203181928.jpg,https://cardguide.fandom.com/wiki/Silver_Sable_-_Hidden_Weapon_(PSOP),Silver Sable,AT,,Draw 1 card. Do not discard if duplicate. One Per Deck,Cost/Effect: -,Normal,Very Rare,,,,Special
She Hulk (sic)™ - Gamma Girl,SheHulkGammaGirl-PSOP_cb20200202150254.jpg,https://cardguide.fandom.com/wiki/She_Hulk_-_Gamma_Girl_(PSOP),She-Hulk,AQ,,"Acts as a level 8 Energy, Strength, or Fighting attack. One Per Deck",Cost/Effect: Energy/Strength/Fighting 8,Normal,Rare,,,,Special
Silver Sable™ - Kevlar,SilverSableKevlar-PSOP_cb20200203182503.jpg,https://cardguide.fandom.com/wiki/Silver_Sable_-_Kevlar_(PSOP),Silver Sable,AG,,Avoid 1 attack.,Cost/Effect: -,Normal,Very Rare,,,,Special
Silver Sable™ - One with the Sword,SilverSableOneWithTheSword-PSOP_cb20200203183356.jpg,https://cardguide.fandom.com/wiki/Silver_Sable_-_One_with_the_Sword_(PSOP),Silver Sable,AA,,Acts as a level 5 Energy attack. May make 1 additional attack.,Cost/Effect: Energy 5,Normal,Rare,,,,Special
Silver Sable™ - Katana,SilverSableKatana-PSOP_cb20200203182138.jpg,https://cardguide.fandom.com/wiki/Silver_Sable_-_Katana_(PSOP),Silver Sable,AA,,Acts as a level 4 Fighting attack. May make 1 additional attack.,Cost/Effect: Fighting 4,Normal,Rare,,,,Special
"Sins of the Future 1 of 7 - ""The New Order""",SinsOfTheFuture1-PSOP_cb20200203190240.jpg,https://cardguide.fandom.com/wiki/Sins_of_the_Future_1_(PSOP),Sentinels,,"""The Sentinels have embarked on a bloody campaign of destruction. Defeat the first onslaught of robotic hunters, mutant turncoats, and genocidal allies. [ End ]",,,Normal,Common,,,,Mission
"Sins of the Future 2 of 7 - ""Fractured Logic""",SinsOfTheFuture2-PSOP_cb20200203190610.jpg,https://cardguide.fandom.com/wiki/Sins_of_the_Future_2_(PSOP),Graydon Creed,,"""A new directive drives the deadly machines to protect humanity. They must first conquer it! Destroy the plans of the would-be usurpers. [ End ]",,,Normal,Common,,,,Mission
"Sins of the Future 4 of 7 - ""The Fight for Freedom""",SinsOfTheFuture4-PSOP_cb20200213192753.jpg,https://cardguide.fandom.com/wiki/Sins_of_the_Future_4_(PSOP),Magneto,,"Invade the concentration camps of the racist regime of Sentinels. Face the guards. Wreck the camp, and liberate the prisoners of war. [ End ]",,,Normal,Common,,,,Mission
"Sins of the Future 3 of 7 - ""The Face of Death""",SinsOfTheFuture3-PSOP_cb20200203193840.jpg,https://cardguide.fandom.com/wiki/Sins_of_the_Future_3_(PSOP),Master Mold,,"""The forces of wholesale mutant extermination have a new ally, the Master Mold. Challenge him and his supporters, and ensure the safety of the free world. [ End ]",,,Normal,Common,,,,Mission
Silver Surfer™ - Double Power Blast,SilverSurferDoublePowerBlast-PSOP_cb20200203184157.jpg,https://cardguide.fandom.com/wiki/Silver_Surfer_-_Double_Power_Blast_(PSOP),Silver Surfer,AE,,Acts as a level 4 Energy attack. May combine with 1 Energy card for a single attack.,Cost/Effect: Energy 4,Normal,Rare,,,,Special
Silver Sable™ - Leadership,SilverSableLeadership-PSOP_cb20200203182736.jpg,https://cardguide.fandom.com/wiki/Silver_Sable_-_Leadership_(PSOP),Silver Sable,CQ,,All Silver Sable Special cards are doubled when determing Venture total this battle.,Cost/Effect: -,Normal,Uncommon,,,,Special
"Sins of the Future 5 of 7 - ""Search and Destroy""",SinsOfTheFuture5-PSOP_cb20200213193139.jpg,https://cardguide.fandom.com/wiki/Sins_of_the_Future_5_(PSOP),Wolverine,,"""Rebel forces have discovered the location of the Sentinel processing plant. Raid the factory, eliminate its protection, and leave nothing but rubble. [ End ]",,,Normal,Common,,,,Mission
"Sins of the Future 7 of 7 - ""The Ultimate Evil""",SinsOfTheFuture7-PSOP_cb20200213195656.jpg,https://cardguide.fandom.com/wiki/Sins_of_the_Future_7_(PSOP),Nimrod,,"""Challenged by the ultimate evil, Nimrod. Overthrow him and his supporters, and guarantee that his crusade of madness is over. [ End ]",,,Normal,Common,,,,Mission
"Sins of the Future 6 of 7 - ""Traitors and Turncoats""",SinsOfTheFuture6-PSOP_cb20200213195509.jpg,https://cardguide.fandom.com/wiki/Sins_of_the_Future_6_(PSOP),Phoenix (Rachel Summers),,"""Stand off against the forces that have aligned themselves with the death-dealing Sentinels. Overcome the betrayers, and dismantle the army of conspirators. [ End ]",,,Normal,Common,,,,Mission
Strong Guy™,StrongGuy-PSOP_cb20200213184245.jpg,https://cardguide.fandom.com/wiki/Strong_Guy_(PSOP),Strong Guy,,,,Energy 4Fighting 4Strength 6,Normal,Very Rare,,,,Character
Silver Sable™,SilverSable-PSOP_cb20200203180020.jpg,https://cardguide.fandom.com/wiki/Siver_Sable_(PSOP),Silver Sable,,,,Energy 2Fighting 6Strength 5,Normal,Very Rare,,,,Character
Spider-Woman™ - Psionic Attack,SpiderWomanPsionicAttack-PSOP_cb20200220174123.jpg,https://cardguide.fandom.com/wiki/Spider-Woman_-_Psionic_Attack_(PSOP),Spider-Woman (Julia Carpenter),AQ,,"Acts as a level 7 Energy, Strength, or Fighting attack. One Per Deck",Cost/Effect: Energy/Strength/Fighting 7,Normal,Rare,,,,Special
Strong Guy™ - Kinetic Absorption,StrongGuyKineticAbsorption-PSOP_cb20200220180044.jpg,https://cardguide.fandom.com/wiki/Strong_Guy_-_Kinetic_Absorption_(PSOP),Strong Guy,CN,,No Strength cards may be played against Strong Guy for remainder of battle.,Cost/Effect: -,Normal,Uncommon,,,,Special
Storm™ - Weather Manipulation,StormWeatherManipulation-PSOP_cb20200220175146.jpg,https://cardguide.fandom.com/wiki/Storm_-_Weather_Manipulation_(PSOP),Storm (Marvel Comics),CF,,Storm may increase either her team's or opponent's ventured Mission cards by 1.,Cost/Effect: -,Normal,Rare,,,,Special
Spider-Man™ - Taunt,SpiderManTaunt-PSOP_cb20200220174522.jpg,https://cardguide.fandom.com/wiki/Spider-Man_-_Taunt_(PSOP),Spider-Man,BL,,Play when opponent concedes battle. Opponent may not concede battle. One Per Deck,Cost/Effect: -,Normal,Rare,,,,Special
Strong Guy™ - Fit of Laughter,StrongGuyFitOfLaughter-PSOP_cb20200220175526.jpg,https://cardguide.fandom.com/wiki/Strong_Guy_-_Fit_of_Laughter_(PSOP),Strong Guy,AV,,Target hero may not attack for remainder of battle. One Per Deck,Cost/Effect: -,Normal,Rare,,,,Special
Strong Guy™ - Knuckle Sandwich,StrongGuyKnuckleSandwich-PSOP_cb20200220180835.jpg,https://cardguide.fandom.com/wiki/Strong_Guy_-_Knuckle_Sandwich_(PSOP),Strong Guy,AA,,Acts as a level 4 Fighting attack. May make 1 additional attack.,Cost/Effect: Fighting 4,Normal,Uncommon,,,,Special
Strong Guy™ - Rock & Roll,StrongGuyRock_Roll-PSOP_cb20200220182156.jpg,https://cardguide.fandom.com/wiki/Strong_Guy_-_Rock_%26_Roll_(PSOP),Strong Guy,BS,,"For remainder of battle, if Strong Guy can block a Power card attack with an equal value Power card, Strong Guy's Power card hits attacker. One Per Deck",Cost/Effect: -,Normal,Very Rare,,,,Special
Strong Guy™ - Pile It On,StrongGuyPileItOn-PSOP_cb20200220181712.jpg,https://cardguide.fandom.com/wiki/Strong_Guy_-_Pile_It_On_(PSOP),Strong Guy,CG,,Strong Guy cannot be Spectrum KO'd for remainder of game. One Per Deck,Cost/Effect: -,Normal,Very Rare,,,,Special
Super Skrull™ (sic),SuperSkrull-PSOP_cb20200213184750.jpg,https://cardguide.fandom.com/wiki/Super_Skrull_(PSOP),Super-Skrull,,,,Energy 5Fighting 3Strength 7,Normal,Very Rare,,,,Character
Super Skrull (sic)™ - Imitation,FandomFireLogo_cb20210713142711.png,https://cardguide.fandom.com/wiki/Super_Skrull_-_Imitation_(PSOP_(Silver),"Gambit, Super-Skrull",CA,,Super Skrull may switch his entire permanent record with any front line teammate.,Cost/Effect: -,Foil,Silver,,,,Special
Super Skrull™ (sic) - Flexible Form,SuperSkrullFlexibleForm-PSOP_cb20200220183812.jpg,https://cardguide.fandom.com/wiki/Super_Skrull_-_Flexible_Form_(PSOP),Super-Skrull,AG,,Avoid 1 attack.,Cost/Effect: -,Normal,Very Rare,,,,Special
Super Skrull (sic)™ - Fists of Strength,SuperSkrullFistsOfStone-PSOP_cb20200220183120.jpg,https://cardguide.fandom.com/wiki/Super_Skrull_-_Fists_of_Stone_(PSOP),Super-Skrull,BU,,Super Skrull may combine Strength Power cards level 1 thru 4 for a single attack. May be blocked as a whole or in parts.,Cost/Effect: -,Normal,Very Rare,,,,Special
Super Skrull (sic)™ - Invisible Invasion,SuperSkrullInvisibleInvasion-PSOP_cb20200221141506.jpg,https://cardguide.fandom.com/wiki/Super_Skrull_-_Invisible_Invasion_(PSOP),Super-Skrull,CZ,,"Acts as a level 4 Fighting attack. if succesful, target must discard all placed cards into Dead Pile. One Per Deck",Cost/Effect: Fighting 4,Normal,Rare,,,,Special
Super Skrull (sic)™ - Imitation,SuperSkrullImitation-PSOP_cb20200220184535.jpg,https://cardguide.fandom.com/wiki/Super_Skrull_-_Imitation_(PSOP),"Gambit, Super-Skrull",CA,,Super Skrull may switch his entire permanent record with any front line teammate.,Cost/Effect: -,Normal,Very Rare,,,,Special
Sword,Sword-PSOP_cb20200115175709.jpg,https://cardguide.fandom.com/wiki/Sword_(PSOP),Bloody Mary,,,-,Cost/Effect: 7 Fighting to use+2 to Fighting,Normal,Uncommon,-,,,Universe
Strong Guy™ - Mighty Mutant,StrongGuyMightyMutant-PSOP_cb20200220181118.jpg,https://cardguide.fandom.com/wiki/Strong_Guy_-_Mighty_Mutant_(PSOP),Strong Guy,DM,,Strong Guy's Energy Power cards are +2 for remainder of battle.,Cost/Effect: -,Normal,Very Rare,,,,Special
Thing™ - Brute Force,ThingBruteForce-PSOP_cb20200221142539.jpg,https://cardguide.fandom.com/wiki/Thing_-_Brute_Force_(PSOP),Thing (Marvel Comics),BX,,Acts as a level 4 Strength attack. May combine with a Universe card. Universe bonus added to Venture total for this battle.,Cost/Effect: Strength 4,Normal,Uncommon,,,,Special
Throwing Blades,ThrowingBlades-PSOP_cb20200221174516.jpg,https://cardguide.fandom.com/wiki/Throwing_Blades_(PSOP),Longshot,,,-,Cost/Effect: 6 Fighting to use+1 to Fighting,Normal,Common,-,,,Universe
Super Skrull (sic)™ - Skrull and Crossbones,SuperSkrullSkrullAndCrossbones-PSOP_cb20200221142208.jpg,https://cardguide.fandom.com/wiki/Super_Skrull_-_Skrull_and_Crossbones_(PSOP),Super-Skrull,AT,,Draw 1 card. Do not discard if duplicate. One Per Deck,Cost/Effect: -,Normal,Very Rare,,,,Special
Super Skrull (sic)™ - Alien Fire,SuperSkrullAlienFire-PSOP_cb20200220182449.jpg,https://cardguide.fandom.com/wiki/Super_Skrull_-_Alien_Fire_(PSOP),Super-Skrull,BW,,Opponent must discard top 5 cards from Draw Pile into Dead Pile. One Per Deck,Cost/Effect: -,Normal,Rare,,,,Special
Taxi Cab,TaxiCab-PSOP_cb20200115181409.jpg,https://cardguide.fandom.com/wiki/Taxi_Cab_(PSOP),Colossus,,,-,Cost/Effect: 7 Strength to use+3 to Strength,Normal,Rare,-,,,Universe
Tree,Tree-PSOP_cb20200115181219.jpg,https://cardguide.fandom.com/wiki/Tree_(PSOP),Rogue,,,-,Cost/Effect: 7 Strength to use+2 to Strength,Normal,Uncommon,-,,,Universe
Venom™ - Alien Symbiote,VenomAlienSymbiote-PSOP_cb20200221143912.jpg,https://cardguide.fandom.com/wiki/Venom_-_Alien_Symbiote_(PSOP),Venom,AE,,Acts as a level 4 Strength attack. May combine with 1 Energy card for a single attack.,Cost/Effect: Strength 4,Normal,Rare,,,,Special
War Machine™ - Shield Teammate,WarMachineShieldTeammate-PSOP_cb20200221144158.jpg,https://cardguide.fandom.com/wiki/War_Machine_-_Shield_Teammate_(PSOP),War Machine,AD,,Teammate may avoid 1 Energy attack of 9 or less.,Cost/Effect: -,Normal,Uncommon,,,,Special
Thor™ - Airborne Avenger,ThorAirborneAvenger-PSOP_cb20200221143140.jpg,https://cardguide.fandom.com/wiki/Thor_-_Airborne_Avenger_(PSOP),Thor (Marvel Comics),AG,,Avoid 1 attack.,Cost/Effect: -,Normal,Uncommon,,,,Special
Wolverine™ - Rage,WolverineRage-PSOP_cb20200221144535.jpg,https://cardguide.fandom.com/wiki/Wolverine_-_Rage_(PSOP),Wolverine,BE,,Wolverine may make 1 attack after opponent has conceded in battle. Opponent may defend.,Cost/Effect: -,Normal,Uncommon,,,,Special
