Name,ImageName,PageURL,Characters,Control,Flavor Text,Game Text,Numbers,Printing,Rarity,Subtype,Traits,Type
Aquaman™ - Dolphin,AquamanDolphin-JLAOP_cb20201022192022.jpg,https://cardguide.fandom.com/wiki/Aquaman_-_Dolphin_(JLAOP),"Aquaman (Arthur Curry), Dolphin (DC Comics)",JC,,Acts as a level 5 Energy attack. Aquaman may play 1 additional Special card.,Cost/Effect: Energy 5,Normal,Uncommon,Hero,,Special
6 Any Power,6AnyPower-JLAOP_cb20200920160511.jpg,https://cardguide.fandom.com/wiki/6_Any_Power_(JLAOP),Superman; Martian Manhunter; Aquaman; The Flash; unknown; Batman; Wonder Woman,,,Does not count for Spectrum KO One Per Deck,,Normal,Rare,,,Power
Aquaman™,Aquaman-JLAOP_cb20200917133447.jpg,https://cardguide.fandom.com/wiki/Aquaman_(JLAOP),Aquaman (Arthur Curry),,,"May have duplicate ""Allies From the Deep"" Specials.",Energy 2Fighting 5Strength 6Intellect 6,Normal,Uncommon,Hero,"DC Comics, Male",Character
Any Mission: Justice League Case File - Sovereign Seven,AnyMission-JLAOP_cb20210207185537.jpg,https://cardguide.fandom.com/wiki/Any_Mission_-_Justice_League_Case_File:_Sovereign_Seven_(JLAOP),"Crusader, Cruiser, Finale, Indigo, Network, Rampart, Reflex",,"To fight on, Crusader, Cruiser, Finale, Indigo, Network, Rampart, and Reflex escape to Earth.",Remove 1 hit from the permanent record of all characters with an inherent ability.,,Normal,Very Rare,,,Event
Any Character - Wizard in Top Hat & Tails,AnyCharacterWizardInTopHat_Tails-JLAOP_cb20201007201605.jpg,https://cardguide.fandom.com/wiki/Any_Character_-_Wizard_in_Top_Hat_%26_Tails_(JLAOP),Zatanna Zatara,BQ,,"Exchange this card for any 1 card in Dead Pile. Counts as Duplicate of all ""Any Hero/Character"" BQ Specials. One Per Deck",Cost/Effect: -,Normal,Very Rare,Any Character,,Special
Any Character - Confusion,AnyCharacterConfusion-JLAOP_cb20201007173330.jpg,https://cardguide.fandom.com/wiki/Any_Character_-_Confusion_(JLAOP),"Spellbinder (Fay Moffit), unknown",DB,,"Avoids all attacks from 1 Teamwork card, or Target Character must discard 1 Placed Teamwork card. One Per Deck",Cost/Effect: -,Normal,Rare,Any Character,,Special
Aquaman & Superman,DoubleShotSuperman_Aquaman_cb20201217185609.jpg,https://cardguide.fandom.com/wiki/Aquaman_%26_Superman_(JLAOP),"Superman, Aquaman",,,6 Strength to use acts as 4 Strength Power card. Teammate with 6 Intellect must combine with Strength Power card level 1 through 4 for a single attack or defense.,Cost/Effect: -,Normal,Common,Double Shot,,Tactic
Any Character - Death from Above,AnyCharacterDeathFromAbove-JLAOP_cb20201007174153.jpg,https://cardguide.fandom.com/wiki/Any_Character_-_Death_from_Above_(JLAOP),-,AA,,Parademons™ swoop in and make a level 4 Fighting attack! Any character may make 1 additional attack. One Per Deck,Cost/Effect: Fighting 4,Normal,Rare,Any Character,,Special
Aquaman™ - Allies from the Deep,AquamanAlliesFromTheDeep-JLAOP_cb20201007202152.jpg,https://cardguide.fandom.com/wiki/Aquaman_-_Allies_from_the_Deep_(JLAOP),Aquaman,ER,,Play this card in front of Aquaman. Aquaman may not be attacked until this Special is attacked. Aquaman may not defend this card.,Cost/Effect: -,Normal,Uncommon,Hero,,Special
Any Character - Guardian Angel,AnyCharacterGuardianAngel-JLAOP_cb20201007175119.jpg,https://cardguide.fandom.com/wiki/Any_Character_-_Guardian_Angel_(JLAOP),Guardian (Jim Harper),AG,,The Guardian™ gives warning. Any character may avoid 1 attack. One Per Deck,Cost/Effect: -,Normal,Very Rare,Any Character,,Special
Aquaman™ - Line,AquamanLine-JLAOP_cb20201022202412.jpg,https://cardguide.fandom.com/wiki/Aquaman_-_Line_(JLAOP),Aquaman (Arthur Curry),CH,,Target character must discard all Placed cards and may not attack for remainder of battle. One Per Deck.,Cost/Effect: -,Normal,Very Rare,Hero,,Special
Batman & Martian Manhunter,Batman_MartianManhunter-JLAOP_cb20210129181723.jpg,https://cardguide.fandom.com/wiki/Batman_%26_Martian_Manhunter_(JLAOP),"Batman, Martian Manhunter",,,6 Fighting to use acts as 4 Fighting Power card. Teammate with 6 Strength must combine with Intellect Power card level 1 through 4 for a single attack or defense.,Cost/Effect: -,Normal,Common,Double Shot,,Tactic
Batman™ - The Dark Knight,BatmanTheDarkKnight-JLAOP_cb20201023194058.jpg,https://cardguide.fandom.com/wiki/Batman_-_The_Dark_Knight_(JLAOP),Batman (Bruce Wayne),HL,,Opponent's team may not use Intellect Power cards level 6 through 8 to attack for remainder of battle.,Cost/Effect: -,Normal,Rare,Hero,,Special
Aquaman™ - Hook,AquamanHook-JLAOP_cb20201022194506.jpg,https://cardguide.fandom.com/wiki/Aquaman_-_Hook_(JLAOP),Aquaman,AR,,Acts as a level 7 Fighting attack.,Cost/Effect: Fighting 7,Normal,Rare,Hero,,Special
Bane™ - Intellectual Superiority,BaneIntellectualSuperiority-JLAOP_cb20201022203252.jpg,https://cardguide.fandom.com/wiki/Bane_-_Intellectual_Superiority_(JLAOP),Bane,HR,,Acts as a level 9 Energy or Intellect attack. One Per Deck,Cost/Effect: Energy 9; Intellect 9,Normal,Rare,Villain,,Special
Black Canary & Batman,BlackCanary_Batman-JLAOP_cb20210129183508.jpg,https://cardguide.fandom.com/wiki/Black_Canary_%26_Batman_(JLAOP),"Batman, Black Canary",,,6 Intellect to use acts as 4 Intellect Power card. Teammate with 6 Fighting must combine with Intellect Power card level 1 through 4 for a single attack or defense.,Cost/Effect: -,Normal,Common,Double Shot,,Tactic
Black Canary™,BlackCanary-JLAOP_cb20200917133926.jpg,https://cardguide.fandom.com/wiki/Black_Canary_(JLAOP),Black Canary (Dinah Drake),,,May Place and play any Hero Intellect Ally cards.,Energy 3Fighting 7Strength 3Intellect 5,Normal,Uncommon,Hero,"DC Comics, Female",Character
Aquaman - King of the Seas™,AquamanKingOfTheSeas-JLAOP_cb20201022201921.jpg,https://cardguide.fandom.com/wiki/Aquaman_-_King_of_the_Seas_(JLAOP),Aquaman (Arthur Curry),AG,,Avoid 1 attack.,Cost/Effect: -,Normal,Uncommon,Hero,,Special
Black Canary™ - Bird of Prey,BlackCanaryBirdOfPrey-JLAOP_cb20201027184958.jpg,https://cardguide.fandom.com/wiki/Black_Canary_-_Bird_of_Prey_(JLAOP),"Black Canary (Dinah Laurel Lance), 2 unknowns",AA,,Acts as a level 4 Fighting attack. May make 1 additional attack.,Cost/Effect: Fighting 4,Normal,Common,Hero,,Special
Black Adam,BlackAdam-JLAOP_cb20200917133008.jpg,https://cardguide.fandom.com/wiki/Black_Adam_(JLAOP),"Darkseid, Black Adam",,,Teammate must play one Special card.,Cost/Effect: 8 Strength to useActs as 3 Strength attack,Normal,Common,"Ally, Villain",,Universe
Black Canary™ - Street Smarts,BlackCanaryStreetSmarts-JLAOP_cb20201027210934.jpg,https://cardguide.fandom.com/wiki/Black_Canary_-_Street_Smarts_(JLAOP),"Black Canary (Dinah Laurel Lance), Unknown",AJ,,Black Canary may look at top 6 cards in opponent's Draw Pile. One Per Deck,Cost/Effect: -,Normal,Very Rare,Hero,,Special
Azrael™ - Know My Wrath,AzraelKnowMyWrath-JLAOP_cb20201022202827.jpg,https://cardguide.fandom.com/wiki/Azrael_-_Know_My_Wrath_(JLAOP),Azrael,AS,,Acts as a level 10 Fighting attack. One Per Deck,Cost/Effect: Fighting 10,Normal,Rare,Hero,,Special
Black Canary™ - Opening Flower Discipline,BlackCanaryOpeningFlowerDiscipline-JLAOP_cb20201027210311.jpg,https://cardguide.fandom.com/wiki/Black_Canary_-_Opening_Flower_Discipline_(JLAOP),"Black Canary (Dinah Laurel Lance), Unknown",JH,,"Acts as a level 5 Strength attack. If successful, Target character -2 to defense for remainder of battle.",Cost/Effect: Strength 5,Normal,Uncommon,Hero,,Special
Blue Beetle & Booster Gold,BlueBeetle_BoosterGold-JLAOP_cb20210129181129.jpg,https://cardguide.fandom.com/wiki/Blue_Beetle_%26_Booster_Gold_(JLAOP),Blue Beetle & Booster Gold,,,6 Fighting to use acts as 4 Fighting Power card. Teammate with 6 Energy must combine with Fighting Power card level 1 through 4 for a single attack or defense.,Cost/Effect: -,Normal,Common,Double Shot,,Tactic
Blue Beetle™,BlueBeetle-JLAOP_cb20200917134344.jpg,https://cardguide.fandom.com/wiki/Blue_Beetle_(JLAOP),Blue Beetle (Jaime Reyes),,,Team is +2 to Venture Total per battle.,Energy 4Fighting 6Strength 4Intellect 5,Normal,Common,Hero,"DC Comics, Male",Character
Black Canary™ -The Oracle™ Connection,BlackCanaryTheOracleConnection-JLAOP_cb20201027211815.jpg,https://cardguide.fandom.com/wiki/Black_Canary_-_The_Oracle_Connection_(JLAOP),"Black Canary (Dinah Laurel Lance), Oracle (Barbara Gordon)",JC,,Acts as a level 5 Intellect attack. Black Canary may play 1 additional Special card.,Cost/Effect: Intellect 5,Normal,Uncommon,Hero,,Special
Blue Beetle™ - Bwa-Ha-Ha-Ha!,BlueBeetleBwahHaHaHa-JLAOP_cb20201027214436.jpg,https://cardguide.fandom.com/wiki/Blue_Beetle_-_Bwah-Ha-Ha-Ha!_(JLAOP),"Blue Beetle (Ted Kord), Clock King",HO,,"Acts as a level 6 Intellect attack. If successful, opponent -4 to Venture total.",Cost/Effect: Intellect 6,Normal,Rare,Hero,,Special
Blue Beetle™ - Airgun,BlueBeetleAirgun-JLAOP_cb20201027213604.jpg,https://cardguide.fandom.com/wiki/Blue_Beetle_-_Airgun_(JLAOP),Blue Beetle (Ted Kord),BA,,Acts as a level 3 Energy attack. Can only be defended by a card with a Strength icon.,Cost/Effect: Energy 3,Normal,Uncommon,Hero,,Special
Blue Beetle™ - Frictionless Foam,BlueBeetleFrictionlessFoam-JLAOP_cb20201029203201.jpg,https://cardguide.fandom.com/wiki/Blue_Beetle_-_Frictionless_Foam_(JLAOP),"Blue Beetle (Ted Kord), unknown",JB,,"Opponent must discard all placed Universe cards, and is -3 to Venture total.",Cost/Effect: -,Normal,Uncommon,Hero,,Special
Blue Beetle™ - The Bug™,BlueBeetleTheBug-JLAOP_cb20201102181437.jpg,https://cardguide.fandom.com/wiki/Blue_Beetle_-_The_Bug_(JLAOP),Blue Beetle (Ted Kord),HH,,Blue Beetle may have an unlimited number of Special cards placed on him until Blue Beetle is KO'd. Specials may not be duplicates.,Cost/Effect: -,Normal,Uncommon,Hero,,Special
Black Canary™ - Working Clothes,BlackCanaryWorkingClothes-JLAOP_cb20201027205055.jpg,https://cardguide.fandom.com/wiki/Black_Canary_-_Working_Clothes_(JLAOP),Black Canary (Dinah Laurel Lance),AD,,Avoid 1 attack made with a Universe card.,Cost/Effect: -,Normal,Common,Hero,,Special
Blue Beetle™ - Quick Wits,BlueBeetleQuickWits-JLAOP_cb20201102175127.jpg,https://cardguide.fandom.com/wiki/Blue_Beetle_-_Quick_Wits_(JLAOP),Blue Beetle (Ted Kord),AD,,Avoid any attack made with a Power card.,Cost/Effect: -,Normal,Uncommon,Hero,,Special
Booster Gold™ - Skeets™,BoosterGoldSkeets-JLAOP_cb20201102183305.jpg,https://cardguide.fandom.com/wiki/Booster_Gold_-_Skeets_(JLAOP),"Booster Gold, Skeets",HT,,Choose 1 Power card usable by Booster Gold from Power Pack and place in hand. May be duplicate. Reshuffle Power Pack. One Per Deck,Cost/Effect: -,Normal,Uncommon,Hero,,Special
Booster Gold™ - Midas Mode,BoosterGoldMidasMode-JLAOP_cb20201102182534.jpg,https://cardguide.fandom.com/wiki/Booster_Gold_-_Midas_Mode_(JLAOP),Booster Gold,JG,,Booster Gold may play any Energy or Strength Teamwork cards for remainder of game.,Cost/Effect: -,Normal,Uncommon,Hero,,Special
Brainiac™ - Brain Drain,BrainiacBrainDrain-JLAOP_cb20201102184209.jpg,https://cardguide.fandom.com/wiki/Brainiac_-_Brain_Drain_(JLAOP),"Brainiac, Superman",CU,,"Acts as a level 8 Intellect attack. If successful Target must immediately discard 1 Placed card, of Brainiac's choice. One Per Deck",Cost/Effect: Intellect 8,Normal,Rare,Villain,,Special
Booster Gold™ - Energy Absorption Field,BoosterGoldEnergyAbsorptionField-JLAOP_cb20201102181905.jpg,https://cardguide.fandom.com/wiki/Booster_Gold_-_Energy_Absorption_Field_(JLAOP),Booster Gold,AH,,Avoid 1 attack with an Energy icon. No Energy Power cards may be played against Booster Gold's team for remainder of battle. One Per Deck,Cost/Effect: -,Normal,Very Rare,Hero,,Special
Booster Gold™ - Quarterback Sneak,BoosterGoldQuarterbackSneak-JLAOP_cb20200929174056.jpg,https://cardguide.fandom.com/wiki/Booster_Gold_-_Quarterback_Sneak_(JLAOP),Booster Gold,AN,,"Acts as a level 6 Strength attack, may be used against character in Reserve, who may defend.",Cost/Effect: Strength 6,Normal,Uncommon,Hero,,Special
Booster Gold™ - Gauntlet Energy Blast,BoosterGoldGauntletEnergyBlast-JLAOP_cb20201027205849.jpg,https://cardguide.fandom.com/wiki/Booster_Gold_-_Gauntlet_Energy_Blast_(JLAOP),Booster Gold,AA,,Acts as a level 4 Energy attack. May make 1 additional attack.,Cost/Effect: Energy 4,Normal,Common,Hero,,Special
Booster Gold™,BoosterGold-JLAOP_cb20200917135002.jpg,https://cardguide.fandom.com/wiki/Booster_Gold_(JLAOP),Booster Gold (Michael Carter),,,Intellect Power cards are +3 when used for defense.,Energy 6Fighting 4Strength 5Intellect 3,Normal,Common,Hero,"DC Comics, Male",Character
Captain Atom™ - Anti-Gravity Field,CaptainAtomAntiGravityField-JLAOP_cb20201102211105.jpg,https://cardguide.fandom.com/wiki/Captain_Atom_-_Anti-Gravity_Field_(JLAOP),Captain Atom,JD,,Captain Atom may not attack or be attacked with Basic Universe cards for remainder of game. One Per Deck,Cost/Effect: -,Normal,Very Rare,Hero,,Special
Captain Atom™,CaptainAtom-JLAOP_cb20200917135300.jpg,https://cardguide.fandom.com/wiki/Captain_Atom_(JLAOP),Captain Atom (Nate Adam),,,May play Fighting Teamwork cards from Reserve.,Energy 7Fighting 6Strength 4Intellect 3,Normal,Rare,Hero,"DC Comics, Male",Character
Captain Atom™ - Atomic Bolt,CaptainAtomAtomicBolt-JLAOP_cb20201102211505.jpg,https://cardguide.fandom.com/wiki/Captain_Atom_-_Atomic_Bolt_(JLAOP),Captain Atom,HR,,Acts as a level 9 Energy or Fighting attack. One Per Deck,"Cost/Effect: Energy 9, Fighting 9",Normal,Very Rare,Hero,,Special
Captain Atom™ - Atomic Punch,CaptainAtomAtomicPunch-JLAOP_cb20201102212122.jpg,https://cardguide.fandom.com/wiki/Captain_Atom_-_Atomic_Punch_(JLAOP),"Captain Atom, unknown",AA,,Acts as a level 4 Strength attack. May make 1 additional attack.,Cost/Effect: Strength 4,Normal,Common,Hero,,Special
Captain Atom™ - Quantum Jump,CaptainAtomQuantumJump-JLAOP_cb20201102212502.jpg,https://cardguide.fandom.com/wiki/Captain_Atom_-_Quantum_Jump_(JLAOP),Captain Atom,JB,,"Remove all Hits from Captain Atom's Permanent Record and Current Battle, and switch places with the Reserve. One Per Deck",Cost/Effect: -,Normal,Very Rare,Hero,,Special
Captain Atom™ - Skin Alloy,CaptainAtomSkinAlloy-JLAOP_cb20201102213023.jpg,https://cardguide.fandom.com/wiki/Captain_Atom_-_Skin_Alloy_(JLAOP),Nathaniel Adam,AM,,Captain Atom gains a +2 to defense for remainder of battle.,Cost/Effect: -,Normal,Uncommon,Hero,,Special
Captain Marvel™ - Power of Zeus,CaptainMarvelPowerOfZeus-JLAOP_cb20201104201246.jpg,https://cardguide.fandom.com/wiki/Captain_Marvel_-_Power_of_Zeus_(JLAOP),Captain Marvel / Shazam,DO,,Negates the effectof any 1 Special card played by opponent against Captain Marvel only.,Cost/Effect: -,Normal,Uncommon,Hero,,Special
Captain Marvel™,CaptainMarvel-JLAOP_cb20200917135624.jpg,https://cardguide.fandom.com/wiki/Captain_Marvel_(JLAOP),Captain Marvel/Shazam (Billy Batson),,,"May play ""Speed of Mercury"" from Reserve.",Energy 5Fighting 4Strength 7Intellect 2,Normal,Uncommon,Hero,"DC Comics, Male",Character
Captain Marvel - Stamina of Atlas,CaptainMarvelStaiminaOfAtlas-JLAOP_cb20201104204832.jpg,https://cardguide.fandom.com/wiki/Captain_Marvel_-_Stamina_of_Atlas_(JLAOP),Captain Marvel / Shazam!,JE,,Any cards with more than 1 icon on Captain Marvel's Permanent Record become Any-Power cards for the remainder of the game. One Per Deck,Cost/Effect: -,Normal,Very Rare,Hero,,Special
Captain Marvel™ - Speed of Mercury,CaptainMarvelSpeedOfMercury-JLAOP_cb20201104203519.jpg,https://cardguide.fandom.com/wiki/Captain_Marvel_-_Speed_of_Mercury_(JLAOP),"Captain Marvel / Shazam!, unknown",AY,,Captain Marvel's Fighting Rating increases to 7 for remainder of game. One Per Deck,Cost/Effect: -,Normal,Very Rare,Hero,,Special
Captain Marvel™ - Strength of Hercules,CaptainMarvelStrengthOfHercules-JLAOP_cb20201104202211.jpg,https://cardguide.fandom.com/wiki/Captain_Marvel_-_Strength_of_Hercules_(JLAOP),Captain Marvel / Shazam!,AP,,Acts as a level 6 Strength attack. Cannot be defended by a card with an Energy icon.,Cost/Effect: Strength 6,Normal,Uncommon,Hero,,Special
Captain Marvel™ - The Marvel Family™,CaptainMarvelTheMarvelFamily-JLAOP_cb20201104202547.jpg,https://cardguide.fandom.com/wiki/Captain_Marvel_-_The_Marvel_Family_(JLAOP),"Mary Marvel, Captain Marvel Jr. (Freddy Freeman), Captain Marvel / Shazam!",JC,,"Acts as a level 3 Energy, Fighting, Strength, or Intellect attack. Captain Marvel may play 1 additional Special card.","Cost/Effect: Energy 3, Fighting 3, Strength 3, Intellect 3",Normal,Rare,Hero,,Special
Catwoman - Prowling by Night,CatwomanProwlingByNight-JLAOP_cb20201104205912.jpg,https://cardguide.fandom.com/wiki/Catwoman_-_Prowling_by_Night_(JLAOP),Catwoman (Selina Kyle),DB,,"Avoids all attacks from 1 Teamwork card, or Target Character must discard 1 Placed Teamwork card.",Cost/Effect: -,Normal,Rare,Villain,,Special
Captain Marvel & Superman,CaptainMarvel_Superman-JLAOP_cb20210129165223.jpg,https://cardguide.fandom.com/wiki/Captain_Marvel_%26_Superman_(JLAOP),"Captain Marvel/Shazam!, Superman",,,6 Energy to use acts as 4 Energy Power card. Teammate with 6 Strength must combine with Energy Power card level 1 through 4 for a single attack or defense.,Cost/Effect: -,Normal,Common,Double Shot,,Tactic
Darkseid™,Darkseid-JLAOP_cb20200919104110.jpg,https://cardguide.fandom.com/wiki/Darkseid_(JLAOP),Darkseid (Uxas),,,-,Energy 6Fighting 3Strength 8Intellect 6,Normal,Rare,Villain,,Character
Cheetah,Cheetah-JLAOP_cb20210207181959.jpg,https://cardguide.fandom.com/wiki/Cheetah_(JLAOP),"Cheetah, Deathstroke",,,Teammate must play one Special card.,Cost/Effect: 8 Fighting to useActs as 3 Fighting attack,Normal,Common,"Ally, Villain",,Universe
Comm. Gordon & G.C.P.D. - The Bat Signal,CommGordon_GCPDTheBatSignal-JLAOP_cb20201104210255.jpg,https://cardguide.fandom.com/wiki/Comm._Gordon_and_the_G.C.P.D._-_The_Bat_Signal_(JLAOP),"Batman (Bruce Wayne), James Gordon",HI,,"Comm. Gordon may Place and play Batman ""Master Detective"" and ""The Dark Knight"" Special cards for remainder of game.",Cost/Effect: -,Normal,Rare,Hero,,Special
Darkseid - Desaad™,Darkseid-Desaad-JLAOP_cb20201104211533.jpg,https://cardguide.fandom.com/wiki/Darkseid_-_Desaad_(JLAOP),"Desaad, Darkseid (Uxas)",JC,,Acts as a level 5 Intellect attack. Darkseid may play 1 additional Special card.,Cost/Effect: Intellect 5,Normal,Uncommon,Villain,,Special
Darkseid - Kalibak™,DarkseidKalibak-JLAOP_cb20201112185207.jpg,https://cardguide.fandom.com/wiki/Darkseid_-_Kalibak_(JLAOP),"Darkseid, Kalibak",EB,,Play this card in front of Darkseid. Darkseid may not be attacked until this Special is attacked. Darkseid may not defend this card.,Cost/Effect: -,Normal,Uncommon,Villain,,Special
Darkseid - Granny Goodness™,DarkseidGrannyGoodness-JLAOP_cb20201112184312.jpg,https://cardguide.fandom.com/wiki/Darkseid_-_Granny_Goodness_(JLAOP),"Darkseid, Granny Goodness",AK,,"Play during battle. For remainder of battle, all Fighting bonuses from Teamwork cards are doubled.",Cost/Effect: -,Normal,Uncommon,Villain,,Special
Doctor Polaris - Magnetic Energy Bolt,DoctorPolarisMagneticEnergyBolt-JLAOP_cb20201112201228.jpg,https://cardguide.fandom.com/wiki/Doctor_Polaris_-_Magnetic_Energy_Bolt_(JLAOP),Doctor Polaris,HF,,Acts as a level 4 Fighting or Strength attack.,"Cost/Effect: Fighting 4, Strength 4",Normal,Common,Villain,,Special
Cyborg - Interstellar Menace,CyborgInterstellarMenace-JLAOP_cb20201104211026.jpg,https://cardguide.fandom.com/wiki/Cyborg_-_Interstellar_Menace_(JLAOP),Cyborg (Hank Henshaw),CH,,Target character must discard all Placed cards any may not attack for remainder of battle. One Per Deck,Cost/Effect: -,Normal,Rare,Villain,,Special
Darkseid - Omega Effect,DarkseidOmegaEffect-JLAOP_cb20201112190352.jpg,https://cardguide.fandom.com/wiki/Darkseid_-_Omega_Effect_(JLAOP),Darkseid,BM,,"Acts as a level 7 Intellect attack. If successful, Target character may not attack for remainder of battle. One Per Deck",Cost/Effect: Intellect 7,Normal,Very Rare,Villain,,Special
Doctor Polaris - Force of Nature,DoctorPolarisForceOfNature-JLAOP_cb20201112195449.jpg,https://cardguide.fandom.com/wiki/Doctor_Polaris_-_Force_of_Nature_(JLAOP),Doctor Polaris,JI,,"Play during battle. At end of battle, Opponent may not move any Mission cards from the Defeated Missions Pile.",Cost/Effect: -,Normal,Uncommon,Villain,,Special
Doctor Polaris - Magnetic Sphere,DoctorPolarisMagneticSphere-JLAOP_cb20201112201725.jpg,https://cardguide.fandom.com/wiki/Doctor_Polaris_-_Magnetic_Sphere_(JLAOP),Doctor Polaris,AG,,Avoid 1 attack.,Cost/Effect: -,Normal,Uncommon,Villain,,Special
Doctor Polaris - Make the Blood Boil,DoctorPolarisMakeTheBloodBoil-JLAOP_cb20201112202040.jpg,https://cardguide.fandom.com/wiki/Doctor_Polaris_-_Make_the_Blood_Boil_(JLAOP),"Doctor Polaris, unknown",GD,,"Acts as a level 7 Any-Power attack. If successful, acts as a level 0 Energy, Fighting, Strength or Intellect power card. One Per Deck","Cost/Effect: Any-Power 7, Energy 0, Strength 0, Fighting 0, Intellect 0",Normal,Very Rare,Villain,,Special
Darkseid - Lord of Apokolips™,DarkseidLordOfApokolips-JLAOP_cb20201112185634.jpg,https://cardguide.fandom.com/wiki/Darkseid_-_Lord_of_Apokolips_(JLAOP),"Darkseid, unknowns",DU,,"Darkseid may make 4 attacks, 3 attacks at +1 each, 2 attacks at +2 each, or 1 attack at +3. Bonus not applied to damage, or Venture Total. One Per Deck",Cost/Effect: -,Normal,Very Rare,Villain,,Special
Doomsday - Engine of Destruction,DoomsdayEngineOfDestruction-JLAOP_cb20201112204847.jpg,https://cardguide.fandom.com/wiki/Doomsday_-_Engine_of_Destruction_(JLAOP),Doomsday,GL,,Sort through opponent's Draw Pile. Choose any 1 card and remove it from the game. Reshuffle Draw Pile. One Per Deck,Cost/Effect: -,Normal,Rare,Villain,,Special
Doctor Polaris™,DoctorPolaris-JLAOP_cb20200919203310.jpg,https://cardguide.fandom.com/wiki/Doctor_Polaris_(JLAOP),Doctor Polaris (John Nichol),,,Power cards are +1 when used for defense.,Energy 6Fighting 4Strength 4Intellect 6,Normal,Common,Villain,,Character
Doctor Polaris - Black Hole Force Beam,DoctorPolarisBlackHoleForceBeam-JLAOP_cb20201112192047.jpg,https://cardguide.fandom.com/wiki/Doctor_Polaris_-_Black_Hole_Force_Beam_(JLAOP),"Unknown, Doctor Polaris",DO,,Target character Hits to KO number is decreased by 5 points for remainder of game. One Per Deck,Cost/Effect: -,Normal,Very Rare,Villain,,Special
Dr. Destiny,DrDestiny-JLAOP_cb20210207171747.jpg,https://cardguide.fandom.com/wiki/Dr._Destiny_(JLAOP),"Doctor Destiny, Brainiac",,,Teammate must play one Special card.,Cost/Effect: 8 Energy to useActs as 3 Energy attack,Normal,Common,"Ally, Villain",,Universe
Green Arrow - Eddie Fyers™,GreenArrowEddieFyers-JLAOP_cb20201203162449.jpg,https://cardguide.fandom.com/wiki/Green_Arrow_-_Eddie_Fyers_(JLAOP),"Green Arrow, Eddie Fyers",JC,,Acts as a level 5 Fighting attack. Green Arrow may play 1 additional Special card.,Cost/Effect: Fighting 5,Normal,Uncommon,Hero,,Special
Green Arrow & Green Lantern,GreenArrow_GreenLantern-JLAOP_cb20210129165308.jpg,https://cardguide.fandom.com/wiki/Green_Arrow_%26_Green_Lantern_(JLAOP),"Green Arrow, Green Lantern",,,6 Fighting to use acts as 4 Fighting Power card. Teammate with 6 Energy must combine with Strength Power card level 1 through 4 for a single attack or defense.,Cost/Effect: -,Normal,Common,Double Shot,,Tactic
Firestorm,Firestorm-JLAOP_cb20210207172243.jpg,https://cardguide.fandom.com/wiki/Firestorm_(JLAOP),"The Ray, Firestorm",,,Teammate must play one Special card.,Cost/Effect: 8 Energy to useActs as 3 Energy attack,Normal,Common,"Ally, Hero",,Universe
Green Arrow™,GreenArrow-JLAOP_cb20200919203645.jpg,https://cardguide.fandom.com/wiki/Green_Arrow_(JLAOP),Green Arrow,,,May attack the Reserve with Energy Power cards.,Energy 4Fighting 7Strength 3Intellect 5,Normal,Uncommon,Hero,,Character
Gorilla Grodd,GorillaGrodd-JLAOP_cb20210207162800.jpg,https://cardguide.fandom.com/wiki/Gorilla_Grodd_(JLAOP),"Gorilla Grodd, Catwoman",,,Teammate must play one Special card.,Cost/Effect: 6 Fighting to useActs as 1 Fighting attack,Normal,Common,"Ally, Villain",,Universe
Dr. Sivana,DrSivana-JLAOP_cb20210129211036.jpg,https://cardguide.fandom.com/wiki/Dr._Sivana_(JLAOP),"Thaddeus Sivana Sr., Parasite",,,Teammate must play one Special card.,Cost/Effect: 5 Intellect to useActs as 3 Intellect attack,Normal,Common,"Ally, Villain",,Universe
Green Arrow - The Emerald Archer,GreenArrowTheEmeraldArcher-JLAOP_cb20201203163941.jpg,https://cardguide.fandom.com/wiki/Green_Arrow_-_The_Emerald_Archer_(JLAOP),Green Arrow,IE,,"Play during battle. At end of battle, opponent may only move 1 Mission card. Other Mission cards return to pile Ventured from. One Per Deck",Cost/Effect: -,Normal,Very Rare,Hero,,Special
Green Arrow - Aikido Strike,GreenArrowAikidoStrike-JLAOP_cb20201112211432.jpg,https://cardguide.fandom.com/wiki/Green_Arrow_-_Aikido_Strike_(JLAOP),"Green Arrow, unknown",HF,,Acts as a level 4 Intellect or Strength attack.,"Cost/Effect: Intellect 4, Strength 4",Normal,Common,Hero,,Special
Green Arrow - Kyudo Discipline,GreenArrowKyudoDiscipline-JLAOP_cb20201203163216.jpg,https://cardguide.fandom.com/wiki/Green_Arrow_-_Kyudo_Discipline_(JLAOP),"Green Arrow, unknown",AV,,Target opponent may not attack for remainder of battle. One Per Deck,Cost/Effect: -,Normal,Very Rare,Hero,,Special
Fire,Fire-JLAOP_cb20210129210213.jpg,https://cardguide.fandom.com/wiki/Fire_(JLAOP),"Fire, Blue Beetle",,,Teammate must play one Special card.,Cost/Effect: 5 Energy to useActs as 3 Energy attack,Normal,Common,"Ally, Hero",,Universe
Green Lantern™,GreenLantern-JLAOP_cb20200919203857.jpg,https://cardguide.fandom.com/wiki/Green_Lantern_(JLAOP),Green Lantern,,,May not be Spectrum KO'd with Energy Power cards.,Energy 7Fighting 3Strength 4Intellect 4,Normal,Uncommon,Hero,,Character
Green Lantern - ...This Is a Gun,GreenLanternThisIsAGun-JLAOP_cb20201203165806.jpg,https://cardguide.fandom.com/wiki/Green_Lantern_-_...This_Is_a_Gun_(JLAOP),Green Lantern,HN,,Acts as a level 8 Any-Power attack. Does not count toward Spectrum KO.,Cost/Effect: Any-Power 8,Normal,Uncommon,Hero,,Special
Green Lantern - Let's Get Medieval!,GreenLanternLetsGetMedieval-JLAOP_cb20201203180743.jpg,https://cardguide.fandom.com/wiki/Green_Lantern_-_Let%27s_Get_Medieval!_(JLAOP),Green Lantern,JF,,All Any-Power cards on target character's Permanent Record become Strength cards for remainder of game. One Per Deck,Cost/Effect: -,Normal,Very Rare,Hero,,Special
Green Lantern - Gotcha!,GreenLanternGotcha-JLAOP_cb20201203174814.jpg,https://cardguide.fandom.com/wiki/Green_Lantern_-_Gotcha!_(JLAOP),"Green Lantern, unknown",AX,,Green Lantern and Target character may not attack for remainder of battle.,Cost/Effect: -,Normal,Uncommon,Hero,,Special
Green Lantern - Goin' Ballistic,GreenLanternGoinBallistic-JLAOP_cb20201203174518.jpg,https://cardguide.fandom.com/wiki/Green_Lantern_-_Goin%27_Ballistic_(JLAOP),Green Lantern,AD,,Avoid 1 attack that contains a Strength icon.,Cost/Effect: -,Normal,Common,Hero,,Special
Green Lantern - Power of Imagination (sic),GreenLanternPowerOfImagingation-JLAOP_cb20201203181322.jpg,https://cardguide.fandom.com/wiki/Green_Lantern_-_Power_of_Imagination_(JLAOP),Green Lantern,HR,,Acts as a level 9 Energy or Intellect attack. One Per Deck,Cost/Effect: Energy 9; Intellect 9,Normal,Very Rare,Hero,,Special
Hawkman™,Hawkman-JLAOP_cb20200919204103.jpg,https://cardguide.fandom.com/wiki/Hawkman_(JLAOP),Hawkman,,,Basic Universe card bonuses are an additional +2.,Energy 4Fighting 6Strength 6Intellect 4,Normal,Uncommon,Hero,,Character
Guy Gardner,GuyGardner-JLAOP_cb20210207164255.jpg,https://cardguide.fandom.com/wiki/Guy_Gardner_(JLAOP),"Guy Gardner, Green Arrow",,,Teammate must play one Special card.,Cost/Effect: 7 Fighting to useActs as 2 Fighting attack,Normal,Common,"Ally, Hero",,Universe
Hawkman & Batman,Hawkman_Batman-JLAOP_cb20210129184041.jpg,https://cardguide.fandom.com/wiki/Hawkman_%26_Batman_(JLAOP),"Hawkman, Batman",,,6 Intellect to use acts as 4 Intellect Power card. Teammate with 6 Strength must combine with Fighting Power card level 1 through 4 for a single attack or defense.,Cost/Effect: -,Normal,Common,Double Shot,,Tactic
Green Arrow - The Longbow Hunter,GreenArrowTheLongbowHunter-JLAOP_cb20201203165355.jpg,https://cardguide.fandom.com/wiki/Green_Arrow_-_The_Longbow_Hunter_(JLAOP),Green Arrow,EI,,"Acts as a level 2 Strength attack. May be made after opponent has conceded the battle, opponent may defend.",Cost/Effect: Strength 2,Normal,Uncommon,Hero,,Special
Hawkman - Cestus Glove,HawkmanCestusGlove-JLAOP_cb20201203181700.jpg,https://cardguide.fandom.com/wiki/Hawkman_-_Cestus_Glove_(JLAOP),"unknown, Hawkman",JF,,All Any-Power cards on target character's Permanent Record become Fighting cards for remainder of game. One Per Deck,Cost/Effect: -,Normal,Very Rare,Hero,,Special
Hawkman - Katar Blade,HawkmanKatarBlade-JLAOP_cb20201203184328.jpg,https://cardguide.fandom.com/wiki/Hawkman_-_Katar_Blade_(JLAOP),Hawkman,EZ,,Play in current battle. Hawkman's Energy and Fighting ratings are increased to 7 in the next battle. One Per Deck,Cost/Effect: -,Normal,Very Rare,Hero,,Special
Hawkman - Mace,HawkmanMace-JLAOP_cb20201203184652.jpg,https://cardguide.fandom.com/wiki/Hawkman_-_Mace_(JLAOP),Hawkman,AP,,Acts as a level 6 Strength attack. Cannot be defended by a card with a Fighting icon.,Cost/Effect: Strength 6,Normal,Uncommon,Hero,,Special
Hawkman - The Winged Warrior,HawkmanTheWingedWarrior-JLAOP_cb20201203185433.jpg,https://cardguide.fandom.com/wiki/Hawkman_-_The_Winged_Warrior_(JLAOP),Hawkman,FD,,"Only Hawkman and Target character may attack, be attacked or defend this battle. One Per Deck",Cost/Effect: -,Normal,Very Rare,Hero,,Special
Killer Croc - Dumb Luck,KillerCrocDumbLuck-JLAOP_cb20201203191023.jpg,https://cardguide.fandom.com/wiki/Killer_Croc_-_Dumb_Luck_(JLAOP),"Batman, Killer Croc",AP,,Acts as a level 6 Intellect attack. Cannot be defended by a card with an Intellect icon.,Cost/Effect: Intellect 6,Normal,Rare,Villain,,Special
Hazard - Cyber-Jacked,HazardCyberJacked-JLAOP_cb20201203185832.jpg,https://cardguide.fandom.com/wiki/Hazard_-_Cyber-Jacked_(JLAOP),Hazard (Manuel Cabral),HQ,,Draw 3 cards. Discard duplicates.,Cost/Effect: -,Normal,Uncommon,Villain,,Special
Huntress - Thrill of the Hunt,HuntressThrillOfTheHunt-JLAOP_cb20201203190150.jpg,https://cardguide.fandom.com/wiki/Huntress_-_Trill_of_the_Hunt_(JLAOP),Huntress,GL,,Sort through opponent's Draw Pile. Choose any 1 card and remove it from the game. Reshuffle the Draw Pile. One Per Deck,Cost/Effect: -,Normal,Rare,Hero,,Special
Knockout - ...8...9...10! You're Out!,Knockout8910YoureOut-JLAOP_cb20201203200916.jpg,https://cardguide.fandom.com/wiki/Knockout_-_...8...9...10!_You%27re_Out!_(JLAOP),"Superboy, Knockout",CR,,"Knockout may switch any two Power cards of equal value, on the Permanent Record of any of two of opponent's Characters. One Per Deck",Cost/Effect: -,Normal,Rare,Villain,,Special
Hawkman - Thanagarian Blaster,HawkmanThanagarianBlaster-JLAOP_cb20201203185001.jpg,https://cardguide.fandom.com/wiki/Hawkman_-_Thanagrian_Blaster_(JLAOP),Hawkman,HF,,Acts as a level 4 Fighting or Energy attack.,Cost/Effect: Energy 4; Fighting 4,Normal,Common,Hero,,Special
Impulse & The Flash,DoubleShotImpulse_TheFlash-JLAOP_cb20210123190653.jpg,https://cardguide.fandom.com/wiki/Impulse_%26_The_Flash_(JLAOP),"Impulse, The Flash",,,6 Energy to use acts as 4 Energy Power card. Teammate with 6 Strength must combine with Intellect Power card level 1 through 4 for a single attack or defense.,Cost/Effect: -,Normal,Common,Double Shot,,Tactic
Know Man,KnowMan-JLAOP_cb20210207163127.jpg,https://cardguide.fandom.com/wiki/Know_Man_(JLAOP),"Know Man, Neron",,,Teammate must play one Special card.,Cost/Effect: 6 Strength to useActs as 1 Strength attack,Normal,Common,"Ally, Villain",,Universe
Martian Manhunter - Alien Physique,MartianManhunterAlienPhysique-JLAOP_cb20201203201844.jpg,https://cardguide.fandom.com/wiki/Martian_Manhunter_-_Alien_Physique_(JLAOP),Martian Manhunter,CW,,Avoid 1 attack. May not be attacked for remainder of battle. One Per Deck,Cost/Effect: -,Normal,Very Rare,Hero,,Special
Martian Manhunter™,MartianManhunter-JLAOP_cb20200919204640.jpg,https://cardguide.fandom.com/wiki/Martian_Manhunter_(JLAOP),Martian Manhunter,,,Teammates Training card bonus' are an additional +1.,Energy 4Fighting 4Strength 7Intellect 5,Normal,Uncommon,Hero,,Character
Martian Manhunter - Martian Strength,MartianManhunterMartianStrength-JLAOP_cb20201203202512.jpg,https://cardguide.fandom.com/wiki/Martian_Manhunter_-_Martian_Strength_(JLAOP),Martian Manhunter,AE,,"Acts as a level 4 Any-Power attack, may combine with 1 Energy, Fighting, Strength, or Intellect Power card for a single attack.",Cost/Effect: Any-Power 4,Normal,Rare,Hero,,Special
Martian Manhunter - Maleable Form,MartianManhunterMaleableForm-JLAOP_cb20201203202214.jpg,https://cardguide.fandom.com/wiki/Martian_Manhunter_-_Maliable_Form_(JLAOP),"unknown, Martian Manhunter",AZ,,Target opponent may not attack Martian Manhunter for remainder of battle unless he attacks him first.,Cost/Effect: -,Normal,Uncommon,Hero,,Special
Martian Manhunter - Martian Vision,MartianManhunterMartianVision-JLAOP_cb20201203202803.jpg,https://cardguide.fandom.com/wiki/Martian_Manhunter_-_Martian_Vision_(JLAOP),Martian Manhunter,JF,,All Any-Power cards on target character's Permanent Record become Energy cards for remainder of game. One Per Deck,Cost/Effect: -,Normal,Very Rare,Hero,,Special
Metallo - I'll Be Back,MetalloIllBeBack-JLAOP_cb20201203204151.jpg,https://cardguide.fandom.com/wiki/Metallo_-_I%27ll_Be_Back!_(JLAOP),"Superman, Metallo",JB,,"Remove all Hits from Metallo's Permanent Record and Current Battle, and switch places with the Reserve. One Per Deck",Cost/Effect: -,Normal,Rare,Villain,,Special
Metamorpho,Metamorpho-JLAOP_cb20210207171411.jpg,https://cardguide.fandom.com/wiki/Metamorpho_(JLAOP),"Metamorpho, Martian Manhunter",,,Teammate must play one Special card.,Cost/Effect: 7 Strength to useActs as 2 Strength attack,Normal,Common,"Ally, Hero",,Universe
Lex Luthor - Art of the Deal,LuxLuthorArtOfTheDeal-JLAOP_cb20201203201303.jpg,https://cardguide.fandom.com/wiki/Lex_Luthor_-_Art_of_the_Deal_(JLAOP),"Lex Luthor, 2 unknowns",IG,,Remove any cards from Lex Luthor's Draw Pile and discard into Dead Pile. Reshuffle Draw Pile. One Per Deck,Cost/Effect: -,Normal,Rare,Villain,,Special
Metropolis S.C.U. - Courage Under Fire,MetropolisSCUCourageUnderFire-JLAOP_cb20201203204604.jpg,https://cardguide.fandom.com/wiki/Metropolis_S.C.U._-_Courage_Under_Fire_(JLAOP),3 unknowns,AG,,Avoid 1 attack.,Cost/Effect: -,Normal,Rare,Hero,,Special
Martian Manhunter - Telepathic Probe,MartianManhunterTelepathicProbe-JLAOP_cb20201203203126.jpg,https://cardguide.fandom.com/wiki/Martian_Manhunter_-_Telepathic_Probe_(JLAOP),"Martian Manhunter, unknown",BM,,"Acts as a level 5 Energy attack. If successful, Target character may not attack Martian Manhunter for remainder of battle.",Cost/Effect: Energy 5,Normal,Uncommon,Hero,,Special
Mister Miracle™,MisterMiracle-JLAOP_cb20200920153357.jpg,https://cardguide.fandom.com/wiki/Mister_Miracle_(JLAOP),Mister Miracle,,,May only be Spectrum KO'd by four Power Types.,Energy 3Fighting 5Strength 3Intellect 7,Normal,Uncommon,Hero,,Character
Mister Miracle - Aero Disks,MisterMiracleAeroDisks-JLAOP_cb20201203205142.jpg,https://cardguide.fandom.com/wiki/Mister_Miracle_-_Aero_Disks_(JLAOP),Mister Miracle,BS,,"For remainder of battle, If Mister Miracle can block a Power card attack with an equal value Power card, Mister Miracle's Power card hits attacker. One per Dec",Cost/Effect: -,Normal,Very Rare,Hero,,Special
Mister Miracle - Mother Box,MisterMiracleMotherBox-JLAOP_cb20201203205953.jpg,https://cardguide.fandom.com/wiki/Mister_Miracle_-_Mother_Box_(JLAOP),Mister Miracle,JJ,,Discard 1 Power card usable by Mister Miracle to remove all Hits from Mister Miracle's Permanent Record of equal or lesser value. One Per Deck,Cost/Effect: -,Normal,Very Rare,Hero,,Special
Mister Miracle - Big Barda,MisterMiracleBigBarda-JLAOP_cb20201203205527.jpg,https://cardguide.fandom.com/wiki/Mister_Miracle_-_Big_Barda_(JLAOP),"Mister Miracle, Big Barda",JC,,Acts as a level 5 Strength attack. Mister Miracle may play 1 additional Special card.,Cost/Effect: Strength 5,Normal,Uncommon,Hero,,Special
Mister Miracle - Oberon,MisterMiracleOberon-JLAOP_cb20201203210723.jpg,https://cardguide.fandom.com/wiki/Mister_Miracle_-_Oberon_(JLAOP),"Oberon (DC Comics), Mister Miracle",FA,,Mister Miracle may not attack or be attacked for remainder of battle.,Cost/Effect: -,Normal,Uncommon,Hero,,Special
Mister Miracle - Super-Escape Artist,MisterMiracleSuperEscapeArtist-JLAOP_cb20201203211103.jpg,https://cardguide.fandom.com/wiki/Mister_Miracle_-_Super-Escape_Artist_(JLAOP),Mister Miracle,AH,,No Special cards may be played against Mister Miracle for remainder of battle.,Cost/Effect: -,Normal,Common,Hero,,Special
Neron - Lord of the Underworld,NeronLordOfTheUnderworld-JLAOP_cb20201203211446.jpg,https://cardguide.fandom.com/wiki/Neron_-_Lord_of_the_Underworld_(JLAOP),Neron,CT,,All attacks made on Neron are made on Target teammate until teammate is KO'd. Teammate may defend. One Per Deck,Cost/Effect: -,Normal,Very Rare,Villain,,Special
Neron - Necromantic Blast,NeronNecromanticBlast-JLAOP_cb20201203212018.jpg,https://cardguide.fandom.com/wiki/Neron_-_Necromantic_Burst_(JLAOP),Neron,EJ,,"Acts as a level 2 Energy attack. If successful, acts as a level 8 Fighting Power card.","Cost/Effect: Energy 2, Fighting 8",Normal,Uncommon,Villain,,Special
Neron - Seduction of the Innocent,NeronSeductionOfTheInnocent-JLAOP_cb20201203212619.jpg,https://cardguide.fandom.com/wiki/Neron_-_Seduction_of_the_Innocent_(JLAOP),"Neron, Captain Marvel / Shazam!, Mary Marvel, Captain Marvel Jr. (Freddy Freeman)",IB,,"Opponent must discard all Placed Ally cards, and is -3 to Venture total.",Cost/Effect: -,Normal,Uncommon,Villain,,Special
Neron - Your Heart's Desire,NeronYourHeartsDesire-JLAOP_cb20201204182908.jpg,https://cardguide.fandom.com/wiki/Neron_-_Your_Heart%27s_Desire_(JLAOP),"unknown, Mera, Neron",HT,,"Choose 1 Special card not usable by Neron from Draw Pile and place in hand. May not be a ""One Per Deck"". May be duplicate. Reshuffle Draw Pile. One Per Deck",Cost/Effect: -,Normal,Very Rare,Villain,,Special
Neron - Your Soul Is Mine!,NeronYourSoulIsMine-JLAOP_cb20201204183750.jpg,https://cardguide.fandom.com/wiki/Neron_-_Your_Soul_is_Mine!_(JLAOP),Neron,HY,,"Acts as a level 6 Intellect attack. If successful, Target character must discard 2 cards of opponent's choice. Cards may be placed or in hand.",Cost/Effect: Intellect 6,Normal,Uncommon,Villain,,Special
Nightwing - Ties That Bind,NightwingTiesThatBind-JLAOP_cb20201204184605.jpg,https://cardguide.fandom.com/wiki/Nightwing_-_Ties_That_Bind_(JLAOP),"Batman, Nightwing",HU,,"Nightwing may Place and play Robin ""Loyal Partner"" and Batman ""The Dark Knight"" Special cards for remainder of game.",Cost/Effect: -,Normal,Rare,Hero,,Special
Nuklon & Obsidian,Nuklon_Obsidian-JLAOP_cb20210207163543.jpg,https://cardguide.fandom.com/wiki/Nuklon_%26_Obsidian_(JLAOP),"Nuklon, Hawkman, Obsidian",,,Teammate must play one Special card.,Cost/Effect: 6 Strength to useActs as 1 Strength attack,Normal,Common,"Ally, Hero",,Universe
Orion™,Orion-JLAOP_cb20200920153948.jpg,https://cardguide.fandom.com/wiki/Orion_(JLAOP),Orion,,,-,Energy 4Fighting 7Strength 7Intellect 2,Normal,Rare,Hero,,Character
Ocean Master,OceanMaster-JLAOP_cb20210205073720.jpg,https://cardguide.fandom.com/wiki/Ocean_Master_(JLAOP),"Doctor Polaris, Ocean Master",,,Teammate must play one Special card.,Cost/Effect: 5 Strength or less to useActs as 3 Strength attack,Normal,Common,"Ally, Villain",,Universe
Orion & Mister Miracle,Orion_MisterMiracle-JLAOP_cb20210129205033.jpg,https://cardguide.fandom.com/wiki/Orion_%26_Mister_Miracle_(JLAOP),"Orion (DC Comics), Mister Miracle",,,6 Strength to use acts as 4 Strength Power card. Teammate with 6 Intellect must combine with Fighting Power card level 1 through 4 for a single attack or defense.,Cost/Effect: -,Normal,Common,Double Shot,,Tactic
Neron™,Neron-JLAOP_cb20200920153729.jpg,https://cardguide.fandom.com/wiki/Neron_(JLAOP),Neron,,,-,Energy 5Fighting 2Strength 6Intellect 8,Normal,Rare,Villain,,Character
Orion - Consult the Source,OrionConsultTheSource-JLAOP_cb20201204203847.jpg,https://cardguide.fandom.com/wiki/Orion_-_Consult_the_Source_(JLAOP),"Orion (DC Comics), unknown",JF,,All Any-Power cards on Target character's Permanent Record become Intellect cards for remainder of game. One Per Deck,Cost/Effect: -,Normal,Very Rare,Hero,,Special
Orion - Source of the Beast,OrionSourceOfTheBeast-JLAOP_cb20201204204649.jpg,https://cardguide.fandom.com/wiki/Orion_-_Source_of_the_Beast_(JLAOP),Orion (DC Comics),GJ,,"Acts as a level 4 Energy, Strength, Fighting, or Intellect attack. May make 1 additional attack.",Cost/Effect: Energy/Strength/Fighting/Intellect 4,Normal,Common,Hero,,Special
Orion - Boom Tube,OrionBoomTube-JLAOP_cb20201204203544.jpg,https://cardguide.fandom.com/wiki/Orion_-_Boom_Tube_(JLAOP),"unknown, Orion (DC Comics), unknown",IF,,Play as Orion concedes battle. Orion's team may discard 3 cards to top of Draw Pile.,Cost/Effect: -,Normal,Uncommon,Hero,,Special
Orion - Astro-Glider,OrionAstroGlider-JLAOP_cb20201204202852.jpg,https://cardguide.fandom.com/wiki/Orion_-_Astro-Glider_(JLAOP),Orion (DC Comics),CC,,Acts as a level 6 Any-Power card. May be used to attack or defend. May not be combined with Universe cards.,Cost/Effect: Any-Power 6,Normal,Uncommon,Hero,,Special
Parallax™,Parallax-JLAOP_cb20200920154133.jpg,https://cardguide.fandom.com/wiki/Parallax_(JLAOP),Parallax,,,Character with Hero code -1 to attack Parallax in 1st battle.,Energy 7Fighting 6Strength 3Intellect 5,Normal,Rare,Villain,,Character
Parallax - Zero Hour,ParallaxZeroHour-JLAOP_cb20201209212115.jpg,https://cardguide.fandom.com/wiki/Parallax_-_Zero_Hour_(JLAOP),"Parallax (Hal Jordan), Wonder Woman, Nightwing, Superman, Batman",JL,,"Play during battle. At the end of the battle, all Hits from The Current Battle for all characters are discarded and not added to the Permanent Record. One Per Deck",Cost/Effect: -,Normal,Very Rare,Villain,,Special
Parallax - Heroic Redemption,ParallaxHeroicRedemption-JLAOP_cb20201204205725.jpg,https://cardguide.fandom.com/wiki/Parallax_-_Heroic_Redemption_(JLAOP),"Green Lantern (Hal Jordan), Parallax",JK,,All Hits with only Energy icons in the Permanent Record of all Front Line teammates are moved to the Permanent Record of Parallax.,Cost/Effect: -,Normal,Uncommon,Villain,,Special
Parallax - In Blackest Night,ParallaxInBlackestNight-JLAOP_cb20201209211152.jpg,https://cardguide.fandom.com/wiki/Parallax_-_In_Blackest_Night_(JLAOP),"Parallax, Green Lantern (Hal Jordan)",AM,,Parallax gains +2 to defense for remainder of battle.,Cost/Effect: -,Normal,Uncommon,Villain,,Special
Parallax - Beware My Power,ParallaxBewareMyPower-JLAOP_cb20201204205002.jpg,https://cardguide.fandom.com/wiki/Parallax_-_Beware_of_My_Power_(JLAOP),"Green Lantern (Hal Jordan), Parallax",BA,,"Acts as a level 2 Energy, Strength, Fighting, or Intellect attack. Can only be defended by a defensive Special card. One Per Deck",Cost/Effect: Energy/Strength/Fighting/Intellect 2,Normal,Very Rare,Villain,,Special
Parallax - In Brightest Day,ParallaxInBrightestDay-JLAOP_cb20201209211734.jpg,https://cardguide.fandom.com/wiki/Parallax_-_In_Brightest_Day_(JLAOP),"Green Lantern (Hal Jordan), Parallax",AA,,Acts as a level 4 Energy attack. May make 1 additional attack.,Cost/Effect: Energy 4,Normal,Common,Villain,,Special
Orion - Mother Box,OrionMotherBox-JLAOP_cb20201204204202.jpg,https://cardguide.fandom.com/wiki/Orion_-_Mother_Box_(JLAOP),Orion (DC Comics),JJ,,Discard 1 Power card usable by Orion to remove all Hits from Orion's Permanent Record of equal or lesser value. One Per Deck,Cost/Effect: -,Normal,Very Rare,Hero,,Special
Parasite - Doc Parasite,ParasiteDocParasite-JLAOP_cb20201209212706.jpg,https://cardguide.fandom.com/wiki/Parasite_-_Doc_Parasite_(JLAOP),"Parasite, Doc Parasite (Torval Freeman)",GC,,Remove 1 hit from the permanent record of The Parasite or teammate for every card in the Defeated Missions Pile. One Per Deck,Cost/Effect: -,Normal,Rare,Villain,,Special
Ra's Al Ghul - The Clench,RasAlGhulTheClench-JLAOP_cb20201211203300.jpg,https://cardguide.fandom.com/wiki/Ra%27s_Al_Ghul_-_The_Clench_(JLAOP),"Ra's Al Ghul, unknowns",DQ,,Opponent's team Hits to K.O. number is decreased by 3 points for remainder of battle. One Per Deck,Cost/Effect: -,Normal,Rare,Villain,,Special
Poison Ivy - Blowing You a Kiss,PoisonIvyBlowingYouAKiss-JLAOP_cb20201209213610.jpg,https://cardguide.fandom.com/wiki/Poison_Ivy_-_Blowing_You_a_Kiss_(JLAOP),Poison Ivy,BJ,,Poison Ivy may not be attacked for remainder of battle. One Per Deck,Cost/Effect: -,Normal,Rare,Villain,,Special
Requiem,Requiem-JLAOP_cb20210207183739.jpg,https://cardguide.fandom.com/wiki/Requiem_(JLAOP),"Requiem (Artemis of Bana-Mighdall), Wonder Woman",,,Teammate must play one Special card.,Cost/Effect: 8 Fighting to useActs as 3 Fighting attack,Normal,Common,"Ally, Hero",,Universe
Robin - Surfing the Net,RobinSurfingTheNet-JLAOP_cb20201211204029.jpg,https://cardguide.fandom.com/wiki/Robin_-_Surfing_the_Net_(JLAOP),Robin,JA,,Discard one Intellect Power card usable by Robin to draw 4 cards from top of the Draw Pile. May keep duplicates. One Per Deck,Cost/Effect: -,Normal,Rare,Hero,,Special
Steel - Night Vision Goggles,SteelNightVisionGoggles-JLAOP_cb20201211204858.jpg,https://cardguide.fandom.com/wiki/Steel_-_Nigh_Vision_Goggles_(JLAOP),"Steel, unknown",HQ,,Draw 3 cards. Discard duplicates. One Per Deck,Cost/Effect: -,Normal,Rare,Hero,,Special
Superboy - The Ravers,SuperboyTheRavers-JLAOP_cb20201211205522.jpg,https://cardguide.fandom.com/wiki/Superboy_-_The_Ravers_(JLAOP),"Half-Life, Kaliber II, Hero Cruz. Superboy, Aura (DC Comics), Sparx",FE,,"Acts as a level 3 Fighting attack, each Front Line teammate may make one additional attack.",Cost/Effect: Fighting 3,Normal,Rare,Hero,,Special
Supergirl - Girl of Steel,SupergirlGirlOfSteel-JLAOP_cb20201211210218.jpg,https://cardguide.fandom.com/wiki/Supergirl_-_Girl_of_Steel_(JLAOP),Supergirl,HR,,Acts as a level 9 Fighting or Strength attack. One Per Deck,"Cost/Effect: Fighting 9, Strength 9",Normal,Rare,Hero,,Special
Superman & Captain Atom,Superman_CaptainAtom-JLAOP_cb20210129184417.jpg,https://cardguide.fandom.com/wiki/Superman_%26_Captain_Atom_(JLAOP),"Superman, Captain Atom",,,6 Strength to use acts as 4 Strength Power card. Teammate with 6 Energy must combine with Fighting Power card level 1 through 4 for a single attack or defense.,Cost/Effect: -,Normal,Common,Double Shot,,Tactic
The Riddler - Prince of Puzzles,TheRiddlerPrinceOfPuzzles-JLAOP_cb20201211203637.jpg,https://cardguide.fandom.com/wiki/Riddler_-_Prince_of_Puzzles_(JLAOP),The Riddler,CP,,The Riddler may exchange remaining cards in hand with equal number of cards from the top of Draw Pile. May keep Duplicates. One Per Deck,Cost/Effect: -,Normal,Rare,Villain,,Special
Superman - The Man Beyond Tomorrow,SupermanTHeManBeyondTomorrow-JLAOP_cb20201211210519.jpg,https://cardguide.fandom.com/wiki/Superman_-_The_Man_Beyond_Tomorrow_(JLAOP),Superman,HN,,Acts as a level Any-Power attack. Does not count toward Spectrum KO. One Per Deck,Cost/Effect: Any-Power 11,Normal,Rare,Hero,,Special
Superman & The Ray,Superman_TheRay-JLAOP_cb20210129204034.jpg,https://cardguide.fandom.com/wiki/Superman_%26_The_Ray_(JLAOP),"Superman, The Ray",,,6 Strength to use acts as 4 Strength Power card. Teammate with 6 Energy must combine with Intellect Power card level 1 through 4 for a single attack or defense.,Cost/Effect: -,Normal,Common,Double Shot,,Tactic
The Brave And The Bold - Justice League Case File: Aquaman vs. Deep Six,TheBraveAndTheBold1E-JLAOP_cb20210216191834.jpg,https://cardguide.fandom.com/wiki/The_Brave_and_the_Bold_-_Justice_League_Case_File:_Aquaman_vs._Deep_Six_(JLAOP),"Jaffar, Aquaman, Pyron, Slig",,"Far undersea, the mighty Aquaman is the Deep Six's prey. Even the oceans are not safe from the menace of Darkseid!",All inherent abilities that have a + to defense receive an additional +1 this battle.,,Normal,Common,,,Event
Shadow-Thief (sic),ShadowThief-JLAOP_cb20210129210556.jpg,https://cardguide.fandom.com/wiki/Shadow-Thief_(JLAOP),"Lex Luthor, Shadow-Thief",,,Teammate must play one Special card.,Cost/Effect: 5 Fighting to useActs as 3 Fighting attack,Normal,Common,"Ally, Villain",,Universe
The Brave And The Bold - Justice League Case File: Darkseid's Elite,TheBraveAndTheBold4E-JLAOP_cb20210216193739.jpg,https://cardguide.fandom.com/wiki/The_Brave_and_the_Bold_-_Justice_League_Case_File:_Darkseid%27s_Elite_(JLAOP),"Kanto, Glorious Godfrey, Amazing Grace, unknowns",,"In Gotham City, the vanguard of Darkseid's invasion force- his lethal Elite- arrives via Boom Tube. Their assignment: kill those heroes remaining on Earth, eliminating all obstacles to their evil master's plans!",All inherent abilities that have a + to attack receive an additional +1 this battle.,,Normal,Common,,,Event
The Brave and the Bold #2,TheBraveAndTheBold2-JLAOP_cb20210216190022.jpg,"https://cardguide.fandom.com/wiki/The_Brave_and_the_Bold_2_-_%22Superman,_The_Flash,_Green_Lantern,_Wonder_Woman%22_(JLAOP)","Green Lantern, Flash, Superman, Wonder Woman",,,,,Normal,Common,,,Mission
The Brave and the Bold #1,TheBraveAndTheBold1-JLAOP_cb20210216190107.jpg,https://cardguide.fandom.com/wiki/The_Brave_and_the_Bold_1_-_%22Darkseid%22_(JLAOP),Darkseid,,,,,Normal,Common,,,Mission
"The Brave And The Bold - Justice League Case File: Green Arrow, Black Canary, Amazing Grace",TheBraveAndTheBold5E-JLAOP_cb20210216194321.jpg,"https://cardguide.fandom.com/wiki/The_Brave_and_the_Bold_-_Justice_League_Case_File:_Green_Arrow,_Black_Canary,_Amazing_Grace_(JLAOP)","Green Arrow, Amazing Grace, Black Canary",,"Lovely as she is evil, Amazing Grace hunts Earth's female heroes, starting with Black Canary. But even Green Arrow's help may not be enough to defeat Apokolips' femme fatale...",Move the reserve character to the front line this battle. Return that character to reserve at the end of the battle.,,Normal,Common,,,Event
The Brave and the Bold #3,TheBraveAndTheBold3-JLAOP_cb20210216190303.jpg,"https://cardguide.fandom.com/wiki/The_Brave_and_the_Bold_3_-_%22The_Flash,_Green_Lantern,_Hawkman%22_(JLAOP)","Green Lantern, Hawkman, The Flash",,,,,Normal,Common,,,Mission
The Brave and the Bold #4,TheBraveAndTheBold4-JLAOP_cb20210216191050.jpg,"https://cardguide.fandom.com/wiki/The_Brave_and_the_Bold_5_-_%22Captain_Marvel,_Mister_Oracle,_Orion%22_(JLAOP)","Captain Marvel/Shazam!, Mister Oracle, Orion",,,,,Normal,Common,,,Mission
The Brave and the Bold #4,TheBraveAndTheBold4-JLAOP_cb20210216191050.jpg,"https://cardguide.fandom.com/wiki/The_Brave_and_the_Bold_4_-_%22Captain_Atom,_Wonder_Woman,_Female_Furies%22_(JLAOP)","Captain Atom, Wonder Woman, unknowns",,,,,Normal,Common,,,Mission
The Brave And The Bold - Justice League Case File: Batman vs. Kanto,TheBraveAndTheBold2E-JLAOP_cb20210216192603.jpg,https://cardguide.fandom.com/wiki/The_Brave_and_the_Bold_-_Justice_League_Case_File:_Batman_vs._Kanto_(JLAOP),"Kanto, Batman",,"Gotham City's back streets witness an epic battle as Kanto, the cunning and treacherous leader of Darkseid's vanguard, clashes with the Darknight Detective: Batman!",One front line character of your choice is immediately KO'd. Reserve character immediately moves into play. Card is discarded if it will end game.,,Normal,Common,,,Event
The Brave and the Bold #6,TheBraveAndTheBold6-JLAOP_cb20210216191229.jpg,https://cardguide.fandom.com/wiki/The_Brave_and_the_Bold_6_-_%22Martian_Manhunter_%26_Kalibak%22_(JLAOP),"Martian Manhunter, Kalibak",,,,,Normal,Common,,,Mission
The Brave and the Bold #7,TheBraveAndTheBold7-JLAOP_cb20210216191358.jpg,"https://cardguide.fandom.com/wiki/The_Brave_and_the_Bold_7_-_%22Superman,_Orion,_Mister_Miracle%22_(JLAOP)","Orion, Superman, Mister Miracle",,,,,Normal,Common,,,Mission
The Eradicator - A Lasting Impression,TheEradicatorALastingImpression-JLAOP_cb20201212204527.jpg,https://cardguide.fandom.com/wiki/The_Eradicator_-_A_Lasting_Impression_(JLAOP),The Eradicator,CL,,Play in current battle. The Eradicator may play any KO'd teammate's Specials in next battle.,Cost/Effect: -,Normal,Rare,Hero,,Special
The Flash™,TheFlash-JLAOP_cb20200920154709.jpg,https://cardguide.fandom.com/wiki/The_Flash_(JLAOP),The Flash,,,"May play ""Reap the Whirlwind"" from Reserve.",Energy 6Fighting 6Strength 4Intellect 3,Normal,Common,Hero,,Character
The Flash & Superman,TheFlash_Superman-JLAOP_cb20210129204621.jpg,https://cardguide.fandom.com/wiki/The_Flash_%26_Superman_(JLAOP),"The Flash, Superman",,,6 Strength to use acts as 4 Strength Power card. Teammate with 6 Fighting must combine with Energy Power card level 1 through 4 for a single attack or defense.,Cost/Effect: -,Normal,Common,Double Shot,,Tactic
The Flash - Reap the Whirlwind,TheFlashReapTheWhirlwind-JLAOP_cb20201212205611.jpg,https://cardguide.fandom.com/wiki/The_Flash_-_Reap_the_Whirlwind_(JLAOP),The Flash,AI,,Opponent must discard 1 Placed card of Flash's choice.,Cost/Effect: -,Normal,Uncommon,Hero,,Special
The Flash - 1-2 (Thousand) Punch,TheFlash12ThousandPunch-JLAOP_cb20201212204932.jpg,https://cardguide.fandom.com/wiki/The_Flash_-_1-2_(Thousand)_Punch_(JLAOP),"The Flash, Metallo",DG,,Acts as a level 2 Strength attack. May make 2 additional attacks.,Cost/Effect: Strength 2,Normal,Common,Hero,,Special
The Brave And The Bold - Justice League Case File: Blue Beetle vs Glorious Godfrey,TheBraveAndTheBold3E-JLAOP_cb20210216193205.jpg,https://cardguide.fandom.com/wiki/The_Brave_and_the_Bold_-_Justice_League_Case_File:_Blue_Beetle_vs._Glorious_Godfrey_(JLAOP),"Glorious Godfrey, Blue Beetle, unknowns",,"Thirsting for revenge, Glorious Godfrey uses his hypnotic voice to make crowds attack the Blue Beetle. Beetle helped foil Godfrey's schemes in years past- but can he triumph now?",Choose one of opponent's front line characters. All attacks against chosen character are at +1 this battle.,,Normal,Common,,,Event
The Flash - The Fastest Man Alive,TheFlashTheFastestManAlive-JLAOP_cb20201212205354.jpg,https://cardguide.fandom.com/wiki/The_Flash_-_Fastest_Man_Alive_(JLAOP),The Flash,AG,,Avoid 1 attack.,Cost/Effect: -,Normal,Uncommon,Hero,,Special
The Flash - Speed-Lending,TheFlashSpeedLending-JLAOP_cb20201212205824.jpg,https://cardguide.fandom.com/wiki/The_Flash_-_Speed-Lending_(JLAOP),The Flash,AR,,Acts as a level 7 Strength attack.,Cost/Effect: Strength 7,Normal,Uncommon,Hero,,Special
The Flash - Tapping the Speed Force,TheFlashTappingTheSpeedForce-JLAOP_cb20201212210831.jpg,https://cardguide.fandom.com/wiki/The_Flash_-_Tapping_the_Speed_Force_(JLAOP),Reverse-Flash,JA,,Discard one Energy Power card usable by The Flash to draw 4 cards from top of the Draw Pile. May keep duplicates. One Per Deck,Cost/Effect: -,Normal,Very Rare,Hero,,Special
The Joker - Keys to the Kingdom,TheJokerKeysToTheKingdom-JLAOP_cb20201212211047.jpg,https://cardguide.fandom.com/wiki/The_Joker_-_Keys_to_the_Kingdom_(JLAOP),"The Joker, unknown",AD,,The Joker may avoid any numerical attack.,Cost/Effect: -,Normal,Rare,Villain,,Special
The Penguin - Gotham's Emperor Penguin,ThePenguinGothamsEmperorPenguin-JLAOP_cb20201212211324.jpg,https://cardguide.fandom.com/wiki/The_Penguin_-_Gotham%27s_Emperor_Penguin_(JLAOP),The Penguin,AS,,"Acts as a level 11 Intellect attack, The Penguin may not attack for remainder of battle. One Per Deck",Cost/Effect: Intellect 11,Normal,Rare,Villain,,Special
The Ray - Blinded by the Light,TheRayBlindedByTheLight-JLAOP_cb20201212211822.jpg,https://cardguide.fandom.com/wiki/The_Ray_-_Blinded_by_the_Light_(JLAOP),The Ray,BK,,The Ray plays numerical attacks face down for remainder of battle. Opponent must guess defense. One Per Deck,Cost/Effect: -,Normal,Very Rare,Hero,,Special
The Ray - Energy Shield,TheRayEnergyShield-JLAOP_cb20201212212136.jpg,https://cardguide.fandom.com/wiki/The_Ray_-_Energy_Shield_(JLAOP),"The Ray, unknown",AH,,Avoid 1 attack with an Energy icon. No Energy Power cards may be played against The Ray for remainder of battle.,Cost/Effect: -,Normal,Uncommon,Hero,,Special
The Ray - In a Blaze of Power,TheRayInABlazeOfPower-JLAOP_cb20201212212348.jpg,https://cardguide.fandom.com/wiki/The_Ray_-_In_a_Blaze_of_Power_(JLAOP),The Ray,AS,,Acts as a level 9 Energy or Fighting attack. One Per Deck,"Cost/Effect: Energy 9, Fighting 9",Normal,Very Rare,Hero,,Special
The Ray - Light Constructs,TheRayLightConstructs-JLAOP_cb20201212212601.jpg,https://cardguide.fandom.com/wiki/The_Ray_-_Light_Constructs_(JLAOP),"The Ray, unknown",HQ,,Draw 3 cards. Discard duplicates.,Cost/Effect: -,Normal,Uncommon,Hero,,Special
The Ray - Speed of Light,TheRaySpeedOfLight-JLAOP_cb20201212212830.jpg,https://cardguide.fandom.com/wiki/The_Ray_-_Speed_of_Light_(JLAOP),The Ray,AD,,The Ray may avoid any numerical attack.,Cost/Effect: -,Normal,Common,Hero,,Special
The Ray™,TheRay-JLAOP_cb20200920154958.jpg,https://cardguide.fandom.com/wiki/The_Ray_(JLAOP),The Ray,,,-,Energy 8Fighting 4Strength 4Intellect 2,Normal,Rare,Hero,,Character
The Trickster - Bait and Switch,TheTricksterBaitAndSwitch-JLAOP_cb20201212213322.jpg,https://cardguide.fandom.com/wiki/The_Trickster_-_Bait_and_Switch_(JLAOP),"The Trickster, 2 unknowns",JK,,All Hits with only Intellect icons in the Permanent Record of all Front Line characters are moved to the Permanent Record of one of Trickster's teammates.,Cost/Effect: -,Normal,Uncommon,-,,Special
The Trickster - Don't Mind Me...,TheTricksterDontMindMe-JLAOP_cb20201212214117.jpg,https://cardguide.fandom.com/wiki/The_Trickster_-_Don%27t_Mind_Me..._(JLAOP),"The Trickster, unknown",AA,,Acts as a level 4 Intellect attack. May make 1 additional attack.,Cost/Effect: Intellect 4,Normal,Common,-,,Special
The Trickster - Smooth Talker,TheTricksterSmoothTalker-JLAOP_cb20201212214340.jpg,https://cardguide.fandom.com/wiki/The_Trickster_-_Smooth_Talker_(JLAOP),"The Trickster, unknown",JM,,The Trickster may move 1 Mission Card from the Defeated Missions Pile to the Reserve Missions Pile. One Per Deck,Cost/Effect: -,Normal,Very Rare,-,,Special
The Trickster - Clean Getaway,TheTricksterCleanGetaway-JLAOP_cb20201212213913.jpg,https://cardguide.fandom.com/wiki/The_Trickster_-_Clean_Getaway_(JLAOP),"The Trickster, unknown, Harvey Bullock",AG,,Avoid 1 attack.,Cost/Effect: -,Normal,Uncommon,-,,Special
The Trickster - The Shell Game,TheTricksterTheShellGame-JLAOP_cb20201212214629.jpg,https://cardguide.fandom.com/wiki/The_Trickster_-_The_Shell_Game_(JLAOP),"The Trickster, 5 unknowns",FB,,"Target character must choose 1 card from The Trickster's hand. If card is an attack, Target is Hit. If not, chosen card is discarded to the Power Pack. One Per Deck",Cost/Effect: -,Normal,Very Rare,-,,Special
Thorn - Tell Me What You Know,ThornTellMeWhatYouKnow-JLAOP_cb20201212213048.jpg,https://cardguide.fandom.com/wiki/Thorn_-_Tell_Me_What_You_Know_(JLAOP),"unknown, Thorn",BZ,,Opponent must reveal hand and play open handed for remainder of battle. One Per Deck,Cost/Effect: -,Normal,Rare,Hero,,Special
The Trickster & Neron,TheTrickster_Neron-JLAOP_cb20210129182101.jpg,https://cardguide.fandom.com/wiki/The_Trickster_%26_Neron_(JLAOP),"The Trickster, Neron, unknown",,,6 Intellect to use acts as 4 Intellect Power card. Teammate with 6 Energy must combine with Strength Power card level 1 through 4 for a single attack or defense.,Cost/Effect: -,Normal,Common,Double Shot,,Tactic
The Trickster™,TheTrickster-JLAOP_cb20200920155443.jpg,https://cardguide.fandom.com/wiki/The_Trickster_(JLAOP),The Trickster,,,-,Energy 6Fighting 5Strength 1Intellect 7,Normal,Rare,-,,Character
Two-Face - Law and Disorder,TwoFaceLawAndDisorder-JLAOP_cb20201212214947.jpg,https://cardguide.fandom.com/wiki/Two-Face_-_Law_and_Disorder_(JLAOP),Two-Face,BQ,,"On his turn, Two-Face may exchange this card for any 1 card in Dead Pile and play it immediately. One Per Deck",Cost/Effect: -,Normal,Very Rare,Villain,,Special
Wonder Woman™,WonderWoman-JLAOP_cb20200920160119.jpg,https://cardguide.fandom.com/wiki/Wonder_Woman_(JLAOP),Wonder Woman,,,-,Energy 1Fighting 8Strength 6Intellect 5,Normal,Rare,Hero,,Character
Wonder Woman & Batman,WonderWoman_Batman-JLAOP_cb20210129182738.jpg,https://cardguide.fandom.com/wiki/Wonder_Woman_%26_Batman_(JLAOP),"Wonder Woman, Batman, unknown",,,6 Intellect to use acts as 4 Intellect Power card. Teammate with 6 Fighting must combine with Strength Power card level 1 through 4 for a single attack or defense.,Cost/Effect: -,Normal,Common,Double Shot,,Tactic
Wonder Woman - Amazon Might,WonderWomanAmazonMight-JLAOP_cb20201212215205.jpg,https://cardguide.fandom.com/wiki/Wonder_Woman_-_Amazon_Might_(JLAOP),Wonder Woman,JN,,"Acts as a level 1 Strength attack, +1 for each card in Wonder Woman's hand. If succesful, acts as a level 5 Energy or Intellect Power card. One Per Deck","Cost/Effect: Strength 1, Energy 5, Intellect 5",Normal,Very Rare,Hero,,Special
Wonder Woman - Gift of Flight,WonderWomanGiftOfFlight-JLAOP_cb20201212220028.jpg,https://cardguide.fandom.com/wiki/Wonder_Woman_-_Gift_of_Flight_(JLAOP),"Wonder Woman, unknown",AG,,Teammate may avoid 1 attack of 9 or less.,Cost/Effect: -,Normal,Common,Hero,,Special
Wonder Woman - Blessed by the Gods,WonderWomanBlessedByTheGods-JLAOP_cb20201212215503.jpg,https://cardguide.fandom.com/wiki/Wonder_Woman_-_Blessed_by_the_Gods_(JLAOP),"Wonder Woman, 9 unknowns",BG,,"On her turn, Wonder Woman may exchange this card for any 1 card in Dead Pile and play it immediately. One Per Deck",Cost/Effect: -,Normal,Very Rare,Hero,,Special
Wonder Woman - Lasso of Truth,WonderWomanLassoOfTruth-JLAOP_cb20201217184653.jpg,https://cardguide.fandom.com/wiki/Wonder_Woman_-_Lasso_of_Truth_(JLAOP),"2 unknowns, Wonder Woman",BZ,,Opponent must reveal hand and play open handed for remainder of battle. One Per Deck,Cost/Effect: -,Normal,Very Rare,Hero,,Special
Wonder Woman - Bullets & Bracelets,WonderWomanBullets_Bracelets-JLAOP_cb20201212215748.jpg,https://cardguide.fandom.com/wiki/Wonder_Woman_-_Bullets_%26_Bracelets_(JLAOP),Wonder Woman,AD,,Wonder Woman may avoid any numerical attack.,Cost/Effect: -,Normal,Common,Hero,,Special
Zauriel,Zauriel-JLAOP_cb20210207162444.jpg,https://cardguide.fandom.com/wiki/Zauriel_(JLAOP),"Zauriel, Martian Manhunter",,,Teammate must play one Special card.,Cost/Effect: 6 Energy to useActs as 1 Energy attack,Normal,Common,"Ally, Hero",,Universe
